listing_id,date,vacant_days,reserved_days,occupancy,revenue,rate_avg,booked_rate_avg,booking_lead_time_avg,length_of_stay_avg,min_nights_avg,native_booked_rate_avg,native_rate_avg,native_revenue,min_nights,min_nights_airroi,segment,occ_clipped,ln_occ,ln_rate,month
253800,2025-08-01,26,5,0.161,1960.0,396.2,392.0,5.0,7.0,1.0,392.0,396.0,1960.0,1.0,1.0,short_stay,0.161,-1.8263509139976741,5.971261839790462,2025-08
253800,2025-09-01,16,14,0.467,6123.0,446.6,437.4,24.0,6.0,1.0,437.0,447.0,6123.0,1.0,1.0,short_stay,0.467,-0.7614260213132397,6.080848108242668,2025-09
253800,2025-10-01,25,6,0.194,3066.0,465.5,511.0,85.0,3.0,1.0,511.0,466.0,3066.0,1.0,1.0,short_stay,0.194,-1.6398971199188088,6.236369590203704,2025-10
253800,2025-11-01,29,1,0.033,487.0,433.5,487.0,11.0,1.0,1.0,487.0,434.0,487.0,1.0,1.0,short_stay,0.033,-3.4112477175156566,6.18826412308259,2025-11
253800,2026-04-01,26,4,0.133,1535.0,393.0,383.8,34.0,4.0,1.0,384.0,393.0,1535.0,1.0,1.0,short_stay,0.133,-2.017406150760383,5.950121583573599,2026-04
253800,2026-05-01,28,3,0.097,1406.0,473.8,468.7,25.0,3.0,1.0,469.0,474.0,1406.0,1.0,1.0,short_stay,0.097,-2.333044300478754,6.14996290492866,2026-05
253800,2026-06-01,26,4,0.133,2680.0,564.4,670.0,18.0,2.0,1.0,670.0,564.0,2680.0,1.0,1.0,short_stay,0.133,-2.017406150760383,6.507277712385012,2026-06
136493,2025-07-01,11,20,0.645,5711.0,285.3,285.6,79.0,6.0,4.0,286.0,285.0,5711.0,3.0,663384.0,short_stay,0.645,-0.43850496218636453,5.654592230465429,2025-07
136493,2025-08-01,10,21,0.677,5895.0,281.7,280.7,72.0,7.0,3.0,281.0,282.0,5895.0,3.0,663384.0,short_stay,0.677,-0.390084006069862,5.637286483367837,2025-08
136493,2025-11-01,26,4,0.133,1170.0,285.2,292.5,14.0,4.0,3.0,293.0,285.0,1170.0,3.0,663384.0,short_stay,0.133,-2.017406150760383,5.678464666671911,2025-11
1278784,2025-07-01,7,24,0.774,2173.0,90.6,90.5,1.0,24.0,30.0,91.0,91.0,2173.0,30.0,30.0,monthly,0.774,-0.2561834053924099,4.505349850705881,2025-07
1278784,2025-08-01,27,4,0.129,306.0,78.8,76.5,187.0,45.0,30.0,77.0,79.0,306.0,30.0,30.0,monthly,0.129,-2.047942874620465,4.33729074083249,2025-08
1278784,2025-09-01,0,30,1.0,2249.0,75.0,75.0,,,30.0,75.0,75.0,2249.0,30.0,30.0,monthly,1.0,0.0,4.31748811353631,2025-09
1278784,2025-10-01,16,15,0.484,1001.0,60.5,66.7,1.0,20.0,30.0,67.0,61.0,1001.0,30.0,30.0,monthly,0.484,-0.7256703722655053,4.200204952921578,2025-10
1278784,2025-11-01,10,20,0.667,1253.0,61.8,62.6,1.0,33.0,30.0,63.0,62.0,1253.0,30.0,30.0,monthly,0.667,-0.4049652330665133,4.136765278106052,2025-11
1278784,2025-12-01,2,29,0.935,1635.0,56.2,56.4,,,30.0,56.0,56.0,1635.0,30.0,30.0,monthly,0.935,-0.06720874969344999,4.032469158504013,2025-12
1278784,2026-01-01,9,22,0.71,1343.0,60.6,61.0,45.0,30.0,30.0,61.0,61.0,1343.0,30.0,30.0,monthly,0.71,-0.342490308946776,4.110873864173311,2026-01
1278784,2026-02-01,17,11,0.393,631.0,57.2,57.4,4.0,3.0,30.0,57.0,57.0,631.0,30.0,30.0,monthly,0.393,-0.9339456671128757,4.050044303325521,2026-02
1278784,2026-04-01,10,20,0.667,1298.0,63.0,64.9,25.0,24.0,30.0,65.0,63.0,1298.0,30.0,30.0,monthly,0.667,-0.4049652330665133,4.1728476237100445,2026-04
1278784,2026-05-01,2,29,0.935,1945.0,67.0,67.1,108.0,25.0,30.0,67.0,67.0,1945.0,30.0,30.0,monthly,0.935,-0.06720874969344999,4.206184043977636,2026-05
1278784,2026-06-01,1,29,0.967,1978.0,68.3,68.2,58.0,48.0,30.0,68.0,68.0,1978.0,30.0,30.0,monthly,0.967,-0.033556783528842754,4.222444564849416,2026-06
33009,2025-08-01,28,3,0.097,605.0,200.0,201.7,54.0,1.0,30.0,202.0,200.0,605.0,30.0,,monthly,0.097,-2.333044300478754,5.3067814449601665,2025-08
33009,2025-09-01,28,2,0.067,342.0,178.7,171.0,80.0,1.0,30.0,171.0,179.0,342.0,30.0,,monthly,0.067,-2.703062659591171,5.14166355650266,2025-09
33009,2025-10-01,10,21,0.677,3385.0,165.0,161.2,14.0,44.0,30.0,161.0,165.0,3385.0,30.0,,monthly,0.677,-0.390084006069862,5.0826458300725275,2025-10
33009,2025-11-01,3,27,0.9,4509.0,166.0,167.0,1.0,34.0,30.0,167.0,166.0,4509.0,30.0,,monthly,0.9,-0.10536051565782628,5.117993812416755,2025-11
33009,2025-12-01,1,30,0.968,4981.0,167.1,166.0,,,30.0,166.0,167.0,4981.0,30.0,,monthly,0.968,-0.03252319170556006,5.111987788356544,2025-12
33009,2026-01-01,29,2,0.065,331.0,175.3,165.5,1.0,2.0,30.0,166.0,175.0,331.0,30.0,,monthly,0.065,-2.7333680090865,5.1089711948171175,2026-01
417685,2025-07-01,0,31,1.0,4682.0,151.0,151.0,104.0,30.0,30.0,151.0,151.0,4682.0,30.0,-73.9778,monthly,1.0,0.0,5.017279836814924,2025-07
417685,2025-08-01,1,30,0.968,4622.0,154.0,154.1,93.0,15.0,30.0,154.0,154.0,4622.0,30.0,-73.9778,monthly,0.968,-0.03252319170556006,5.03760174232607,2025-08
417685,2025-09-01,0,30,1.0,4549.0,151.6,151.6,30.0,15.0,30.0,152.0,152.0,4549.0,30.0,-73.9778,monthly,1.0,0.0,5.021245473208271,2025-09
417685,2025-10-01,12,19,0.613,2996.0,156.4,157.7,144.0,9.0,30.0,158.0,156.0,2996.0,30.0,-73.9778,monthly,0.613,-0.48939034304592566,5.060694493968993,2025-10
417685,2025-11-01,16,14,0.467,2197.0,158.1,156.9,,,30.0,157.0,158.0,2197.0,30.0,-73.9778,monthly,0.467,-0.7614260213132397,5.055608659738987,2025-11
417685,2025-12-01,30,1,0.032,139.0,149.4,139.0,14.0,1.0,30.0,139.0,149.0,139.0,30.0,-73.9778,monthly,0.032,-3.4420193761824103,4.9344739331306915,2025-12
417685,2026-01-01,30,1,0.032,142.0,143.2,142.0,23.0,1.0,30.0,142.0,143.0,142.0,30.0,-73.9778,monthly,0.032,-3.4420193761824103,4.955827057601261,2026-01
417685,2026-02-01,0,28,1.0,4398.0,157.1,157.1,28.0,31.0,30.0,157.0,157.0,4398.0,30.0,-73.9778,monthly,1.0,0.0,5.056882545261575,2026-02
417685,2026-03-01,10,21,0.677,3423.0,162.9,163.0,28.0,24.0,30.0,163.0,163.0,3423.0,30.0,-73.9778,monthly,0.677,-0.390084006069862,5.093750200806762,2026-03
417685,2026-04-01,0,30,1.0,4570.0,152.3,152.3,,,30.0,152.0,152.0,4570.0,30.0,-73.9778,monthly,1.0,0.0,5.025852259901116,2026-04
417685,2026-05-01,22,9,0.29,1451.0,160.8,161.2,54.0,5.0,30.0,161.0,161.0,1451.0,30.0,-73.9778,monthly,0.29,-1.2378743560016174,5.0826458300725275,2026-05
417685,2026-06-01,28,2,0.067,313.0,159.8,156.5,195.0,30.0,30.0,157.0,160.0,313.0,30.0,-73.9778,monthly,0.067,-2.703062659591171,5.0530560099802075,2026-06
26785,2025-08-01,5,26,0.839,2341.0,90.2,90.0,50.0,45.0,30.0,90.0,90.0,2341.0,30.0,,monthly,0.839,-0.1755445725149309,4.499809670330265,2025-08
26785,2025-09-01,11,19,0.633,1644.0,86.5,86.5,,,30.0,87.0,87.0,1644.0,30.0,,monthly,0.633,-0.45728485683796083,4.460144413937834,2025-09
26785,2025-10-01,11,20,0.645,1761.0,87.7,88.0,106.0,20.0,30.0,88.0,88.0,1761.0,30.0,,monthly,0.645,-0.43850496218636453,4.477336814478207,2025-10
26785,2026-06-01,24,6,0.2,505.0,84.7,84.2,1.0,6.0,30.0,84.0,85.0,505.0,30.0,,monthly,0.2,-1.6094379124341003,4.4331949212482815,2026-06
213330,2025-07-01,11,20,0.645,4703.0,233.6,235.2,92.0,3.0,5.0,235.0,234.0,4703.0,4.0,,short_stay,0.645,-0.43850496218636453,5.460436216024472,2025-07
213330,2025-08-01,7,24,0.774,5602.0,233.5,233.4,26.0,8.0,5.0,233.0,234.0,5602.0,4.0,,short_stay,0.774,-0.2561834053924099,5.452753719852455,2025-08
213330,2025-09-01,6,24,0.8,5779.0,239.9,240.8,121.0,3.0,4.0,241.0,240.0,5779.0,4.0,,short_stay,0.8,-0.2231435513142097,5.483966713434666,2025-09
213330,2025-10-01,2,29,0.935,6975.0,239.5,240.5,186.0,5.0,4.0,241.0,240.0,6975.0,4.0,,short_stay,0.935,-0.06720874969344999,5.482720089545816,2025-10
213330,2025-11-01,17,13,0.433,3137.0,240.9,241.3,34.0,4.0,4.0,241.0,241.0,3137.0,4.0,,short_stay,0.433,-0.8370175509796473,5.4860409726309864,2025-11
213330,2025-12-01,7,24,0.774,5651.0,234.9,235.5,195.0,4.0,4.0,236.0,235.0,5651.0,4.0,,short_stay,0.774,-0.2561834053924099,5.461710913456472,2025-12
213330,2026-01-01,20,11,0.355,2443.0,221.9,222.1,1.0,10.0,5.0,222.0,222.0,2443.0,4.0,,short_stay,0.355,-1.0356374895067213,5.403127730900382,2026-01
213330,2026-02-01,21,7,0.25,1641.0,229.1,234.4,1.0,17.0,5.0,234.0,229.0,1641.0,4.0,,short_stay,0.25,-1.3862943611198906,5.457029057702858,2026-02
213330,2026-03-01,3,28,0.903,6766.0,244.0,241.6,,,5.0,242.0,244.0,6766.0,4.0,,short_stay,0.903,-0.10203272556515161,5.48728346606066,2026-03
213330,2026-04-01,17,13,0.433,3394.0,262.3,261.1,49.0,6.0,4.0,261.0,262.0,3394.0,4.0,,short_stay,0.433,-0.8370175509796473,5.5649034757050835,2026-04
213330,2026-05-01,2,29,0.935,7532.0,260.7,259.7,102.0,7.0,4.0,260.0,261.0,7532.0,4.0,,short_stay,0.935,-0.06720874969344999,5.5595271186687025,2026-05
213330,2026-06-01,6,24,0.8,6459.0,269.1,269.1,142.0,6.0,4.0,269.0,269.0,6459.0,4.0,,short_stay,0.8,-0.2231435513142097,5.59508305773286,2026-06
1117706,2025-07-01,3,28,0.903,4452.0,158.4,159.0,,,30.0,159.0,158.0,4452.0,30.0,30.0,monthly,0.903,-0.10203272556515161,5.0689042022202315,2025-07
1117706,2025-08-01,13,18,0.581,2780.0,153.6,154.4,33.0,10.0,30.0,154.0,154.0,2780.0,30.0,30.0,monthly,0.581,-0.5430045221302259,5.039546637590676,2025-08
1117706,2025-09-01,0,30,1.0,4600.0,153.3,153.3,91.0,34.0,30.0,153.0,153.0,4600.0,30.0,30.0,monthly,1.0,0.0,5.0323967858777685,2025-09
1117706,2025-10-01,15,16,0.516,2437.0,154.5,152.3,103.0,34.0,30.0,152.0,155.0,2437.0,30.0,30.0,monthly,0.516,-0.6616485135005743,5.025852259901116,2025-10
1117706,2025-11-01,3,27,0.9,4049.0,148.8,150.0,17.0,20.0,30.0,150.0,149.0,4049.0,30.0,30.0,monthly,0.9,-0.10536051565782628,5.0106352940962555,2025-11
1117706,2025-12-01,0,31,1.0,4745.0,153.1,153.1,,,30.0,153.0,153.0,4745.0,30.0,30.0,monthly,1.0,0.0,5.031091302663638,2025-12
1117706,2026-01-01,0,31,1.0,4877.0,157.3,157.3,27.0,17.0,30.0,157.0,157.0,4877.0,30.0,30.0,monthly,1.0,0.0,5.058154810064233,2026-01
1117706,2026-02-01,6,22,0.786,3243.0,147.6,147.4,22.0,10.0,30.0,147.0,148.0,3243.0,30.0,30.0,monthly,0.786,-0.24079848655293046,4.993149979755236,2026-02
1117706,2026-03-01,1,30,0.968,4617.0,154.2,153.9,1.0,1.0,30.0,154.0,154.0,4617.0,30.0,30.0,monthly,0.968,-0.03252319170556006,5.0363030408448335,2026-03
1117706,2026-04-01,6,24,0.8,3613.0,151.5,150.5,101.0,12.0,30.0,151.0,152.0,3613.0,30.0,30.0,monthly,0.8,-0.2231435513142097,5.01396308418893,2026-04
7097,2025-07-01,0,31,1.0,7128.0,229.9,229.9,166.0,7.0,2.0,230.0,230.0,7128.0,30.0,7.0,monthly,1.0,0.0,5.437644431769136,2025-07
7097,2025-08-01,3,28,0.903,6558.0,233.8,234.2,72.0,2.0,2.0,234.0,234.0,6558.0,30.0,7.0,monthly,0.903,-0.10203272556515161,5.456175451163617,2025-08
7097,2025-09-01,11,19,0.633,4566.0,234.2,240.3,51.0,3.0,2.0,240.0,234.0,4566.0,30.0,7.0,monthly,0.633,-0.45728485683796083,5.481888142742423,2025-09
69894,2025-07-01,20,11,0.355,1750.0,164.5,159.1,,,30.0,159.0,165.0,1750.0,30.0,30.0,monthly,0.355,-1.0356374895067213,5.069532935343741,2025-07
69894,2025-08-01,30,1,0.032,154.0,158.7,154.0,34.0,1.0,30.0,154.0,159.0,154.0,30.0,30.0,monthly,0.032,-3.4420193761824103,5.0369526024136295,2025-08
69894,2025-09-01,28,2,0.067,312.0,156.4,156.0,173.0,1.0,30.0,156.0,156.0,312.0,30.0,30.0,monthly,0.067,-2.703062659591171,5.049856007249537,2025-09
69894,2025-10-01,30,1,0.032,156.0,157.3,156.0,219.0,1.0,30.0,156.0,157.0,156.0,30.0,30.0,monthly,0.032,-3.4420193761824103,5.049856007249537,2025-10
69894,2025-11-01,28,2,0.067,314.0,155.8,157.0,246.0,1.0,30.0,157.0,156.0,314.0,30.0,30.0,monthly,0.067,-2.703062659591171,5.056245805348308,2025-11
69894,2025-12-01,30,1,0.032,144.0,147.7,144.0,192.0,1.0,30.0,144.0,148.0,144.0,30.0,30.0,monthly,0.032,-3.4420193761824103,4.969813299576001,2025-12
69894,2026-01-01,29,2,0.065,257.0,128.3,128.5,220.0,1.0,30.0,129.0,128.0,257.0,30.0,30.0,monthly,0.065,-2.7333680090865,4.855928904335275,2026-01
1549413,2025-12-01,17,14,0.452,1299.0,94.4,92.8,1.0,14.0,31.0,93.0,94.0,1299.0,31.0,,monthly,0.452,-0.7940730991499059,4.530446639792155,2025-12
1549413,2026-02-01,21,7,0.25,738.0,103.9,105.4,69.0,35.0,31.0,105.0,104.0,738.0,31.0,,monthly,0.25,-1.3862943611198906,4.657762636107262,2026-02
1549413,2026-03-01,3,28,0.903,2763.0,98.8,98.7,,,31.0,99.0,99.0,2763.0,31.0,,monthly,0.903,-0.10203272556515161,4.592084946439436,2026-03
1549413,2026-04-01,2,28,0.933,2924.0,104.6,104.4,107.0,28.0,31.0,104.0,105.0,2924.0,31.0,,monthly,0.933,-0.06935007813479317,4.648229675448539,2026-04
825129,2025-07-01,0,31,1.0,3512.0,113.3,113.3,126.0,15.0,31.0,113.0,113.0,3512.0,30.0,1490833.0,monthly,1.0,0.0,4.730039168033961,2025-07
825129,2025-08-01,11,20,0.645,2155.0,113.2,107.8,,,31.0,108.0,113.0,2155.0,30.0,1490833.0,monthly,0.645,-0.43850496218636453,4.680277658474897,2025-08
938022,2025-07-01,6,25,0.806,2931.0,117.5,117.2,74.0,5.0,1.0,117.0,118.0,2931.0,3.0,6.0,short_stay,0.806,-0.2156715364755087,4.763881877142913,2025-07
938022,2025-08-01,6,25,0.806,2833.0,114.0,113.3,83.0,4.0,1.0,113.0,114.0,2833.0,3.0,6.0,short_stay,0.806,-0.2156715364755087,4.730039168033961,2025-08
938022,2025-09-01,18,12,0.4,1090.0,103.4,90.8,1.0,25.0,11.0,91.0,103.0,1090.0,3.0,6.0,short_stay,0.4,-0.916290731874155,4.508659285607248,2025-09
938022,2025-10-01,3,28,0.903,2605.0,93.2,93.0,32.0,7.0,18.0,93.0,93.0,2605.0,3.0,6.0,short_stay,0.903,-0.10203272556515161,4.532599493153256,2025-10
938022,2025-11-01,8,22,0.733,2112.0,96.2,96.0,23.0,4.0,5.0,96.0,96.0,2112.0,3.0,6.0,short_stay,0.733,-0.3106095770954856,4.564348191467836,2025-11
938022,2025-12-01,3,28,0.903,3026.0,108.1,108.1,24.0,19.0,3.0,108.0,108.0,3026.0,3.0,6.0,short_stay,0.903,-0.10203272556515161,4.683056724645162,2025-12
938022,2026-01-01,3,28,0.903,2772.0,99.7,99.0,2.0,14.0,6.0,99.0,100.0,2772.0,3.0,6.0,short_stay,0.903,-0.10203272556515161,4.59511985013459,2026-01
938022,2026-02-01,2,26,0.929,4756.0,176.3,182.9,48.0,28.0,7.0,183.0,176.0,4756.0,3.0,6.0,short_stay,0.929,-0.07364654016829848,5.20893955539682,2026-02
938022,2026-03-01,12,19,0.613,3351.0,178.8,176.4,40.0,11.0,6.0,176.0,179.0,3351.0,3.0,6.0,short_stay,0.613,-0.48939034304592566,5.172754143572691,2026-03
938022,2026-04-01,13,17,0.567,3975.0,243.0,233.8,,,4.0,234.0,243.0,3975.0,3.0,6.0,short_stay,0.567,-0.5673959752543851,5.454466049037968,2026-04
938022,2026-06-01,28,2,0.067,677.0,318.0,338.5,53.0,2.0,3.0,339.0,318.0,677.0,3.0,6.0,short_stay,0.067,-2.703062659591171,5.82452409235233,2026-06
777327,2025-08-01,16,15,0.484,2138.0,143.7,142.5,1.0,30.0,30.0,143.0,144.0,2138.0,30.0,30.0,monthly,0.484,-0.7256703722655053,4.959341999708705,2025-08
777327,2025-09-01,15,15,0.5,2260.0,145.0,150.7,,,30.0,151.0,145.0,2260.0,30.0,30.0,monthly,0.5,-0.6931471805599453,5.01529110563245,2025-09
777327,2025-10-01,0,31,1.0,4335.0,139.8,139.8,1.0,67.0,30.0,140.0,140.0,4335.0,30.0,30.0,monthly,1.0,0.0,4.94021282979971,2025-10
777327,2025-11-01,0,30,1.0,4258.0,141.9,141.9,,,30.0,142.0,142.0,4258.0,30.0,30.0,monthly,1.0,0.0,4.955122584165997,2025-11
777327,2025-12-01,25,6,0.194,928.0,145.3,154.7,,,30.0,155.0,145.0,928.0,30.0,30.0,monthly,0.194,-1.6398971199188088,5.04148775757902,2025-12
777327,2026-06-01,15,15,0.5,2020.0,138.8,134.7,1.0,15.0,30.0,135.0,139.0,2020.0,30.0,30.0,monthly,0.5,-0.6931471805599453,4.903050083416319,2026-06
828616,2025-07-01,28,3,0.097,280.0,92.3,93.3,,,30.0,93.0,92.0,280.0,30.0,30.0,monthly,0.097,-2.333044300478754,4.535820107853298,2025-07
828616,2025-11-01,29,1,0.033,82.0,89.2,82.0,1.0,13.0,30.0,82.0,89.0,82.0,30.0,30.0,monthly,0.033,-3.4112477175156566,4.406719247264253,2025-11
828616,2025-12-01,19,12,0.387,1034.0,85.5,86.2,,,30.0,86.0,86.0,1034.0,30.0,30.0,monthly,0.387,-0.9493305859523552,4.456670177669648,2025-12
828616,2026-01-01,29,2,0.065,174.0,87.9,87.0,13.0,2.0,30.0,87.0,88.0,174.0,30.0,30.0,monthly,0.065,-2.7333680090865,4.465908118654584,2026-01
828616,2026-03-01,29,2,0.065,183.0,95.8,91.5,1.0,63.0,30.0,92.0,96.0,183.0,30.0,30.0,monthly,0.065,-2.7333680090865,4.516338972281476,2026-03
828616,2026-04-01,0,30,1.0,2772.0,92.4,92.4,,,30.0,92.0,92.0,2772.0,30.0,30.0,monthly,1.0,0.0,4.526126978647638,2026-04
828616,2026-05-01,0,31,1.0,2994.0,96.6,96.6,,,30.0,97.0,97.0,2994.0,30.0,30.0,monthly,1.0,0.0,4.570578741218473,2026-05
828616,2026-06-01,17,13,0.433,1226.0,93.3,94.3,103.0,8.0,30.0,94.0,93.0,1226.0,30.0,30.0,monthly,0.433,-0.8370175509796473,4.546481189639412,2026-06
1533652,2025-07-01,29,2,0.065,284.0,132.3,142.0,,,30.0,142.0,132.0,284.0,30.0,30.0,monthly,0.065,-2.7333680090865,4.955827057601261,2025-07
1533652,2025-10-01,1,30,0.968,3715.0,123.6,123.8,62.0,22.0,30.0,124.0,124.0,3715.0,30.0,30.0,monthly,0.968,-0.03252319170556006,4.818667360250496,2025-10
1533652,2025-11-01,15,15,0.5,1847.0,126.5,123.1,,,30.0,123.0,127.0,1847.0,30.0,30.0,monthly,0.5,-0.6931471805599453,4.812997033190408,2025-11
1533652,2025-12-01,3,28,0.903,3654.0,130.5,130.5,65.0,31.0,30.0,131.0,131.0,3654.0,30.0,30.0,monthly,0.903,-0.10203272556515161,4.871373226762748,2025-12
1533652,2026-01-01,26,5,0.161,606.0,118.2,121.2,6.0,2.0,30.0,121.0,118.0,606.0,30.0,30.0,monthly,0.161,-1.8263509139976741,4.797442073635214,2026-01
1533652,2026-04-01,6,24,0.8,3697.0,153.1,154.0,69.0,33.0,30.0,154.0,153.0,3697.0,30.0,30.0,monthly,0.8,-0.2231435513142097,5.0369526024136295,2026-04
1533652,2026-05-01,3,28,0.903,6360.0,228.7,227.1,39.0,28.0,30.0,227.0,229.0,6360.0,30.0,30.0,monthly,0.903,-0.10203272556515161,5.425390449111513,2026-05
1533652,2026-06-01,21,9,0.3,1839.0,182.2,204.3,,,30.0,204.0,182.0,1839.0,30.0,30.0,monthly,0.3,-1.2039728043259361,5.319589501823576,2026-06
543792,2025-08-01,30,1,0.032,102.0,100.3,102.0,45.0,32.0,30.0,102.0,100.0,102.0,30.0,30.0,monthly,0.032,-3.4420193761824103,4.624972813284271,2025-08
543792,2025-09-01,0,30,1.0,3215.0,107.2,107.2,,,30.0,107.0,107.0,3215.0,30.0,30.0,monthly,1.0,0.0,4.674696248636701,2025-09
543792,2025-10-01,11,20,0.645,2043.0,102.5,102.2,45.0,9.0,30.0,102.0,103.0,2043.0,30.0,30.0,monthly,0.645,-0.43850496218636453,4.626931677769604,2025-10
543792,2026-02-01,17,11,0.393,1060.0,95.4,96.4,51.0,32.0,30.0,96.0,95.0,1060.0,30.0,30.0,monthly,0.393,-0.9339456671128757,4.5685062016165,2026-02
543792,2026-03-01,6,25,0.806,2468.0,99.4,98.7,25.0,24.0,30.0,99.0,99.0,2468.0,30.0,30.0,monthly,0.806,-0.2156715364755087,4.592084946439436,2026-03
543792,2026-04-01,10,20,0.667,2049.0,101.9,102.5,,,30.0,103.0,102.0,2049.0,30.0,30.0,monthly,0.667,-0.4049652330665133,4.629862798578463,2026-04
318021,2025-07-01,23,8,0.258,828.0,104.0,103.5,247.0,30.0,30.0,104.0,104.0,828.0,30.0,30.0,monthly,0.258,-1.3547956940605197,4.639571612705423,2025-07
318021,2025-08-01,7,24,0.774,2520.0,105.7,105.0,225.0,31.0,30.0,105.0,106.0,2520.0,30.0,30.0,monthly,0.774,-0.2561834053924099,4.653960350157523,2025-08
318021,2025-09-01,1,29,0.967,3117.0,107.5,107.5,,,30.0,108.0,108.0,3117.0,30.0,30.0,monthly,0.967,-0.033556783528842754,4.677490847567717,2025-09
318021,2025-10-01,0,31,1.0,3391.0,109.4,109.4,134.0,31.0,30.0,109.0,109.0,3391.0,30.0,30.0,monthly,1.0,0.0,4.695010889987881,2025-10
318021,2025-11-01,25,5,0.167,423.0,90.9,84.6,313.0,5.0,30.0,85.0,91.0,423.0,30.0,30.0,monthly,0.167,-1.7897614665653818,4.437934266612178,2025-11
318021,2025-12-01,29,2,0.065,172.0,82.7,86.0,371.0,2.0,30.0,86.0,83.0,172.0,30.0,30.0,monthly,0.065,-2.7333680090865,4.454347296253507,2025-12
318021,2026-01-01,28,3,0.097,225.0,54.4,75.0,349.0,3.0,30.0,75.0,54.0,225.0,30.0,30.0,monthly,0.097,-2.333044300478754,4.31748811353631,2026-01
318021,2026-03-01,27,4,0.129,172.0,42.9,43.0,312.0,30.0,30.0,43.0,43.0,172.0,30.0,30.0,monthly,0.129,-2.047942874620465,3.7612001156935624,2026-03
318021,2026-04-01,1,29,0.967,1300.0,44.9,44.8,155.0,15.0,30.0,45.0,45.0,1300.0,30.0,30.0,monthly,0.967,-0.033556783528842754,3.8022081394209395,2026-04
318021,2026-05-01,4,27,0.871,1221.0,45.0,45.2,,,30.0,45.0,45.0,1221.0,30.0,30.0,monthly,0.871,-0.13811330212963427,3.8110970868381857,2026-05
318021,2026-06-01,4,26,0.867,1147.0,44.1,44.1,251.0,30.0,30.0,44.0,44.0,1147.0,30.0,30.0,monthly,0.867,-0.1427163022015952,3.7864597824528,2026-06
75635,2025-07-01,19,12,0.387,1593.0,132.8,132.8,79.0,15.0,30.0,133.0,133.0,1593.0,30.0,30.0,monthly,0.387,-0.9493305859523552,4.888844237042334,2025-07
75635,2025-08-01,28,3,0.097,399.0,134.5,133.0,,,30.0,133.0,135.0,399.0,30.0,30.0,monthly,0.097,-2.333044300478754,4.890349128221754,2025-08
75635,2025-11-01,7,23,0.767,3162.0,136.9,137.5,38.0,22.0,30.0,138.0,137.0,3162.0,30.0,30.0,monthly,0.767,-0.26526847761488087,4.923623917106626,2025-11
75635,2025-12-01,9,22,0.71,3183.0,144.7,144.7,,,30.0,145.0,145.0,3183.0,30.0,30.0,monthly,0.71,-0.342490308946776,4.974662633637438,2025-12
75635,2026-01-01,11,20,0.645,2743.0,136.5,137.2,1.0,20.0,30.0,137.0,137.0,2743.0,30.0,30.0,monthly,0.645,-0.43850496218636453,4.921439715291784,2026-01
75635,2026-03-01,28,3,0.097,441.0,139.9,147.0,1.0,3.0,30.0,147.0,140.0,441.0,30.0,30.0,monthly,0.097,-2.333044300478754,4.990432586778736,2026-03
152263,2025-07-01,23,8,0.258,2449.0,303.6,306.1,11.0,2.0,3.0,306.0,304.0,2449.0,2.0,2.0,short_stay,0.258,-1.3547956940605197,5.723911845951367,2025-07
152263,2025-08-01,24,7,0.226,2139.0,301.9,305.6,60.0,2.0,2.0,306.0,302.0,2139.0,2.0,2.0,short_stay,0.226,-1.487220279709851,5.722277057292366,2025-08
152263,2025-09-01,9,21,0.7,6381.0,301.3,303.9,60.0,4.0,2.0,304.0,301.0,6381.0,2.0,2.0,short_stay,0.7,-0.35667494393873245,5.716698699922747,2025-09
152263,2025-10-01,7,24,0.774,7465.0,308.2,311.0,86.0,5.0,2.0,311.0,308.0,7465.0,2.0,2.0,short_stay,0.774,-0.2561834053924099,5.739792912179234,2025-10
152263,2025-11-01,17,13,0.433,4075.0,307.1,313.5,23.0,3.0,2.0,314.0,307.0,4075.0,2.0,2.0,short_stay,0.433,-0.8370175509796473,5.7477993600729755,2025-11
152263,2025-12-01,8,23,0.742,7090.0,309.7,308.3,103.0,3.0,2.0,308.0,310.0,7090.0,2.0,2.0,short_stay,0.742,-0.2984060358147566,5.731073334892105,2025-12
152263,2026-01-01,28,3,0.097,892.0,281.1,297.3,6.0,3.0,2.0,297.0,281.0,892.0,2.0,2.0,short_stay,0.097,-2.333044300478754,5.694741730004052,2026-01
152263,2026-02-01,25,3,0.107,781.0,261.6,260.3,4.0,3.0,2.0,260.0,262.0,781.0,2.0,2.0,short_stay,0.107,-2.234926444520231,5.561834812000519,2026-02
152263,2026-04-01,21,9,0.3,2786.0,325.8,309.6,59.0,9.0,2.0,310.0,326.0,2786.0,2.0,2.0,short_stay,0.3,-1.2039728043259361,5.735281141715572,2026-04
152263,2026-05-01,19,12,0.387,4105.0,338.9,342.1,47.0,4.0,2.0,342.0,339.0,4105.0,2.0,2.0,short_stay,0.387,-0.9493305859523552,5.835103091983559,2026-05
152263,2026-06-01,23,7,0.233,2364.0,340.2,337.7,96.0,1.0,2.0,338.0,340.0,2364.0,2.0,2.0,short_stay,0.233,-1.4567168254164364,5.822157927391522,2026-06
711635,2025-07-01,0,31,1.0,6288.0,202.8,202.8,,,30.0,203.0,203.0,6288.0,30.0,30.0,monthly,1.0,0.0,5.312220271717028,2025-07
711635,2025-08-01,23,8,0.258,1502.0,180.9,187.8,,,30.0,188.0,181.0,1502.0,30.0,30.0,monthly,0.258,-1.3547956940605197,5.235377566774162,2025-08
711635,2026-02-01,26,2,0.071,412.0,197.5,206.0,1.0,2.0,30.0,206.0,198.0,412.0,30.0,30.0,monthly,0.071,-2.645075401940822,5.327876168789581,2026-02
225976,2025-11-01,20,10,0.333,842.0,85.6,84.2,168.0,5.0,30.0,84.0,86.0,842.0,30.0,30.0,monthly,0.333,-1.0996127890016931,4.4331949212482815,2025-11
225976,2025-12-01,4,27,0.871,2130.0,78.6,78.9,34.0,30.0,30.0,79.0,79.0,2130.0,30.0,30.0,monthly,0.871,-0.13811330212963427,4.368181227851829,2025-12
225976,2026-01-01,27,4,0.129,277.0,73.3,69.2,,,30.0,69.0,73.0,277.0,30.0,30.0,monthly,0.129,-2.047942874620465,4.237000862623624,2026-01
225976,2026-02-01,25,3,0.107,209.0,74.4,69.7,1.0,3.0,30.0,70.0,74.0,209.0,30.0,30.0,monthly,0.107,-2.234926444520231,4.244200317766478,2026-02
690603,2025-08-01,29,2,0.065,336.0,169.9,168.0,41.0,32.0,30.0,168.0,170.0,336.0,30.0,30.0,monthly,0.065,-2.7333680090865,5.123963979403259,2025-08
690603,2025-09-01,0,30,1.0,5301.0,176.7,176.7,,,30.0,177.0,177.0,5301.0,30.0,30.0,monthly,1.0,0.0,5.174453379325651,2025-09
690603,2025-10-01,17,14,0.452,2747.0,194.9,196.2,7.0,14.0,30.0,196.0,195.0,2747.0,30.0,30.0,monthly,0.452,-0.7940730991499059,5.279134547131263,2025-10
690603,2025-11-01,16,14,0.467,2518.0,183.7,179.9,,,30.0,180.0,184.0,2518.0,30.0,30.0,monthly,0.467,-0.7614260213132397,5.192401140956488,2025-11
513343,2025-12-01,16,15,0.484,1469.0,99.1,97.9,1.0,15.0,30.0,98.0,99.0,1469.0,30.0,30.0,monthly,0.484,-0.7256703722655053,4.583946549536464,2025-12
54860,2025-07-01,2,29,0.935,2882.0,99.0,99.4,,,30.0,99.0,99.0,2882.0,30.0,30.0,monthly,0.935,-0.06720874969344999,4.599152113662528,2025-07
54860,2025-08-01,19,12,0.387,1031.0,91.2,85.9,1.0,15.0,30.0,86.0,91.0,1031.0,30.0,30.0,monthly,0.387,-0.9493305859523552,4.45318382899021,2025-08
54860,2025-09-01,27,3,0.1,302.0,107.9,100.7,,,30.0,101.0,108.0,302.0,30.0,30.0,monthly,0.1,-2.3025850929940455,4.612145799724517,2025-09
54860,2026-04-01,22,8,0.267,718.0,89.5,89.8,67.0,8.0,30.0,90.0,90.0,718.0,30.0,30.0,monthly,0.267,-1.3205066205818874,4.497584975308154,2026-04
896535,2025-07-01,0,31,1.0,5301.0,171.0,171.0,26.0,7.0,31.0,171.0,171.0,5301.0,31.0,31.0,monthly,1.0,0.0,5.14166355650266,2025-07
896535,2025-08-01,0,31,1.0,5615.0,181.1,181.1,152.0,35.0,31.0,181.0,181.0,5615.0,31.0,31.0,monthly,1.0,0.0,5.199049364889368,2025-08
896535,2025-09-01,0,30,1.0,4671.0,155.7,155.7,,,31.0,156.0,156.0,4671.0,31.0,31.0,monthly,1.0,0.0,5.0479310788399525,2025-09
896535,2025-10-01,12,19,0.613,3220.0,169.4,169.5,136.0,35.0,31.0,170.0,169.0,3220.0,31.0,31.0,monthly,0.613,-0.48939034304592566,5.1328529268205045,2025-10
896535,2025-11-01,0,30,1.0,4420.0,147.3,147.3,4.0,2.0,31.0,147.0,147.0,4420.0,31.0,31.0,monthly,1.0,0.0,4.9924713234685845,2025-11
896535,2025-12-01,14,17,0.548,2799.0,168.3,164.6,86.0,7.0,31.0,165.0,168.0,2799.0,31.0,31.0,monthly,0.548,-0.6014799920341214,5.103518288242969,2025-12
896535,2026-01-01,25,6,0.194,882.0,158.4,147.0,1.0,6.0,31.0,147.0,158.0,882.0,31.0,31.0,monthly,0.194,-1.6398971199188088,4.990432586778736,2026-01
896535,2026-02-01,24,4,0.143,639.0,165.1,159.8,1.0,6.0,31.0,160.0,165.0,639.0,31.0,31.0,monthly,0.143,-1.9449106487222299,5.073923033332174,2026-02
896535,2026-03-01,29,2,0.065,317.0,159.9,158.5,,,31.0,159.0,160.0,317.0,31.0,31.0,monthly,0.065,-2.7333680090865,5.065754593317335,2026-03
896535,2026-06-01,17,13,0.433,2166.0,167.4,166.6,216.0,52.0,31.0,167.0,167.0,2166.0,31.0,31.0,monthly,0.433,-0.8370175509796473,5.115595729732743,2026-06
14314,2025-10-01,2,29,0.935,3728.0,128.6,128.6,136.0,45.0,30.0,129.0,129.0,3728.0,30.0,30.0,monthly,0.935,-0.06720874969344999,4.856706811803519,2025-10
14314,2025-11-01,14,16,0.533,1996.0,131.9,124.8,,,30.0,125.0,132.0,1996.0,30.0,30.0,monthly,0.533,-0.6292338548162925,4.826712455935327,2025-11
721762,2025-09-01,15,15,0.5,1394.0,93.1,92.9,200.0,15.0,30.0,93.0,93.0,1394.0,30.0,30.0,monthly,0.5,-0.6931471805599453,4.531523645819793,2025-09
721762,2025-10-01,1,30,0.968,2823.0,94.0,94.1,114.0,10.0,30.0,94.0,94.0,2823.0,30.0,30.0,monthly,0.968,-0.03252319170556006,4.544358046591334,2025-10
721762,2025-11-01,0,30,1.0,2662.0,88.7,88.7,104.0,7.0,30.0,89.0,89.0,2662.0,30.0,30.0,monthly,1.0,0.0,4.485259889315534,2025-11
784122,2025-07-01,30,1,0.032,186.0,182.0,186.0,44.0,34.0,30.0,186.0,182.0,186.0,30.0,2.0,monthly,0.032,-3.4420193761824103,5.225746673713202,2025-07
784122,2025-08-01,0,31,1.0,5801.0,187.1,187.1,,,30.0,187.0,187.0,5801.0,30.0,2.0,monthly,1.0,0.0,5.231643233280044,2025-08
784122,2025-09-01,28,2,0.067,368.0,187.2,184.0,,,30.0,184.0,187.0,368.0,30.0,2.0,monthly,0.067,-2.703062659591171,5.214935757608986,2025-09
287845,2025-07-01,0,31,1.0,7552.0,243.6,243.6,134.0,15.0,30.0,244.0,244.0,7552.0,30.0,30.0,monthly,1.0,0.0,5.495527535835742,2025-07
287845,2025-08-01,1,30,0.968,7708.0,256.2,256.9,141.0,30.0,30.0,257.0,256.0,7708.0,30.0,30.0,monthly,0.968,-0.03252319170556006,5.548686904115838,2025-08
287845,2025-09-01,29,1,0.033,268.0,279.3,268.0,,,30.0,268.0,279.0,268.0,30.0,30.0,monthly,0.033,-3.4112477175156566,5.5909869805108565,2025-09
7801,2025-07-01,20,11,0.355,3823.0,347.7,347.5,1.0,11.0,30.0,348.0,348.0,3823.0,30.0,30.0,monthly,0.355,-1.0356374895067213,5.850764665004847,2025-07
1127770,2025-07-01,15,16,0.516,2847.0,178.5,177.9,10.0,4.0,5.0,178.0,179.0,2847.0,5.0,5.0,short_stay,0.516,-0.6616485135005743,5.18122159467179,2025-07
1127770,2025-08-01,13,18,0.581,3210.0,178.0,178.3,11.0,5.0,5.0,178.0,178.0,3210.0,5.0,5.0,short_stay,0.581,-0.5430045221302259,5.183467524869095,2025-08
1127770,2025-09-01,2,28,0.933,5084.0,181.2,181.6,50.0,8.0,4.0,182.0,181.0,5084.0,5.0,5.0,short_stay,0.933,-0.06935007813479317,5.201806466167193,2025-09
1127770,2025-10-01,5,26,0.839,4984.0,189.6,191.7,67.0,4.0,5.0,192.0,190.0,4984.0,5.0,5.0,short_stay,0.839,-0.1755445725149309,5.255931650051599,2025-10
1127770,2025-11-01,12,18,0.6,3414.0,191.4,189.7,31.0,7.0,5.0,190.0,191.0,3414.0,5.0,5.0,short_stay,0.6,-0.5108256237659907,5.245443876940969,2025-11
1127770,2025-12-01,2,29,0.935,5837.0,201.6,201.3,51.0,12.0,5.0,201.0,202.0,5837.0,5.0,5.0,short_stay,0.935,-0.06720874969344999,5.304796332645746,2025-12
1127770,2026-01-01,17,14,0.452,2347.0,163.7,167.6,23.0,2.0,5.0,168.0,164.0,2347.0,5.0,5.0,short_stay,0.452,-0.7940730991499059,5.121580188047982,2026-01
1127770,2026-02-01,27,1,0.036,165.0,165.6,165.0,16.0,11.0,5.0,165.0,166.0,165.0,5.0,5.0,short_stay,0.036,-3.3242363405260273,5.10594547390058,2026-02
1127770,2026-03-01,8,23,0.742,4104.0,179.1,178.4,65.0,18.0,5.0,178.0,179.0,4104.0,5.0,5.0,short_stay,0.742,-0.2984060358147566,5.184028220145909,2026-03
1127770,2026-04-01,11,19,0.633,3700.0,195.4,194.7,41.0,8.0,5.0,195.0,195.0,3700.0,5.0,5.0,short_stay,0.633,-0.45728485683796083,5.271459912378154,2026-04
1127770,2026-05-01,11,20,0.645,3915.0,196.8,195.8,36.0,15.0,5.0,196.0,197.0,3915.0,5.0,5.0,short_stay,0.645,-0.43850496218636453,5.27709373009641,2026-05
1127770,2026-06-01,14,16,0.533,3827.0,250.1,239.2,6.0,3.0,5.0,239.0,250.0,3827.0,5.0,5.0,short_stay,0.533,-0.6292338548162925,5.477300022076476,2026-06
15341,2025-07-01,29,2,0.065,427.0,225.5,213.5,10.0,32.0,30.0,214.0,226.0,427.0,30.0,30.0,monthly,0.065,-2.7333680090865,5.363636832668679,2025-07
15341,2025-08-01,0,31,1.0,7455.0,240.5,240.5,24.0,1.0,30.0,241.0,241.0,7455.0,30.0,30.0,monthly,1.0,0.0,5.482720089545816,2025-08
15341,2025-09-01,6,24,0.8,5984.0,249.1,249.3,16.0,24.0,30.0,249.0,249.0,5984.0,30.0,30.0,monthly,0.8,-0.2231435513142097,5.518656990529513,2025-09
15341,2026-06-01,27,3,0.1,856.0,273.7,285.3,1.0,3.0,30.0,285.0,274.0,856.0,30.0,30.0,monthly,0.1,-2.3025850929940455,5.653541258219454,2026-06
883480,2025-10-01,26,5,0.161,703.0,140.7,140.6,132.0,45.0,90.0,141.0,141.0,703.0,81.0,81.0,monthly,0.161,-1.8263509139976741,4.9459189793765646,2025-10
883480,2025-11-01,0,30,1.0,4165.0,138.8,138.8,,,90.0,139.0,139.0,4165.0,81.0,81.0,monthly,1.0,0.0,4.933034048072704,2025-11
883480,2025-12-01,5,26,0.839,3453.0,133.4,132.8,182.0,20.0,90.0,133.0,133.0,3453.0,81.0,81.0,monthly,0.839,-0.1755445725149309,4.888844237042334,2025-12
883480,2026-01-01,21,10,0.323,1217.0,117.1,121.7,21.0,6.0,90.0,122.0,117.0,1217.0,81.0,81.0,monthly,0.323,-1.1301029557594804,4.801558999993482,2026-01
883480,2026-03-01,20,11,0.355,1475.0,130.2,134.1,96.0,35.0,90.0,134.0,130.0,1475.0,81.0,81.0,monthly,0.355,-1.0356374895067213,4.898585790287632,2026-03
883480,2026-04-01,6,24,0.8,3304.0,139.9,137.7,,,90.0,138.0,140.0,3304.0,81.0,81.0,monthly,0.8,-0.2231435513142097,4.925077405734609,2026-04
883480,2026-06-01,17,13,0.433,1811.0,141.4,139.3,174.0,13.0,78.0,139.0,141.0,1811.0,81.0,81.0,monthly,0.433,-0.8370175509796473,4.93662988078576,2026-06
68735,2025-11-01,29,1,0.033,175.0,187.1,175.0,317.0,14.0,30.0,175.0,187.0,175.0,30.0,30.0,monthly,0.033,-3.4112477175156566,5.1647859739235145,2025-11
68735,2025-12-01,1,30,0.968,5317.0,177.2,177.2,16.0,30.0,30.0,177.0,177.0,5317.0,30.0,30.0,monthly,0.968,-0.03252319170556006,5.177279038170981,2025-12
68735,2026-01-01,18,13,0.419,2421.0,180.2,186.2,,,30.0,186.0,180.0,2421.0,30.0,30.0,monthly,0.419,-0.8698843590599994,5.226821364842967,2026-01
68735,2026-02-01,15,13,0.464,2509.0,190.8,193.0,79.0,13.0,30.0,193.0,191.0,2509.0,30.0,30.0,monthly,0.464,-0.7678707267558817,5.262690188904886,2026-02
68735,2026-05-01,30,1,0.032,208.0,206.0,208.0,1.0,1.0,30.0,208.0,206.0,208.0,30.0,30.0,monthly,0.032,-3.4420193761824103,5.337538079701318,2026-05
1045897,2025-07-01,29,2,0.065,353.0,177.7,176.5,1.0,2.0,30.0,177.0,178.0,353.0,30.0,30.0,monthly,0.065,-2.7333680090865,5.173320876373351,2025-07
1045897,2025-09-01,23,7,0.233,1419.0,189.4,202.7,1.0,20.0,30.0,203.0,189.0,1419.0,30.0,30.0,monthly,0.233,-1.4567168254164364,5.311727053457954,2025-09
1045897,2025-10-01,0,31,1.0,5947.0,191.8,191.8,,,30.0,192.0,192.0,5947.0,30.0,30.0,monthly,1.0,0.0,5.256453162449338,2025-10
1045897,2025-11-01,6,24,0.8,4580.0,192.9,190.8,11.0,25.0,30.0,191.0,193.0,4580.0,30.0,30.0,monthly,0.8,-0.2231435513142097,5.251225759014186,2025-11
1045897,2025-12-01,27,4,0.129,722.0,192.1,180.5,,,30.0,181.0,192.0,722.0,30.0,30.0,monthly,0.129,-2.047942874620465,5.195730777772936,2025-12
1045897,2026-06-01,22,8,0.267,1934.0,241.6,241.8,19.0,8.0,30.0,242.0,242.0,1934.0,30.0,30.0,monthly,0.267,-1.3205066205818874,5.488110938180692,2026-06
1024647,2025-08-01,20,11,0.355,1140.0,102.3,103.6,58.0,23.0,30.0,104.0,102.0,1140.0,30.0,30.0,monthly,0.355,-1.0356374895067213,4.640537329825382,2025-08
1024647,2025-09-01,0,30,1.0,3134.0,104.5,104.5,,,30.0,105.0,105.0,3134.0,30.0,30.0,monthly,1.0,0.0,4.6491870714048655,2025-09
1024647,2025-10-01,23,8,0.258,848.0,107.6,106.0,1.0,2.0,30.0,106.0,108.0,848.0,30.0,30.0,monthly,0.258,-1.3547956940605197,4.663439094112067,2025-10
1024647,2026-06-01,27,3,0.1,339.0,111.2,113.0,21.0,37.0,30.0,113.0,111.0,339.0,30.0,30.0,monthly,0.1,-2.3025850929940455,4.727387818712341,2026-06
1294973,2025-07-01,7,24,0.774,5074.0,213.3,211.4,44.0,4.0,4.0,211.0,213.0,5074.0,4.0,4.0,short_stay,0.774,-0.2561834053924099,5.353752073436137,2025-07
1294973,2025-08-01,8,23,0.742,5047.0,219.9,219.4,25.0,5.0,4.0,219.0,220.0,5047.0,4.0,4.0,short_stay,0.742,-0.2984060358147566,5.3908965478411295,2025-08
1294973,2025-09-01,6,24,0.8,4961.0,206.4,206.7,34.0,9.0,4.0,207.0,206.0,4961.0,4.0,4.0,short_stay,0.8,-0.2231435513142097,5.331268466687723,2025-09
1294973,2025-10-01,6,25,0.806,4616.0,184.3,184.6,37.0,3.0,3.0,185.0,184.0,4616.0,4.0,4.0,short_stay,0.806,-0.2156715364755087,5.218191322068752,2025-10
1294973,2025-11-01,0,30,1.0,5651.0,188.4,188.4,42.0,6.0,3.0,188.0,188.0,5651.0,4.0,4.0,short_stay,1.0,0.0,5.238567362142263,2025-11
1294973,2025-12-01,7,24,0.774,4508.0,187.7,187.8,29.0,5.0,4.0,188.0,188.0,4508.0,4.0,4.0,short_stay,0.774,-0.2561834053924099,5.235377566774162,2025-12
1294973,2026-02-01,13,15,0.536,2920.0,187.5,194.7,2.0,6.0,3.0,195.0,188.0,2920.0,4.0,4.0,short_stay,0.536,-0.623621117911335,5.271459912378154,2026-02
1294973,2026-03-01,19,12,0.387,3050.0,262.9,254.2,1.0,27.0,3.0,254.0,263.0,3050.0,4.0,4.0,short_stay,0.387,-0.9493305859523552,5.538121358755354,2026-03
1294973,2026-04-01,1,29,0.967,8125.0,280.3,280.2,29.0,17.0,4.0,280.0,280.0,8125.0,4.0,4.0,short_stay,0.967,-0.033556783528842754,5.635503633902907,2026-04
1294973,2026-05-01,13,18,0.581,5204.0,289.4,289.1,27.0,3.0,4.0,289.0,289.0,5204.0,4.0,4.0,short_stay,0.581,-0.5430045221302259,5.666772649022301,2026-05
1294973,2026-06-01,7,23,0.767,7392.0,325.7,321.4,23.0,11.0,4.0,321.0,326.0,7392.0,4.0,4.0,short_stay,0.767,-0.26526847761488087,5.772686453303412,2026-06
523123,2025-07-01,2,29,0.935,14753.0,507.7,508.7,16.0,34.0,30.0,509.0,508.0,14753.0,30.0,30.0,monthly,0.935,-0.06720874969344999,6.231858451828719,2025-07
523123,2025-08-01,10,21,0.677,9615.0,458.7,457.9,60.0,19.0,30.0,458.0,459.0,9615.0,30.0,30.0,monthly,0.677,-0.390084006069862,6.12665081966305,2025-08
523123,2025-09-01,27,3,0.1,1255.0,412.0,418.3,,,30.0,418.0,412.0,1255.0,30.0,30.0,monthly,0.1,-2.3025850929940455,6.036198878448153,2025-09
523123,2026-03-01,29,2,0.065,614.0,316.3,307.0,1.0,2.0,30.0,307.0,316.0,614.0,30.0,30.0,monthly,0.065,-2.7333680090865,5.726847747587197,2026-03
322037,2025-07-01,5,26,0.839,6257.0,240.3,240.7,11.0,26.0,30.0,241.0,240.0,6257.0,30.0,30.0,monthly,0.839,-0.1755445725149309,5.483551344789026,2025-07
322037,2025-08-01,24,7,0.226,1769.0,247.5,252.7,1.0,7.0,30.0,253.0,248.0,1769.0,30.0,30.0,monthly,0.226,-1.487220279709851,5.532203014394148,2025-08
321136,2025-09-01,23,7,0.233,1044.0,158.0,149.1,1.0,7.0,30.0,149.0,158.0,1044.0,30.0,30.0,monthly,0.233,-1.4567168254164364,5.004617221770693,2025-09
321136,2025-11-01,23,7,0.233,995.0,157.3,142.1,1.0,7.0,30.0,142.0,157.0,995.0,30.0,30.0,monthly,0.233,-1.4567168254164364,4.956531035103055,2025-11
321136,2025-12-01,25,6,0.194,720.0,145.5,120.0,1.0,6.0,30.0,120.0,146.0,720.0,30.0,30.0,monthly,0.194,-1.6398971199188088,4.787491742782046,2025-12
321136,2026-04-01,24,6,0.2,1475.0,227.3,245.8,1.0,6.0,30.0,246.0,227.0,1475.0,30.0,30.0,monthly,0.2,-1.6094379124341003,5.504518197131935,2026-04
294242,2025-09-01,17,13,0.433,5644.0,436.2,434.2,19.0,6.0,1.0,434.0,436.0,5644.0,1.0,1.0,short_stay,0.433,-0.8370175509796473,6.073505257444191,2025-09
294242,2025-10-01,29,2,0.065,888.0,479.5,444.0,11.0,2.0,1.0,444.0,480.0,888.0,1.0,1.0,short_stay,0.065,-2.7333680090865,6.095824562432225,2025-10
294242,2025-11-01,29,1,0.033,536.0,489.5,536.0,2.0,1.0,1.0,536.0,490.0,536.0,1.0,1.0,short_stay,0.033,-3.4112477175156566,6.284134161070802,2025-11
116551,2025-10-01,7,24,0.774,2297.0,95.7,95.7,80.0,45.0,30.0,96.0,96.0,2297.0,30.0,30.0,monthly,0.774,-0.2561834053924099,4.5612182984589085,2025-10
116551,2025-11-01,3,27,0.9,2354.0,87.3,87.2,188.0,28.0,30.0,87.0,87.0,2354.0,30.0,30.0,monthly,0.9,-0.10536051565782628,4.468204330914934,2025-11
116551,2025-12-01,9,22,0.71,1973.0,88.8,89.7,,,30.0,90.0,89.0,1973.0,30.0,30.0,monthly,0.71,-0.342490308946776,4.49647076906475,2025-12
303264,2025-07-01,3,28,0.903,6529.0,234.2,233.2,45.0,30.0,30.0,233.0,234.0,6529.0,30.0,30.0,monthly,0.903,-0.10203272556515161,5.451896454476337,2025-07
303264,2025-08-01,29,2,0.065,442.0,231.7,221.0,,,30.0,221.0,232.0,442.0,30.0,30.0,monthly,0.065,-2.7333680090865,5.3981627015177525,2025-08
303264,2025-12-01,26,5,0.161,1082.0,236.4,216.4,1.0,5.0,30.0,216.0,236.0,1082.0,30.0,30.0,monthly,0.161,-1.8263509139976741,5.377128546972327,2025-12
698132,2025-07-01,8,23,0.742,4991.0,220.8,217.0,5.0,2.0,4.0,217.0,221.0,4991.0,1.0,4.0,short_stay,0.742,-0.2984060358147566,5.37989735354046,2025-07
698132,2025-08-01,13,18,0.581,3558.0,198.9,197.7,22.0,2.0,4.0,198.0,199.0,3558.0,1.0,4.0,short_stay,0.581,-0.5430045221302259,5.286750730176571,2025-08
698132,2025-09-01,6,24,0.8,4606.0,193.5,191.9,77.0,5.0,4.0,192.0,194.0,4606.0,1.0,4.0,short_stay,0.8,-0.2231435513142097,5.256974403013654,2025-09
698132,2025-10-01,3,28,0.903,5575.0,199.2,199.1,46.0,3.0,4.0,199.0,199.0,5575.0,1.0,4.0,short_stay,0.903,-0.10203272556515161,5.293807211070151,2025-10
698132,2025-11-01,14,16,0.533,3348.0,209.3,209.2,12.0,2.0,3.0,209.0,209.0,3348.0,1.0,4.0,short_stay,0.533,-0.6292338548162925,5.343290732190768,2025-11
698132,2025-12-01,7,24,0.774,5461.0,226.1,227.5,24.0,3.0,4.0,228.0,226.0,5461.0,1.0,4.0,short_stay,0.774,-0.2561834053924099,5.427150238391005,2025-12
698132,2026-01-01,11,20,0.645,4010.0,198.5,200.5,1.0,1.0,4.0,201.0,199.0,4010.0,1.0,4.0,short_stay,0.645,-0.43850496218636453,5.300814246746624,2026-01
698132,2026-02-01,17,11,0.393,2215.0,205.3,201.4,5.0,1.0,4.0,201.0,205.0,2215.0,1.0,4.0,short_stay,0.393,-0.9339456671128757,5.305292980284462,2026-02
698132,2026-03-01,11,20,0.645,4200.0,212.4,210.0,2.0,3.0,4.0,210.0,212.0,4200.0,1.0,4.0,short_stay,0.645,-0.43850496218636453,5.3471075307174685,2026-03
698132,2026-04-01,13,17,0.567,3869.0,223.9,227.6,38.0,5.0,3.0,228.0,224.0,3869.0,1.0,4.0,short_stay,0.567,-0.5673959752543851,5.427589702252176,2026-04
698132,2026-05-01,9,22,0.71,5446.0,244.6,247.5,41.0,5.0,3.0,248.0,245.0,5446.0,1.0,4.0,short_stay,0.71,-0.342490308946776,5.511410582008745,2026-05
698132,2026-06-01,4,26,0.867,8221.0,311.5,316.2,50.0,10.0,3.0,316.0,312.0,8221.0,1.0,4.0,short_stay,0.867,-0.1427163022015952,5.756374924775372,2026-06
294263,2025-09-01,20,10,0.333,4661.0,463.6,466.1,18.0,10.0,1.0,466.0,464.0,4661.0,1.0,1.0,short_stay,0.333,-1.0996127890016931,6.144400203378695,2025-09
294263,2025-10-01,28,3,0.097,1756.0,567.0,585.3,39.0,3.0,1.0,585.0,567.0,1756.0,1.0,1.0,short_stay,0.097,-2.333044300478754,6.372124536297175,2025-10
1205103,2025-07-01,19,12,0.387,1653.0,136.2,137.8,1.0,2.0,30.0,138.0,136.0,1653.0,30.0,30.0,monthly,0.387,-0.9493305859523552,4.925803358579558,2025-07
1205103,2025-08-01,13,18,0.581,2420.0,134.4,134.4,85.0,3.0,30.0,134.0,134.0,2420.0,30.0,30.0,monthly,0.581,-0.5430045221302259,4.900820428089049,2025-08
1205103,2025-09-01,0,30,1.0,3982.0,132.7,132.7,215.0,30.0,30.0,133.0,133.0,3982.0,30.0,30.0,monthly,1.0,0.0,4.888090941338162,2025-09
1205103,2025-10-01,1,30,0.968,3788.0,125.5,126.3,40.0,30.0,30.0,126.0,126.0,3788.0,30.0,30.0,monthly,0.968,-0.03252319170556006,4.838660029356445,2025-10
1205103,2025-12-01,23,8,0.258,987.0,130.2,123.4,1.0,2.0,30.0,123.0,130.0,987.0,30.0,30.0,monthly,0.258,-1.3547956940605197,4.8154311114712876,2025-12
1205103,2026-03-01,0,31,1.0,3753.0,121.1,121.1,71.0,45.0,30.0,121.0,121.0,3753.0,30.0,30.0,monthly,1.0,0.0,4.796616650559047,2026-03
1205103,2026-04-01,7,23,0.767,2689.0,116.1,116.9,80.0,11.0,30.0,117.0,116.0,2689.0,30.0,30.0,monthly,0.767,-0.26526847761488087,4.761318868478023,2026-04
1205103,2026-05-01,16,15,0.484,1775.0,120.5,118.3,44.0,1.0,30.0,118.0,121.0,1775.0,30.0,30.0,monthly,0.484,-0.7256703722655053,4.773223770984341,2026-05
783341,2025-07-01,0,31,1.0,2352.0,75.9,75.9,,,30.0,76.0,76.0,2352.0,30.0,,monthly,1.0,0.0,4.3294166844015844,2025-07
783341,2025-08-01,0,31,1.0,2461.0,79.4,79.4,108.0,30.0,30.0,79.0,79.0,2461.0,30.0,,monthly,1.0,0.0,4.37449836825309,2025-08
783341,2025-09-01,0,30,1.0,2246.0,74.9,74.9,17.0,30.0,30.0,75.0,75.0,2246.0,30.0,,monthly,1.0,0.0,4.316153890523174,2025-09
783341,2025-10-01,0,31,1.0,2456.0,79.2,79.2,17.0,30.0,30.0,79.0,79.0,2456.0,30.0,,monthly,1.0,0.0,4.37197629882038,2025-10
783341,2025-11-01,24,6,0.2,472.0,79.7,78.7,,,30.0,79.0,80.0,472.0,30.0,,monthly,0.2,-1.6094379124341003,4.365643155423357,2025-11
783341,2026-06-01,18,12,0.4,1074.0,88.9,89.5,43.0,316.0,30.0,90.0,89.0,1074.0,30.0,,monthly,0.4,-0.916290731874155,4.4942386252808095,2026-06
1157522,2025-07-01,12,19,0.613,4394.0,218.6,231.3,36.0,5.0,30.0,231.0,219.0,4394.0,30.0,30.0,monthly,0.613,-0.48939034304592566,5.443715569237393,2025-07
1157522,2025-08-01,24,7,0.226,1424.0,195.8,203.4,1.0,7.0,30.0,203.0,196.0,1424.0,30.0,30.0,monthly,0.226,-1.487220279709851,5.315174483614459,2025-08
1157522,2025-09-01,18,12,0.4,2406.0,198.3,200.5,88.0,14.0,30.0,201.0,198.0,2406.0,30.0,30.0,monthly,0.4,-0.916290731874155,5.300814246746624,2025-09
1157522,2025-10-01,0,31,1.0,6325.0,204.0,204.0,3.0,33.0,30.0,204.0,204.0,6325.0,30.0,30.0,monthly,1.0,0.0,5.318119993844216,2025-10
1157522,2025-11-01,13,17,0.567,3663.0,215.1,215.5,1.0,29.0,30.0,216.0,215.0,3663.0,30.0,30.0,monthly,0.567,-0.5673959752543851,5.372960909543803,2025-11
1157522,2025-12-01,11,20,0.645,4166.0,210.0,208.3,1.0,1.0,30.0,208.0,210.0,4166.0,30.0,30.0,monthly,0.645,-0.43850496218636453,5.3389793482669266,2025-12
1157522,2026-01-01,15,16,0.516,3252.0,209.3,203.2,1.0,6.0,30.0,203.0,209.0,3252.0,30.0,30.0,monthly,0.516,-0.6616485135005743,5.314190715704327,2026-01
1157522,2026-02-01,4,24,0.857,5266.0,221.1,219.4,,,30.0,219.0,221.0,5266.0,30.0,30.0,monthly,0.857,-0.15431736038435728,5.3908965478411295,2026-02
1157522,2026-03-01,9,22,0.71,5148.0,232.7,234.0,1.0,24.0,30.0,234.0,233.0,5148.0,30.0,30.0,monthly,0.71,-0.342490308946776,5.455321115357702,2026-03
1157522,2026-04-01,17,13,0.433,3046.0,234.8,234.3,8.0,6.0,30.0,234.0,235.0,3046.0,30.0,30.0,monthly,0.433,-0.8370175509796473,5.45660234551375,2026-04
1157522,2026-05-01,30,1,0.032,230.0,256.6,230.0,,,30.0,230.0,257.0,230.0,30.0,30.0,monthly,0.032,-3.4420193761824103,5.438079308923196,2026-05
794156,2025-09-01,18,12,0.4,2891.0,240.3,240.9,76.0,12.0,30.0,241.0,240.0,2891.0,30.0,30.0,monthly,0.4,-0.916290731874155,5.484381909620826,2025-09
794156,2026-01-01,30,1,0.032,225.0,238.6,225.0,1.0,1.0,30.0,225.0,239.0,225.0,30.0,30.0,monthly,0.032,-3.4420193761824103,5.41610040220442,2026-01
794156,2026-04-01,29,1,0.033,271.0,267.1,271.0,44.0,1.0,30.0,271.0,267.0,271.0,30.0,30.0,monthly,0.033,-3.4112477175156566,5.602118820879701,2026-04
1457505,2026-06-01,20,10,0.333,1024.0,102.3,102.4,155.0,21.0,30.0,102.0,102.0,1024.0,30.0,30.0,monthly,0.333,-1.0996127890016931,4.628886712605407,2026-06
651375,2025-07-01,10,21,0.677,12975.0,616.2,617.9,,,30.0,618.0,616.0,12975.0,30.0,30.0,monthly,0.677,-0.390084006069862,6.426326632066933,2025-07
651375,2025-08-01,23,8,0.258,5182.0,631.4,647.8,14.0,14.0,30.0,648.0,631.0,5182.0,30.0,30.0,monthly,0.258,-1.3547956940605197,6.473582006737229,2025-08
651375,2025-09-01,0,30,1.0,19455.0,648.5,648.5,57.0,15.0,30.0,649.0,649.0,19455.0,30.0,30.0,monthly,1.0,0.0,6.474662003756499,2025-09
651375,2025-10-01,1,30,0.968,19579.0,651.9,652.6,57.0,53.0,30.0,653.0,652.0,19579.0,30.0,30.0,monthly,0.968,-0.03252319170556006,6.48096438415922,2025-10
651375,2025-11-01,0,30,1.0,19495.0,649.8,649.8,,,30.0,650.0,650.0,19495.0,30.0,30.0,monthly,1.0,0.0,6.476664623235,2025-11
651375,2025-12-01,9,22,0.71,14215.0,644.6,646.1,57.0,11.0,30.0,646.0,645.0,14215.0,30.0,30.0,monthly,0.71,-0.342490308946776,6.47095429056412,2025-12
651375,2026-02-01,15,13,0.464,9001.0,690.4,692.4,31.0,10.0,30.0,692.0,690.0,9001.0,30.0,30.0,monthly,0.464,-0.7678707267558817,6.540163823302054,2026-02
651375,2026-03-01,5,26,0.839,19386.0,746.5,745.6,33.0,7.0,30.0,746.0,747.0,19386.0,30.0,30.0,monthly,0.839,-0.1755445725149309,6.614189263371381,2026-03
765569,2025-07-01,1,30,0.968,6252.0,208.5,208.4,195.0,30.0,30.0,208.0,209.0,6252.0,30.0,30.0,monthly,0.968,-0.03252319170556006,5.339459309879212,2025-07
765569,2025-08-01,1,30,0.968,6146.0,205.2,204.9,102.0,30.0,30.0,205.0,205.0,6146.0,30.0,30.0,monthly,0.968,-0.03252319170556006,5.322522055244854,2025-08
765569,2025-09-01,0,30,1.0,6170.0,205.7,205.7,182.0,31.0,30.0,206.0,206.0,6170.0,30.0,30.0,monthly,1.0,0.0,5.326418796658912,2025-09
765569,2025-10-01,30,1,0.032,206.0,206.2,206.0,,,30.0,206.0,206.0,206.0,30.0,30.0,monthly,0.032,-3.4420193761824103,5.327876168789581,2025-10
765569,2026-03-01,17,14,0.452,2535.0,182.5,181.1,15.0,14.0,30.0,181.0,183.0,2535.0,30.0,30.0,monthly,0.452,-0.7940730991499059,5.199049364889368,2026-03
765569,2026-04-01,0,30,1.0,5335.0,177.8,177.8,30.0,30.0,30.0,178.0,178.0,5335.0,30.0,30.0,monthly,1.0,0.0,5.180659323079804,2026-04
765569,2026-05-01,12,19,0.613,3074.0,163.9,161.8,188.0,6.0,30.0,162.0,164.0,3074.0,30.0,30.0,monthly,0.613,-0.48939034304592566,5.086361004624392,2026-05
1030254,2025-09-01,15,15,0.5,919.0,61.5,61.3,75.0,15.0,30.0,61.0,62.0,919.0,30.0,30.0,monthly,0.5,-0.6931471805599453,4.115779842942166,2025-09
1030254,2025-11-01,2,28,0.933,1725.0,61.5,61.6,4.0,49.0,30.0,62.0,62.0,1725.0,30.0,30.0,monthly,0.933,-0.06935007813479317,4.120661870539474,2025-11
1030254,2025-12-01,10,21,0.677,1307.0,62.1,62.2,,,30.0,62.0,62.0,1307.0,30.0,30.0,monthly,0.677,-0.390084006069862,4.130354999745133,2025-12
1030254,2026-03-01,16,15,0.484,1145.0,73.3,76.3,6.0,44.0,30.0,76.0,73.0,1145.0,30.0,30.0,monthly,0.484,-0.7256703722655053,4.334672938290411,2026-03
1030254,2026-04-01,1,29,0.967,2123.0,73.1,73.2,,,30.0,73.0,73.0,2123.0,30.0,30.0,monthly,0.967,-0.033556783528842754,4.293195420967266,2026-04
1030254,2026-05-01,22,9,0.29,590.0,68.6,65.6,1.0,9.0,30.0,66.0,69.0,590.0,30.0,30.0,monthly,0.29,-1.2378743560016174,4.183575695950044,2026-05
38833,2025-07-01,15,16,0.516,4569.0,276.9,285.6,37.0,4.0,1.0,286.0,277.0,4569.0,1.0,,short_stay,0.516,-0.6616485135005743,5.654592230465429,2025-07
38833,2025-08-01,5,26,0.839,8550.0,324.7,328.8,46.0,3.0,2.0,329.0,325.0,8550.0,2.0,,short_stay,0.839,-0.1755445725149309,5.7954496631820245,2025-08
38833,2025-09-01,11,19,0.633,5331.0,283.1,280.6,86.0,3.0,2.0,281.0,283.0,5331.0,2.0,,short_stay,0.633,-0.45728485683796083,5.6369301676683605,2025-09
38833,2025-10-01,6,25,0.806,6926.0,276.9,277.0,53.0,3.0,2.0,277.0,277.0,6926.0,2.0,,short_stay,0.806,-0.2156715364755087,5.6240175061873385,2025-10
38833,2025-11-01,14,16,0.533,4323.0,270.1,270.2,13.0,2.0,2.0,270.0,270.0,4323.0,2.0,,short_stay,0.533,-0.6292338548162925,5.5991624255260986,2025-11
38833,2025-12-01,9,22,0.71,6127.0,280.4,278.5,47.0,3.0,1.0,279.0,280.0,6127.0,1.0,,short_stay,0.71,-0.342490308946776,5.629418059367339,2025-12
38833,2026-01-01,26,5,0.161,1163.0,229.3,232.6,8.0,1.0,2.0,233.0,229.0,1163.0,2.0,,short_stay,0.161,-1.8263509139976741,5.449320240084564,2026-01
38833,2026-02-01,11,17,0.607,3761.0,216.2,221.2,53.0,2.0,2.0,221.0,216.0,3761.0,2.0,,short_stay,0.607,-0.4992264879226388,5.39906726964818,2026-02
38833,2026-03-01,17,14,0.452,3442.0,252.4,245.9,66.0,7.0,2.0,246.0,252.0,3442.0,2.0,,short_stay,0.452,-0.7940730991499059,5.504924949222147,2026-03
424767,2025-07-01,0,31,1.0,6220.0,200.6,200.6,,,30.0,201.0,201.0,6220.0,30.0,,monthly,1.0,0.0,5.301312875527835,2025-07
424767,2025-08-01,25,6,0.194,1250.0,202.1,208.3,,,30.0,208.0,202.0,1250.0,30.0,,monthly,0.194,-1.6398971199188088,5.3389793482669266,2025-08
29628,2025-07-01,1,30,0.968,4517.0,150.5,150.6,66.0,3.0,2.0,151.0,151.0,4517.0,2.0,,short_stay,0.968,-0.03252319170556006,5.014627315365793,2025-07
29628,2025-08-01,7,24,0.774,3857.0,159.4,160.7,36.0,2.0,2.0,161.0,159.0,3857.0,2.0,,short_stay,0.774,-0.2561834053924099,5.0795392727434665,2025-08
29628,2025-09-01,0,30,1.0,4917.0,163.9,163.9,87.0,3.0,3.0,164.0,164.0,4917.0,2.0,,short_stay,1.0,0.0,5.099256485749784,2025-09
29628,2025-10-01,6,25,0.806,4065.0,166.2,162.6,143.0,3.0,2.0,163.0,166.0,4065.0,2.0,,short_stay,0.806,-0.2156715364755087,5.0912931971137105,2025-10
29628,2025-11-01,5,25,0.833,4254.0,170.9,170.2,57.0,4.0,3.0,170.0,171.0,4254.0,2.0,,short_stay,0.833,-0.1827216368152944,5.136974216139274,2025-11
29628,2025-12-01,3,28,0.903,4757.0,170.3,169.9,101.0,2.0,2.0,170.0,170.0,4757.0,2.0,,short_stay,0.903,-0.10203272556515161,5.135210028677887,2025-12
29628,2026-01-01,27,4,0.129,610.0,136.8,152.5,40.0,2.0,3.0,153.0,137.0,610.0,2.0,,short_stay,0.129,-2.047942874620465,5.0271645960474665,2026-01
29628,2026-02-01,12,16,0.571,2477.0,147.9,154.8,28.0,4.0,3.0,155.0,148.0,2477.0,2.0,,short_stay,0.571,-0.5603660693261269,5.042133961155627,2026-02
29628,2026-03-01,4,27,0.871,4523.0,167.3,167.5,37.0,4.0,3.0,168.0,167.0,4523.0,2.0,,short_stay,0.871,-0.13811330212963427,5.120983351265121,2026-03
29628,2026-04-01,4,26,0.867,4969.0,191.6,191.1,82.0,5.0,2.0,191.0,192.0,4969.0,2.0,,short_stay,0.867,-0.1427163022015952,5.252796851246227,2026-04
29628,2026-05-01,2,29,0.935,6180.0,214.3,213.1,112.0,4.0,2.0,213.0,214.0,6180.0,2.0,,short_stay,0.935,-0.06720874969344999,5.361761539104571,2026-05
29628,2026-06-01,4,26,0.867,5690.0,219.2,218.8,87.0,9.0,2.0,219.0,219.0,5690.0,2.0,,short_stay,0.867,-0.1427163022015952,5.388158070547826,2026-06
12937,2025-07-01,18,13,0.419,2974.0,228.0,228.8,33.0,3.0,3.0,229.0,228.0,2974.0,1.0,,short_stay,0.419,-0.8698843590599994,5.432848259505643,2025-07
12937,2025-08-01,24,7,0.226,1553.0,221.3,221.9,67.0,3.0,3.0,222.0,221.0,1553.0,1.0,,short_stay,0.226,-1.487220279709851,5.402226829938548,2025-08
12937,2025-09-01,4,26,0.867,5674.0,218.9,218.2,74.0,4.0,3.0,218.0,219.0,5674.0,1.0,,short_stay,0.867,-0.1427163022015952,5.38541207339897,2025-09
12937,2025-10-01,8,23,0.742,5106.0,221.8,222.0,86.0,3.0,3.0,222.0,222.0,5106.0,1.0,,short_stay,0.742,-0.2984060358147566,5.402677381872279,2025-10
12937,2025-11-01,8,22,0.733,4876.0,222.4,221.6,78.0,3.0,3.0,222.0,222.0,4876.0,1.0,,short_stay,0.733,-0.3106095770954856,5.400873954873129,2025-11
12937,2025-12-01,4,27,0.871,5925.0,219.3,219.4,117.0,4.0,3.0,219.0,219.0,5925.0,1.0,,short_stay,0.871,-0.13811330212963427,5.3908965478411295,2025-12
12937,2026-01-01,20,11,0.355,2446.0,223.9,222.4,63.0,3.0,3.0,222.0,224.0,2446.0,1.0,,short_stay,0.355,-1.0356374895067213,5.404477562376427,2026-01
12937,2026-02-01,15,13,0.464,3136.0,234.8,241.2,15.0,4.0,3.0,241.0,235.0,3136.0,1.0,,short_stay,0.464,-0.7678707267558817,5.485626464853031,2026-02
12937,2026-03-01,7,24,0.774,5746.0,238.0,239.4,78.0,5.0,3.0,239.0,238.0,5746.0,1.0,,short_stay,0.774,-0.2561834053924099,5.478135793123873,2026-03
12937,2026-04-01,9,21,0.7,5884.0,281.9,280.2,101.0,4.0,3.0,280.0,282.0,5884.0,1.0,,short_stay,0.7,-0.35667494393873245,5.635503633902907,2026-04
12937,2026-05-01,6,25,0.806,7044.0,281.1,281.8,96.0,4.0,3.0,282.0,281.0,7044.0,1.0,,short_stay,0.806,-0.2156715364755087,5.64119759946458,2026-05
852118,2025-08-01,30,1,0.032,154.0,136.3,154.0,1.0,1.0,30.0,154.0,136.0,154.0,30.0,30.0,monthly,0.032,-3.4420193761824103,5.0369526024136295,2025-08
852118,2025-09-01,5,25,0.833,3640.0,145.5,145.6,1.0,26.0,30.0,146.0,146.0,3640.0,30.0,30.0,monthly,0.833,-0.1827216368152944,4.980863135762585,2025-09
852118,2025-10-01,11,20,0.645,2726.0,137.5,136.3,1.0,19.0,30.0,136.0,138.0,2726.0,30.0,30.0,monthly,0.645,-0.43850496218636453,4.914858338702487,2025-10
850338,2025-07-01,17,14,0.452,2145.0,146.8,153.2,,,30.0,153.0,147.0,2145.0,30.0,30.0,monthly,0.452,-0.7940730991499059,5.0317442573064906,2025-07
1187643,2025-08-01,14,17,0.548,1534.0,89.6,90.2,129.0,19.0,30.0,90.0,90.0,1534.0,30.0,30.0,monthly,0.548,-0.6014799920341214,4.502029427068578,2025-08
1187643,2025-09-01,9,21,0.7,1537.0,65.4,73.2,,,30.0,73.0,65.0,1537.0,30.0,30.0,monthly,0.7,-0.35667494393873245,4.293195420967266,2025-09
1187643,2025-10-01,14,17,0.548,1455.0,77.3,85.6,39.0,17.0,30.0,86.0,77.0,1455.0,30.0,30.0,monthly,0.548,-0.6014799920341214,4.449685283147696,2025-10
536578,2025-07-01,30,1,0.032,47.0,45.5,47.0,1.0,1.0,30.0,47.0,46.0,47.0,30.0,30.0,monthly,0.032,-3.4420193761824103,3.8501476017100584,2025-07
536578,2025-10-01,18,13,0.419,631.0,46.7,48.5,48.0,13.0,30.0,49.0,47.0,631.0,30.0,30.0,monthly,0.419,-0.8698843590599994,3.8815637979434374,2025-10
536578,2025-11-01,2,28,0.933,1285.0,45.9,45.9,20.0,15.0,30.0,46.0,46.0,1285.0,30.0,30.0,monthly,0.933,-0.06935007813479317,3.8264651170664994,2025-11
536578,2025-12-01,11,20,0.645,848.0,43.0,42.4,104.0,18.0,30.0,42.0,43.0,848.0,30.0,30.0,monthly,0.645,-0.43850496218636453,3.7471483622379123,2025-12
536578,2026-01-01,29,2,0.065,88.0,41.5,44.0,93.0,2.0,30.0,44.0,42.0,88.0,30.0,30.0,monthly,0.065,-2.7333680090865,3.784189633918261,2026-01
536578,2026-02-01,27,1,0.036,41.0,40.7,41.0,1.0,1.0,30.0,41.0,41.0,41.0,30.0,30.0,monthly,0.036,-3.3242363405260273,3.713572066704308,2026-02
536578,2026-03-01,21,10,0.323,406.0,40.7,40.6,74.0,17.0,30.0,41.0,41.0,406.0,30.0,30.0,monthly,0.323,-1.1301029557594804,3.703768066607687,2026-03
536578,2026-04-01,0,30,1.0,1239.0,41.3,41.3,,,30.0,41.0,41.0,1239.0,30.0,30.0,monthly,1.0,0.0,3.720862499966987,2026-04
536578,2026-05-01,0,31,1.0,1315.0,42.4,42.4,166.0,9.0,30.0,42.0,42.0,1315.0,30.0,30.0,monthly,1.0,0.0,3.7471483622379123,2026-05
536578,2026-06-01,17,13,0.433,775.0,57.4,59.6,67.0,6.0,30.0,60.0,57.0,775.0,30.0,30.0,monthly,0.433,-0.8370175509796473,4.087655574071304,2026-06
531455,2026-06-01,19,11,0.367,991.0,90.4,90.1,5.0,32.0,31.0,90.0,90.0,991.0,31.0,31.0,monthly,0.367,-1.0023934309275668,4.500920164614292,2026-06
253828,2025-07-01,28,3,0.097,1194.0,402.1,398.0,35.0,1.0,1.0,398.0,402.0,1194.0,1.0,,short_stay,0.097,-2.333044300478754,5.986452005284438,2025-07
253828,2025-08-01,28,3,0.097,1242.0,415.4,414.0,62.0,1.0,1.0,414.0,415.0,1242.0,1.0,,short_stay,0.097,-2.333044300478754,6.025865973825314,2025-08
253828,2025-09-01,28,2,0.067,834.0,421.5,417.0,100.0,2.0,1.0,417.0,422.0,834.0,1.0,,short_stay,0.067,-2.703062659591171,6.0330862217988015,2025-09
253828,2025-10-01,29,2,0.065,888.0,439.6,444.0,122.0,2.0,1.0,444.0,440.0,888.0,1.0,,short_stay,0.065,-2.7333680090865,6.095824562432225,2025-10
1313711,2025-07-01,2,29,0.935,5330.0,180.8,183.8,27.0,14.0,1.0,184.0,181.0,5330.0,1.0,1.0,short_stay,0.935,-0.06720874969344999,5.213848209921586,2025-07
1313711,2025-08-01,16,15,0.484,2802.0,191.1,186.8,12.0,2.0,1.0,187.0,191.0,2802.0,1.0,1.0,short_stay,0.484,-0.7256703722655053,5.230038525794742,2025-08
1313711,2025-09-01,14,16,0.533,4125.0,240.1,257.8,21.0,2.0,1.0,258.0,240.0,4125.0,1.0,1.0,short_stay,0.533,-0.6292338548162925,5.552184090505087,2025-09
1313711,2025-10-01,6,25,0.806,5111.0,201.4,204.4,24.0,5.0,1.0,204.0,201.0,5111.0,1.0,1.0,short_stay,0.806,-0.2156715364755087,5.320078858329549,2025-10
1313711,2025-11-01,17,13,0.433,2385.0,183.0,183.5,12.0,3.0,1.0,184.0,183.0,2385.0,1.0,1.0,short_stay,0.433,-0.8370175509796473,5.212214667494625,2025-11
1313711,2025-12-01,17,14,0.452,2705.0,184.0,193.2,51.0,3.0,1.0,193.0,184.0,2705.0,1.0,1.0,short_stay,0.452,-0.7940730991499059,5.263725921778417,2025-12
1313711,2026-01-01,30,1,0.032,209.0,169.3,209.0,,,1.0,209.0,169.0,209.0,1.0,1.0,short_stay,0.032,-3.4420193761824103,5.342334251964811,2026-01
1313711,2026-02-01,24,4,0.143,673.0,163.7,168.2,12.0,2.0,1.0,168.0,164.0,673.0,1.0,1.0,short_stay,0.143,-1.9449106487222299,5.125153747538848,2026-02
1313711,2026-03-01,30,1,0.032,188.0,154.5,188.0,6.0,1.0,1.0,188.0,155.0,188.0,1.0,1.0,short_stay,0.032,-3.4420193761824103,5.236441962829949,2026-03
1313711,2026-04-01,15,15,0.5,2545.0,165.9,169.7,15.0,6.0,1.0,170.0,166.0,2545.0,1.0,1.0,short_stay,0.5,-0.6931471805599453,5.134032172240181,2026-04
1313711,2026-05-01,12,19,0.613,3190.0,167.5,167.9,34.0,3.0,1.0,168.0,168.0,3190.0,1.0,1.0,short_stay,0.613,-0.48939034304592566,5.123368564083496,2026-05
1313711,2026-06-01,15,15,0.5,3054.0,236.3,203.6,13.0,2.0,1.0,204.0,236.0,3054.0,1.0,1.0,short_stay,0.5,-0.6931471805599453,5.316157284676367,2026-06
253332,2025-07-01,13,18,0.581,4060.0,220.3,225.6,1.0,1.0,3.0,226.0,220.0,4060.0,3.0,3.0,short_stay,0.581,-0.5430045221302259,5.418763519623904,2025-07
253332,2025-08-01,29,2,0.065,431.0,220.5,215.5,1.0,2.0,3.0,216.0,221.0,431.0,3.0,3.0,short_stay,0.065,-2.7333680090865,5.372960909543803,2025-08
253332,2025-09-01,4,26,0.867,6204.0,237.5,238.6,20.0,34.0,3.0,239.0,238.0,6204.0,3.0,3.0,short_stay,0.867,-0.1427163022015952,5.474788509663815,2025-09
253332,2025-10-01,0,31,1.0,7387.0,238.3,238.3,88.0,21.0,3.0,238.0,238.0,7387.0,3.0,3.0,short_stay,1.0,0.0,5.473530384104697,2025-10
253332,2025-11-01,10,20,0.667,4885.0,241.2,244.2,1.0,1.0,3.0,244.0,241.0,4885.0,3.0,3.0,short_stay,0.667,-0.4049652330665133,5.497987561676604,2025-11
253332,2025-12-01,1,30,0.968,6755.0,225.8,225.2,32.0,6.0,3.0,225.0,226.0,6755.0,3.0,3.0,short_stay,0.968,-0.03252319170556006,5.4169888962655355,2025-12
253332,2026-01-01,24,7,0.226,1592.0,227.8,227.4,47.0,5.0,3.0,227.0,228.0,1592.0,3.0,3.0,short_stay,0.226,-1.487220279709851,5.426710581316436,2026-01
253332,2026-03-01,24,7,0.226,1650.0,229.3,235.7,35.0,8.0,3.0,236.0,229.0,1650.0,3.0,3.0,short_stay,0.226,-1.487220279709851,5.462559809942086,2026-03
253332,2026-04-01,20,10,0.333,2380.0,234.6,238.0,13.0,4.0,3.0,238.0,235.0,2380.0,3.0,3.0,short_stay,0.333,-1.0996127890016931,5.472270673671475,2026-04
253332,2026-05-01,10,21,0.677,5128.0,241.2,244.2,48.0,7.0,3.0,244.0,241.0,5128.0,3.0,3.0,short_stay,0.677,-0.390084006069862,5.497987561676604,2026-05
253332,2026-06-01,10,20,0.667,4937.0,247.9,246.8,12.0,10.0,3.0,247.0,248.0,4937.0,3.0,3.0,short_stay,0.667,-0.4049652330665133,5.508578292031233,2026-06
266449,2025-07-01,2,29,0.935,4729.0,163.1,163.1,196.0,45.0,30.0,163.0,163.0,4729.0,30.0,33.0,monthly,0.935,-0.06720874969344999,5.094363509626968,2025-07
266449,2025-08-01,13,18,0.581,3072.0,169.7,170.7,215.0,2.0,30.0,171.0,170.0,3072.0,30.0,33.0,monthly,0.581,-0.5430045221302259,5.139907629800395,2025-08
266449,2025-09-01,0,30,1.0,5439.0,181.3,181.3,34.0,37.0,30.0,181.0,181.0,5439.0,30.0,33.0,monthly,1.0,0.0,5.200153117760806,2025-09
266449,2025-10-01,2,29,0.935,4621.0,158.4,159.3,43.0,30.0,30.0,159.0,158.0,4621.0,30.0,33.0,monthly,0.935,-0.06720874969344999,5.070789216916003,2025-10
266449,2025-11-01,19,11,0.367,1882.0,164.7,171.1,62.0,36.0,30.0,171.0,165.0,1882.0,30.0,33.0,monthly,0.367,-1.0023934309275668,5.1422481808981475,2025-11
266449,2025-12-01,0,31,1.0,4963.0,160.1,160.1,,,30.0,160.0,160.0,4963.0,30.0,33.0,monthly,1.0,0.0,5.075798620002669,2025-12
266449,2026-01-01,0,31,1.0,4448.0,143.5,143.5,,,30.0,144.0,144.0,4448.0,30.0,33.0,monthly,1.0,0.0,4.966335035199676,2026-01
266449,2026-02-01,19,9,0.321,1217.0,131.9,135.2,76.0,14.0,30.0,135.0,132.0,1217.0,30.0,33.0,monthly,0.321,-1.1363141558521213,4.906755163608864,2026-02
266449,2026-03-01,4,27,0.871,3559.0,134.2,131.8,,,30.0,132.0,134.0,3559.0,30.0,33.0,monthly,0.871,-0.13811330212963427,4.881285622068407,2026-03
266449,2026-04-01,14,16,0.533,2537.0,156.5,158.6,77.0,16.0,30.0,159.0,157.0,2537.0,30.0,33.0,monthly,0.533,-0.6292338548162925,5.066385309200747,2026-04
266449,2026-05-01,29,2,0.065,324.0,175.1,162.0,94.0,2.0,30.0,162.0,175.0,324.0,30.0,33.0,monthly,0.065,-2.7333680090865,5.087596335232384,2026-05
1354973,2025-07-01,8,23,0.742,5351.0,233.5,232.7,17.0,6.0,3.0,233.0,234.0,5351.0,1.0,5.0,short_stay,0.742,-0.2984060358147566,5.449750070308246,2025-07
1354973,2025-08-01,5,26,0.839,5926.0,228.8,227.9,29.0,7.0,4.0,228.0,229.0,5926.0,1.0,5.0,short_stay,0.839,-0.1755445725149309,5.4289069362516384,2025-08
1354973,2025-09-01,4,26,0.867,6009.0,231.0,231.1,72.0,6.0,4.0,231.0,231.0,6009.0,1.0,5.0,short_stay,0.867,-0.1427163022015952,5.442850517280335,2025-09
1354973,2025-10-01,5,26,0.839,6122.0,235.1,235.5,84.0,4.0,4.0,236.0,235.0,6122.0,1.0,5.0,short_stay,0.839,-0.1755445725149309,5.461710913456472,2025-10
1354973,2025-11-01,5,25,0.833,5709.0,228.0,228.4,69.0,3.0,4.0,228.0,228.0,5709.0,1.0,5.0,short_stay,0.833,-0.1827216368152944,5.431098477781855,2025-11
1354973,2025-12-01,7,24,0.774,6709.0,284.3,279.5,40.0,3.0,4.0,280.0,284.0,6709.0,1.0,5.0,short_stay,0.774,-0.2561834053924099,5.633002292595154,2025-12
1354973,2026-01-01,12,19,0.613,4206.0,219.6,221.4,37.0,5.0,5.0,221.0,220.0,4206.0,1.0,5.0,short_stay,0.613,-0.48939034304592566,5.399971020274537,2026-01
1354973,2026-02-01,19,9,0.321,1821.0,203.2,202.3,21.0,4.0,4.0,202.0,203.0,1821.0,1.0,5.0,short_stay,0.321,-1.1363141558521213,5.3097517441737,2026-02
1354973,2026-03-01,6,25,0.806,5293.0,211.6,211.7,85.0,4.0,4.0,212.0,212.0,5293.0,1.0,5.0,short_stay,0.806,-0.2156715364755087,5.35517017814082,2026-03
1354973,2026-04-01,17,13,0.433,3119.0,240.1,239.9,81.0,4.0,4.0,240.0,240.0,3119.0,1.0,5.0,short_stay,0.433,-0.8370175509796473,5.480222169845649,2026-04
1354973,2026-05-01,7,24,0.774,5411.0,226.7,225.5,80.0,4.0,4.0,226.0,227.0,5411.0,1.0,5.0,short_stay,0.774,-0.2561834053924099,5.418320158942733,2026-05
1354973,2026-06-01,10,20,0.667,8014.0,388.5,400.7,76.0,2.0,4.0,401.0,389.0,8014.0,1.0,5.0,short_stay,0.667,-0.4049652330665133,5.993213017642099,2026-06
712127,2025-08-01,28,3,0.097,207.0,67.3,69.0,1.0,6.0,30.0,69.0,67.0,207.0,30.0,30.0,monthly,0.097,-2.333044300478754,4.23410650459726,2025-08
712127,2025-09-01,24,6,0.2,386.0,67.3,64.3,1.0,6.0,30.0,64.0,67.0,386.0,30.0,30.0,monthly,0.2,-1.6094379124341003,4.163559631243574,2025-09
712127,2025-10-01,28,3,0.097,197.0,66.6,65.7,,,30.0,66.0,67.0,197.0,30.0,30.0,monthly,0.097,-2.333044300478754,4.185098925490565,2025-10
712127,2026-03-01,26,5,0.161,315.0,62.1,63.0,1.0,6.0,30.0,63.0,62.0,315.0,30.0,30.0,monthly,0.161,-1.8263509139976741,4.143134726391533,2026-03
712127,2026-04-01,29,1,0.033,62.0,63.2,62.0,,,30.0,62.0,63.0,62.0,30.0,30.0,monthly,0.033,-3.4112477175156566,4.127134385045092,2026-04
982276,2025-09-01,16,14,0.467,1335.0,96.2,95.4,7.0,14.0,30.0,95.0,96.0,1335.0,30.0,30.0,monthly,0.467,-0.7614260213132397,4.558078578454241,2025-09
982276,2025-11-01,0,30,1.0,2869.0,95.6,95.6,53.0,30.0,30.0,96.0,96.0,2869.0,30.0,30.0,monthly,1.0,0.0,4.560172820057356,2025-11
982276,2026-01-01,26,5,0.161,465.0,92.2,93.0,1.0,1.0,30.0,93.0,92.0,465.0,30.0,30.0,monthly,0.161,-1.8263509139976741,4.532599493153256,2026-01
982276,2026-02-01,26,2,0.071,180.0,90.4,90.0,1.0,2.0,30.0,90.0,90.0,180.0,30.0,30.0,monthly,0.071,-2.645075401940822,4.499809670330265,2026-02
982276,2026-03-01,25,6,0.194,547.0,89.4,91.2,33.0,3.0,30.0,91.0,89.0,547.0,30.0,30.0,monthly,0.194,-1.6398971199188088,4.513054897080286,2026-03
982276,2026-04-01,24,6,0.2,534.0,90.6,89.0,19.0,3.0,30.0,89.0,91.0,534.0,30.0,30.0,monthly,0.2,-1.6094379124341003,4.48863636973214,2026-04
150804,2025-09-01,10,20,0.667,9150.0,463.9,457.5,110.0,5.0,3.0,458.0,464.0,9150.0,4.0,4.0,short_stay,0.667,-0.4049652330665133,6.125776884715576,2025-09
150804,2025-10-01,14,17,0.548,7932.0,471.0,466.6,123.0,5.0,4.0,467.0,471.0,7932.0,4.0,4.0,short_stay,0.548,-0.6014799920341214,6.1454723595873295,2025-10
150804,2025-11-01,11,19,0.633,9096.0,480.8,478.7,129.0,5.0,4.0,479.0,481.0,9096.0,4.0,4.0,short_stay,0.633,-0.45728485683796083,6.171074096398463,2025-11
150804,2025-12-01,7,24,0.774,10916.0,453.8,454.8,84.0,4.0,3.0,455.0,454.0,10916.0,4.0,4.0,short_stay,0.774,-0.2561834053924099,6.119857761876381,2025-12
150804,2026-03-01,12,19,0.613,9525.0,495.7,501.3,6.0,6.0,4.0,501.0,496.0,9525.0,4.0,4.0,short_stay,0.613,-0.48939034304592566,6.2172047242694575,2026-03
150804,2026-04-01,14,16,0.533,7986.0,508.9,499.1,64.0,4.0,4.0,499.0,509.0,7986.0,4.0,4.0,short_stay,0.533,-0.6292338548162925,6.2128064764755635,2026-04
150804,2026-05-01,6,25,0.806,13073.0,522.4,522.9,130.0,5.0,4.0,523.0,522.0,13073.0,4.0,4.0,short_stay,0.806,-0.2156715364755087,6.259390241194085,2026-05
150804,2026-06-01,2,28,0.933,14540.0,519.6,519.3,117.0,24.0,4.0,519.0,520.0,14540.0,4.0,4.0,short_stay,0.933,-0.06935007813479317,6.252481750850273,2026-06
528485,2025-08-01,16,15,0.484,959.0,63.6,63.9,9.0,15.0,30.0,64.0,64.0,959.0,30.0,30.0,monthly,0.484,-0.7256703722655053,4.157319361383489,2025-08
528485,2025-09-01,7,23,0.767,1516.0,65.2,65.9,1.0,23.0,30.0,66.0,65.0,1516.0,30.0,30.0,monthly,0.767,-0.26526847761488087,4.188138441508461,2025-09
528485,2025-10-01,7,24,0.774,1778.0,73.1,74.1,1.0,24.0,30.0,74.0,73.0,1778.0,30.0,30.0,monthly,0.774,-0.2561834053924099,4.3054155323020415,2025-10
528485,2025-11-01,6,24,0.8,1681.0,71.0,70.0,1.0,24.0,30.0,70.0,71.0,1681.0,30.0,30.0,monthly,0.8,-0.2231435513142097,4.248495242049359,2025-11
528485,2025-12-01,6,25,0.806,1625.0,64.1,65.0,1.0,25.0,30.0,65.0,64.0,1625.0,30.0,30.0,monthly,0.806,-0.2156715364755087,4.174387269895637,2025-12
528485,2026-01-01,3,28,0.903,1891.0,67.3,67.5,3.0,28.0,30.0,68.0,67.0,1891.0,30.0,30.0,monthly,0.903,-0.10203272556515161,4.212127597878484,2026-01
528485,2026-02-01,27,1,0.036,64.0,67.2,64.0,12.0,1.0,30.0,64.0,67.0,64.0,30.0,30.0,monthly,0.036,-3.3242363405260273,4.1588830833596715,2026-02
528485,2026-03-01,28,3,0.097,213.0,76.0,71.0,1.0,1.0,30.0,71.0,76.0,213.0,30.0,30.0,monthly,0.097,-2.333044300478754,4.2626798770413155,2026-03
528485,2026-04-01,3,27,0.9,1975.0,73.2,73.1,3.0,40.0,30.0,73.0,73.0,1975.0,30.0,30.0,monthly,0.9,-0.10536051565782628,4.291828366755733,2026-04
528485,2026-05-01,1,30,0.968,2207.0,73.5,73.6,50.0,30.0,30.0,74.0,74.0,2207.0,30.0,30.0,monthly,0.968,-0.03252319170556006,4.298645025734831,2026-05
528485,2026-06-01,17,13,0.433,958.0,73.4,73.7,,,30.0,74.0,73.0,958.0,30.0,30.0,monthly,0.433,-0.8370175509796473,4.300002799195291,2026-06
476983,2025-07-01,0,31,1.0,1535.0,49.5,49.5,,,30.0,50.0,50.0,1535.0,30.0,30.0,monthly,1.0,0.0,3.901972669574645,2025-07
476983,2025-08-01,15,16,0.516,761.0,47.3,47.6,,,30.0,48.0,47.0,761.0,30.0,30.0,monthly,0.516,-0.6616485135005743,3.8628327612373745,2025-08
476983,2025-09-01,14,16,0.533,763.0,47.9,47.7,165.0,33.0,30.0,48.0,48.0,763.0,30.0,30.0,monthly,0.533,-0.6292338548162925,3.8649313978942956,2025-09
476983,2025-10-01,0,31,1.0,1556.0,50.2,50.2,209.0,34.0,30.0,50.0,50.0,1556.0,30.0,30.0,monthly,1.0,0.0,3.9160150266976834,2025-10
476983,2025-11-01,9,21,0.7,1031.0,49.0,49.1,37.0,22.0,30.0,49.0,49.0,1031.0,30.0,30.0,monthly,0.7,-0.35667494393873245,3.893859034800475,2025-11
476983,2025-12-01,9,22,0.71,1050.0,47.5,47.7,66.0,1.0,30.0,48.0,48.0,1050.0,30.0,30.0,monthly,0.71,-0.342490308946776,3.8649313978942956,2025-12
476983,2026-01-01,17,14,0.452,677.0,47.8,48.4,180.0,21.0,30.0,48.0,48.0,677.0,30.0,30.0,monthly,0.452,-0.7940730991499059,3.879499813722586,2026-01
476983,2026-02-01,0,28,1.0,1406.0,50.2,50.2,,,30.0,50.0,50.0,1406.0,30.0,30.0,monthly,1.0,0.0,3.9160150266976834,2026-02
476983,2026-03-01,0,31,1.0,1639.0,52.9,52.9,15.0,32.0,30.0,53.0,53.0,1639.0,30.0,30.0,monthly,1.0,0.0,3.9684033388642534,2026-03
476983,2026-04-01,28,2,0.067,104.0,52.2,52.0,,,30.0,52.0,52.0,104.0,30.0,30.0,monthly,0.067,-2.703062659591171,3.9512437185814275,2026-04
67299,2025-07-01,0,31,1.0,5591.0,180.4,180.4,28.0,30.0,30.0,180.0,180.0,5591.0,30.0,30.0,monthly,1.0,0.0,5.1951766076285235,2025-07
67299,2025-08-01,2,29,0.935,4525.0,156.3,156.0,,,30.0,156.0,156.0,4525.0,30.0,30.0,monthly,0.935,-0.06720874969344999,5.049856007249537,2025-08
67299,2025-09-01,0,30,1.0,4250.0,141.7,141.7,13.0,30.0,30.0,142.0,142.0,4250.0,30.0,30.0,monthly,1.0,0.0,4.953712146696635,2025-09
67299,2025-10-01,3,28,0.903,4367.0,154.6,156.0,46.0,41.0,30.0,156.0,155.0,4367.0,30.0,30.0,monthly,0.903,-0.10203272556515161,5.049856007249537,2025-10
67299,2025-11-01,10,20,0.667,2952.0,143.7,147.6,47.0,11.0,30.0,148.0,144.0,2952.0,30.0,30.0,monthly,0.667,-0.4049652330665133,4.994505912166372,2025-11
67299,2025-12-01,15,16,0.516,2266.0,140.4,141.6,51.0,1.0,30.0,142.0,140.0,2266.0,30.0,30.0,monthly,0.516,-0.6616485135005743,4.953006181259619,2025-12
67299,2026-01-01,30,1,0.032,145.0,130.4,145.0,72.0,14.0,30.0,145.0,130.0,145.0,30.0,30.0,monthly,0.032,-3.4420193761824103,4.976733742420574,2026-01
67299,2026-02-01,0,28,1.0,3917.0,139.9,139.9,32.0,15.0,30.0,140.0,140.0,3917.0,30.0,30.0,monthly,1.0,0.0,4.940927881671436,2026-02
67299,2026-03-01,4,27,0.871,4362.0,162.8,161.6,52.0,30.0,30.0,162.0,163.0,4362.0,30.0,30.0,monthly,0.871,-0.13811330212963427,5.085124146086995,2026-03
67299,2026-04-01,0,30,1.0,6037.0,201.2,201.2,34.0,30.0,30.0,201.0,201.0,6037.0,30.0,30.0,monthly,1.0,0.0,5.304299438225584,2026-04
67299,2026-05-01,12,19,0.613,3835.0,197.4,201.8,,,30.0,202.0,197.0,3835.0,30.0,30.0,monthly,0.613,-0.48939034304592566,5.307277107919509,2026-05
67299,2026-06-01,26,4,0.133,731.0,185.3,182.8,61.0,2.0,30.0,183.0,185.0,731.0,30.0,30.0,monthly,0.133,-2.017406150760383,5.20839265902005,2026-06
944840,2026-03-01,1,30,0.968,3355.0,111.8,111.8,77.0,35.0,40.0,112.0,112.0,3355.0,40.0,40.0,monthly,0.968,-0.03252319170556006,4.716711560720999,2026-03
944840,2026-04-01,25,5,0.167,560.0,113.1,112.0,,,40.0,112.0,113.0,560.0,40.0,40.0,monthly,0.167,-1.7897614665653818,4.718498871295094,2026-04
944840,2026-06-01,15,15,0.5,1667.0,111.6,111.1,1.0,15.0,40.0,111.0,112.0,1667.0,40.0,40.0,monthly,0.5,-0.6931471805599453,4.7104306966455844,2026-06
507393,2025-08-01,19,12,0.387,612.0,52.3,51.0,185.0,21.0,30.0,51.0,52.0,612.0,30.0,30.0,monthly,0.387,-0.9493305859523552,3.9318256327243257,2025-08
507393,2025-09-01,0,30,1.0,1558.0,51.9,51.9,,,30.0,52.0,52.0,1558.0,30.0,30.0,monthly,1.0,0.0,3.949318790171843,2025-09
507393,2025-10-01,8,23,0.742,1168.0,49.0,50.8,62.0,16.0,30.0,51.0,49.0,1168.0,30.0,30.0,monthly,0.742,-0.2984060358147566,3.927896354584436,2025-10
507393,2025-11-01,20,10,0.333,519.0,51.9,51.9,,,30.0,52.0,52.0,519.0,30.0,30.0,monthly,0.333,-1.0996127890016931,3.949318790171843,2025-11
333323,2025-07-01,0,31,1.0,2905.0,93.7,93.7,,,30.0,94.0,94.0,2905.0,30.0,,monthly,1.0,0.0,4.540098189244376,2025-07
333323,2025-08-01,9,22,0.71,2009.0,90.7,91.3,1.0,22.0,30.0,91.0,91.0,2009.0,30.0,,monthly,0.71,-0.342490308946776,4.514150787600923,2025-08
333323,2025-09-01,15,15,0.5,1538.0,104.8,102.5,1.0,5.0,30.0,103.0,105.0,1538.0,30.0,,monthly,0.5,-0.6931471805599453,4.629862798578463,2025-09
333323,2026-01-01,27,4,0.129,338.0,89.6,84.5,12.0,16.0,30.0,85.0,90.0,338.0,30.0,,monthly,0.129,-2.047942874620465,4.436751534363128,2026-01
333323,2026-02-01,3,25,0.893,1948.0,78.1,77.9,1.0,25.0,30.0,78.0,78.0,1948.0,30.0,,monthly,0.893,-0.11316869810563798,4.355425952876702,2026-02
333323,2026-03-01,7,24,0.774,1964.0,81.9,81.8,3.0,28.0,30.0,82.0,82.0,1964.0,30.0,,monthly,0.774,-0.2561834053924099,4.404277243608702,2026-03
333323,2026-04-01,14,16,0.533,1376.0,86.1,86.0,,,30.0,86.0,86.0,1376.0,30.0,,monthly,0.533,-0.6292338548162925,4.454347296253507,2026-04
333323,2026-06-01,28,2,0.067,259.0,125.0,129.5,22.0,63.0,30.0,130.0,125.0,259.0,30.0,,monthly,0.067,-2.703062659591171,4.863680881139593,2026-06
817113,2025-07-01,8,23,0.742,2237.0,99.7,97.3,22.0,45.0,30.0,97.0,100.0,2237.0,30.0,30.0,monthly,0.742,-0.2984060358147566,4.577798989191959,2025-07
817113,2025-08-01,9,22,0.71,1901.0,80.0,86.4,,,30.0,86.0,80.0,1901.0,30.0,30.0,monthly,0.71,-0.342490308946776,4.45898767581001,2025-08
1411811,2025-07-01,9,22,0.71,8544.0,390.2,388.4,24.0,4.0,1.0,388.0,390.0,8544.0,1.0,,short_stay,0.71,-0.342490308946776,5.96203573641717,2025-07
1411811,2025-08-01,3,28,0.903,10148.0,361.3,362.4,20.0,4.0,1.0,362.0,361.0,10148.0,1.0,,short_stay,0.903,-0.10203272556515161,5.892748574168825,2025-08
1411811,2025-09-01,3,27,0.9,11182.0,414.2,414.1,26.0,5.0,1.0,414.0,414.0,11182.0,1.0,,short_stay,0.9,-0.10536051565782628,6.026107490551522,2025-09
1411811,2025-10-01,0,31,1.0,13041.0,420.7,420.7,18.0,6.0,1.0,421.0,421.0,13041.0,1.0,,short_stay,1.0,0.0,6.041919990596475,2025-10
1411811,2025-11-01,8,22,0.733,9311.0,418.8,423.2,29.0,8.0,1.0,423.0,419.0,9311.0,1.0,,short_stay,0.733,-0.3106095770954856,6.04784488054409,2025-11
1411811,2025-12-01,10,21,0.677,8868.0,413.6,422.3,31.0,3.0,1.0,422.0,414.0,8868.0,1.0,,short_stay,0.677,-0.390084006069862,6.045715961939898,2025-12
1411811,2026-01-01,2,29,0.935,8018.0,276.1,276.5,22.0,11.0,1.0,277.0,276.0,8018.0,1.0,,short_stay,0.935,-0.06720874969344999,5.6222108209623896,2026-01
1411811,2026-02-01,10,18,0.643,7103.0,381.6,394.6,2.0,10.0,1.0,395.0,382.0,7103.0,1.0,,short_stay,0.643,-0.44161055474451766,5.977872593588515,2026-02
1411811,2026-03-01,15,16,0.516,7828.0,480.1,489.2,1.0,17.0,1.0,489.0,480.0,7828.0,1.0,,short_stay,0.516,-0.6616485135005743,6.192771403813017,2026-03
1411811,2026-04-01,1,29,0.967,14957.0,515.8,515.8,17.0,10.0,1.0,516.0,516.0,14957.0,1.0,,short_stay,0.967,-0.033556783528842754,6.245719093447244,2026-04
1411811,2026-05-01,9,22,0.71,11155.0,501.7,507.0,23.0,5.0,1.0,507.0,502.0,11155.0,1.0,,short_stay,0.71,-0.342490308946776,6.2285110035911835,2026-05
1411811,2026-06-01,6,24,0.8,11559.0,477.3,481.6,33.0,8.0,1.0,482.0,477.0,11559.0,1.0,,short_stay,0.8,-0.2231435513142097,6.177113893994611,2026-06
302238,2025-07-01,0,31,1.0,6406.0,206.6,206.6,,,30.0,207.0,207.0,6406.0,30.0,,monthly,1.0,0.0,5.330784556685538,2025-07
302238,2025-08-01,20,11,0.355,2422.0,220.8,220.2,,,30.0,220.0,221.0,2422.0,30.0,,monthly,0.355,-1.0356374895067213,5.394536224288579,2025-08
302238,2026-02-01,23,5,0.179,1225.0,240.7,245.0,1.0,5.0,30.0,245.0,241.0,1225.0,30.0,,monthly,0.179,-1.720369473141382,5.501258210544727,2026-02
255601,2025-07-01,1,30,0.968,7904.0,262.8,263.5,77.0,6.0,4.0,264.0,263.0,7904.0,1.0,47070269.0,short_stay,0.968,-0.03252319170556006,5.574053367981417,2025-07
255601,2025-08-01,1,30,0.968,8072.0,268.3,269.1,53.0,9.0,4.0,269.0,268.0,8072.0,1.0,47070269.0,short_stay,0.968,-0.03252319170556006,5.59508305773286,2025-08
255601,2025-09-01,1,29,0.967,7668.0,264.7,264.4,136.0,12.0,4.0,264.0,265.0,7668.0,1.0,47070269.0,short_stay,0.967,-0.033556783528842754,5.577463107977531,2025-09
255601,2025-10-01,0,31,1.0,8257.0,266.4,266.4,155.0,7.0,4.0,266.0,266.0,8257.0,1.0,47070269.0,short_stay,1.0,0.0,5.584998938666234,2025-10
255601,2025-11-01,3,27,0.9,6784.0,251.5,251.3,35.0,4.0,4.0,251.0,252.0,6784.0,1.0,47070269.0,short_stay,0.9,-0.10536051565782628,5.526647444549546,2025-11
255601,2025-12-01,3,28,0.903,7506.0,273.3,268.1,106.0,4.0,4.0,268.0,273.0,7506.0,1.0,47070269.0,short_stay,0.903,-0.10203272556515161,5.591360045241914,2025-12
255601,2026-01-01,3,28,0.903,6790.0,242.0,242.5,28.0,5.0,4.0,243.0,242.0,6790.0,1.0,47070269.0,short_stay,0.903,-0.10203272556515161,5.491001710377538,2026-01
255601,2026-02-01,11,17,0.607,4136.0,239.8,243.3,74.0,5.0,4.0,243.0,240.0,4136.0,1.0,47070269.0,short_stay,0.607,-0.4992264879226388,5.494295249789477,2026-02
255601,2026-03-01,9,22,0.71,5547.0,248.7,252.1,45.0,6.0,4.0,252.0,249.0,5547.0,1.0,47070269.0,short_stay,0.71,-0.342490308946776,5.529825834193874,2026-03
255601,2026-04-01,4,26,0.867,6805.0,261.2,261.7,85.0,6.0,4.0,262.0,261.0,6805.0,1.0,47070269.0,short_stay,0.867,-0.1427163022015952,5.5671988095361,2026-04
255601,2026-05-01,2,29,0.935,8882.0,306.4,306.3,105.0,3.0,4.0,306.0,306.0,8882.0,1.0,47070269.0,short_stay,0.935,-0.06720874969344999,5.724565013838729,2026-05
255601,2026-06-01,21,9,0.3,3076.0,287.9,341.8,97.0,1.0,3.0,342.0,288.0,3076.0,1.0,47070269.0,short_stay,0.3,-1.2039728043259361,5.83422577068149,2026-06
1027808,2025-07-01,22,9,0.29,4737.0,516.2,526.3,1.0,6.0,30.0,526.0,516.0,4737.0,30.0,1.0,monthly,0.29,-1.2378743560016174,6.265871392359733,2025-07
1027808,2025-08-01,24,7,0.226,3539.0,509.2,505.6,1.0,6.0,30.0,506.0,509.0,3539.0,30.0,1.0,monthly,0.226,-1.487220279709851,6.225745842832648,2025-08
1027808,2025-09-01,24,6,0.2,3358.0,518.9,559.7,1.0,25.0,30.0,560.0,519.0,3358.0,30.0,1.0,monthly,0.2,-1.6094379124341003,6.327400925897314,2025-09
1027808,2025-10-01,12,19,0.613,9995.0,519.4,526.1,,,30.0,526.0,519.0,9995.0,30.0,1.0,monthly,0.613,-0.48939034304592566,6.265491308736761,2025-10
1057022,2025-07-01,2,29,0.935,5277.0,182.0,182.0,131.0,46.0,30.0,182.0,182.0,5277.0,30.0,30.0,monthly,0.935,-0.06720874969344999,5.204006687076795,2025-07
1057022,2025-08-01,0,31,1.0,4772.0,153.9,153.9,46.0,30.0,30.0,154.0,154.0,4772.0,30.0,30.0,monthly,1.0,0.0,5.0363030408448335,2025-08
1057022,2025-09-01,14,16,0.533,2604.0,154.2,162.8,,,30.0,163.0,154.0,2604.0,30.0,30.0,monthly,0.533,-0.6292338548162925,5.09252245356844,2025-09
1057022,2025-12-01,30,1,0.032,152.0,146.7,152.0,1.0,1.0,30.0,152.0,147.0,152.0,30.0,30.0,monthly,0.032,-3.4420193761824103,5.0238805208462765,2025-12
1057022,2026-01-01,30,1,0.032,159.0,150.6,159.0,1.0,1.0,30.0,159.0,151.0,159.0,30.0,30.0,monthly,0.032,-3.4420193761824103,5.0689042022202315,2026-01
1057022,2026-02-01,27,1,0.036,148.0,139.9,148.0,1.0,1.0,30.0,148.0,140.0,148.0,30.0,30.0,monthly,0.036,-3.3242363405260273,4.997212273764115,2026-02
1057022,2026-03-01,4,27,0.871,3940.0,144.9,145.9,18.0,33.0,30.0,146.0,145.0,3940.0,30.0,30.0,monthly,0.871,-0.13811330212963427,4.98292145552874,2026-03
1057022,2026-04-01,15,15,0.5,2181.0,145.2,145.4,34.0,7.0,30.0,145.0,145.0,2181.0,30.0,30.0,monthly,0.5,-0.6931471805599453,4.979488565099419,2026-04
1057022,2026-05-01,25,6,0.194,928.0,151.0,154.7,,,30.0,155.0,151.0,928.0,30.0,30.0,monthly,0.194,-1.6398971199188088,5.04148775757902,2026-05
1326566,2026-03-01,28,3,0.097,243.0,81.4,81.0,,,30.0,81.0,81.0,243.0,30.0,30.0,monthly,0.097,-2.333044300478754,4.394449154672439,2026-03
1326566,2026-05-01,30,1,0.032,78.0,79.2,78.0,1.0,1.0,30.0,78.0,79.0,78.0,30.0,30.0,monthly,0.032,-3.4420193761824103,4.356708826689592,2026-05
873701,2025-07-01,0,31,1.0,3844.0,124.0,124.0,58.0,45.0,30.0,124.0,124.0,3844.0,30.0,30.0,monthly,1.0,0.0,4.820281565605037,2025-07
873701,2025-08-01,0,31,1.0,4121.0,132.9,132.9,98.0,1.0,30.0,133.0,133.0,4121.0,30.0,30.0,monthly,1.0,0.0,4.8895969657192,2025-08
873701,2025-09-01,1,29,0.967,3512.0,120.5,121.1,49.0,63.0,30.0,121.0,121.0,3512.0,30.0,30.0,monthly,0.967,-0.033556783528842754,4.796616650559047,2025-09
873701,2025-10-01,0,31,1.0,4059.0,130.9,130.9,,,30.0,131.0,131.0,4059.0,30.0,30.0,monthly,1.0,0.0,4.874433672915854,2025-10
873701,2025-11-01,0,30,1.0,3649.0,121.6,121.6,23.0,29.0,30.0,122.0,122.0,3649.0,30.0,30.0,monthly,1.0,0.0,4.800736969532067,2025-11
873701,2025-12-01,29,2,0.065,246.0,127.1,123.0,,,30.0,123.0,127.0,246.0,30.0,30.0,monthly,0.065,-2.7333680090865,4.812184355372417,2025-12
873701,2026-03-01,18,13,0.419,1683.0,123.3,129.5,128.0,46.0,30.0,130.0,123.0,1683.0,30.0,30.0,monthly,0.419,-0.8698843590599994,4.863680881139593,2026-03
873701,2026-04-01,0,30,1.0,3779.0,126.0,126.0,,,30.0,126.0,126.0,3779.0,30.0,30.0,monthly,1.0,0.0,4.836281906951478,2026-04
873701,2026-05-01,25,6,0.194,763.0,128.4,127.2,113.0,5.0,30.0,127.0,128.0,763.0,30.0,30.0,monthly,0.194,-1.6398971199188088,4.845760650906022,2026-05
873701,2026-06-01,28,2,0.067,254.0,128.8,127.0,,,30.0,127.0,129.0,254.0,30.0,30.0,monthly,0.067,-2.703062659591171,4.844187086458591,2026-06
24285,2025-07-01,28,3,0.097,654.0,216.8,218.0,115.0,1.0,30.0,218.0,217.0,654.0,30.0,30.0,monthly,0.097,-2.333044300478754,5.384495062789089,2025-07
24285,2025-08-01,27,4,0.129,866.0,216.5,216.5,131.0,2.0,30.0,217.0,217.0,866.0,30.0,30.0,monthly,0.129,-2.047942874620465,5.377590547442544,2025-08
24285,2025-09-01,26,4,0.133,853.0,215.1,213.2,146.0,2.0,30.0,213.0,215.0,853.0,30.0,30.0,monthly,0.133,-2.017406150760383,5.362230692291689,2025-09
24285,2025-10-01,26,5,0.161,1075.0,214.4,215.0,161.0,1.0,30.0,215.0,214.0,1075.0,30.0,30.0,monthly,0.161,-1.8263509139976741,5.3706380281276624,2025-10
24285,2025-11-01,29,1,0.033,213.0,218.8,213.0,338.0,1.0,30.0,213.0,219.0,213.0,30.0,30.0,monthly,0.033,-3.4112477175156566,5.3612921657094255,2025-11
846854,2025-07-01,0,31,1.0,12143.0,391.7,391.7,103.0,19.0,30.0,392.0,392.0,12143.0,30.0,,monthly,1.0,0.0,5.970496240671785,2025-07
846854,2025-08-01,24,7,0.226,2725.0,394.4,389.3,,,30.0,389.0,394.0,2725.0,30.0,,monthly,0.226,-1.487220279709851,5.96435025461641,2025-08
846854,2025-09-01,8,22,0.733,8519.0,390.4,387.2,103.0,22.0,30.0,387.0,390.0,8519.0,30.0,,monthly,0.733,-0.3106095770954856,5.9589413554024215,2025-09
846854,2025-10-01,24,7,0.226,2795.0,391.1,399.3,281.0,32.0,30.0,399.0,391.0,2795.0,30.0,,monthly,0.226,-1.487220279709851,5.989713014069176,2025-10
846854,2025-11-01,1,29,0.967,11002.0,379.5,379.4,81.0,4.0,30.0,379.0,380.0,11002.0,30.0,,monthly,0.967,-0.033556783528842754,5.938591057500914,2025-11
846854,2025-12-01,14,17,0.548,6292.0,372.2,370.1,86.0,17.0,30.0,370.0,372.0,6292.0,30.0,,monthly,0.548,-0.6014799920341214,5.9137732393921105,2025-12
846854,2026-04-01,28,2,0.067,802.0,413.0,401.0,236.0,1.0,30.0,401.0,413.0,802.0,30.0,,monthly,0.067,-2.703062659591171,5.993961427306569,2026-04
846854,2026-05-01,28,3,0.097,1749.0,518.0,583.0,146.0,1.0,30.0,583.0,518.0,1749.0,30.0,,monthly,0.097,-2.333044300478754,6.368187186350492,2026-05
846854,2026-06-01,29,1,0.033,697.0,674.9,697.0,125.0,1.0,30.0,697.0,675.0,697.0,30.0,,monthly,0.033,-3.4112477175156566,6.546785410760524,2026-06
218358,2025-07-01,0,31,1.0,2681.0,86.5,86.5,,,30.0,87.0,87.0,2681.0,30.0,30.0,monthly,1.0,0.0,4.460144413937834,2025-07
218358,2025-08-01,16,15,0.484,955.0,66.4,63.7,3.0,7.0,30.0,64.0,66.0,955.0,30.0,30.0,monthly,0.484,-0.7256703722655053,4.154184562578117,2025-08
218358,2025-09-01,8,22,0.733,1540.0,70.6,70.0,,,30.0,70.0,71.0,1540.0,30.0,30.0,monthly,0.733,-0.3106095770954856,4.248495242049359,2025-09
218358,2025-10-01,11,20,0.645,1458.0,73.4,72.9,21.0,6.0,30.0,73.0,73.0,1458.0,30.0,30.0,monthly,0.645,-0.43850496218636453,4.289088639014612,2025-10
666837,2025-07-01,27,4,0.129,495.0,125.2,123.8,,,31.0,124.0,125.0,495.0,31.0,31.0,monthly,0.129,-2.047942874620465,4.818667360250496,2025-07
666837,2025-10-01,18,13,0.419,1654.0,127.5,127.2,40.0,23.0,31.0,127.0,128.0,1654.0,31.0,31.0,monthly,0.419,-0.8698843590599994,4.845760650906022,2025-10
666837,2025-11-01,0,30,1.0,3619.0,120.6,120.6,,,31.0,121.0,121.0,3619.0,31.0,31.0,monthly,1.0,0.0,4.792479284293085,2025-11
666837,2025-12-01,28,3,0.097,366.0,119.9,122.0,,,31.0,122.0,120.0,366.0,31.0,31.0,monthly,0.097,-2.333044300478754,4.804021044733257,2025-12
666837,2026-01-01,12,19,0.613,2337.0,123.9,123.0,12.0,24.0,31.0,123.0,124.0,2337.0,31.0,31.0,monthly,0.613,-0.48939034304592566,4.812184355372417,2026-01
666837,2026-02-01,0,28,1.0,3931.0,140.4,140.4,,,31.0,140.0,140.0,3931.0,31.0,31.0,monthly,1.0,0.0,4.944495491591711,2026-02
666837,2026-03-01,1,30,0.968,4765.0,158.5,158.8,1.0,31.0,31.0,159.0,159.0,4765.0,31.0,31.0,monthly,0.968,-0.03252319170556006,5.067645548813036,2026-03
666837,2026-04-01,8,22,0.733,3459.0,155.7,157.2,3.0,5.0,31.0,157.0,156.0,3459.0,31.0,31.0,monthly,0.733,-0.3106095770954856,5.057518879995106,2026-04
666837,2026-05-01,29,2,0.065,305.0,151.5,152.5,,,31.0,153.0,152.0,305.0,31.0,31.0,monthly,0.065,-2.7333680090865,5.0271645960474665,2026-05
666837,2026-06-01,27,3,0.1,450.0,150.7,150.0,84.0,10.0,31.0,150.0,151.0,450.0,31.0,31.0,monthly,0.1,-2.3025850929940455,5.0106352940962555,2026-06
46911,2025-07-01,5,26,0.839,2455.0,90.5,94.4,,,30.0,94.0,91.0,2455.0,14.0,22.0,short_stay,0.839,-0.1755445725149309,4.547541073151455,2025-07
46911,2025-08-01,4,27,0.871,1858.0,68.7,68.8,16.0,31.0,30.0,69.0,69.0,1858.0,14.0,22.0,short_stay,0.871,-0.13811330212963427,4.231203744939298,2025-08
46911,2025-09-01,16,14,0.467,926.0,66.7,66.1,42.0,3.0,30.0,66.0,67.0,926.0,14.0,22.0,short_stay,0.467,-0.7614260213132397,4.191168746857641,2025-09
46911,2025-10-01,26,5,0.161,332.0,73.5,66.4,,,30.0,66.0,74.0,332.0,14.0,22.0,short_stay,0.161,-1.8263509139976741,4.1956970564823886,2025-10
46911,2026-01-01,12,19,0.613,1367.0,72.2,71.9,48.0,45.0,16.0,72.0,72.0,1367.0,14.0,22.0,short_stay,0.613,-0.48939034304592566,4.275276264727001,2026-01
46911,2026-02-01,2,26,0.929,2059.0,78.4,79.2,,,14.0,79.0,78.0,2059.0,14.0,22.0,short_stay,0.929,-0.07364654016829848,4.37197629882038,2026-02
46911,2026-03-01,12,19,0.613,1936.0,91.3,101.9,1.0,19.0,14.0,102.0,91.0,1936.0,14.0,22.0,short_stay,0.613,-0.48939034304592566,4.623991940228679,2026-03
46911,2026-04-01,5,25,0.833,1791.0,71.4,71.6,60.0,58.0,14.0,72.0,71.0,1791.0,14.0,22.0,short_stay,0.833,-0.1827216368152944,4.2710950739666,2026-04
46911,2026-05-01,0,31,1.0,2297.0,74.1,74.1,,,14.0,74.0,74.0,2297.0,14.0,22.0,short_stay,1.0,0.0,4.3054155323020415,2026-05
46911,2026-06-01,8,22,0.733,2159.0,98.1,98.1,61.0,20.0,14.0,98.0,98.0,2159.0,14.0,22.0,short_stay,0.733,-0.3106095770954856,4.585987366571318,2026-06
927408,2026-03-01,18,13,0.419,1265.0,100.4,97.3,1.0,25.0,30.0,97.0,100.0,1265.0,30.0,,monthly,0.419,-0.8698843590599994,4.577798989191959,2026-03
927408,2026-04-01,13,17,0.567,1580.0,92.1,92.9,73.0,27.0,30.0,93.0,92.0,1580.0,30.0,,monthly,0.567,-0.5673959752543851,4.531523645819793,2026-04
927408,2026-05-01,9,22,0.71,2060.0,94.5,93.6,,,30.0,94.0,95.0,2060.0,30.0,,monthly,0.71,-0.342490308946776,4.539030383483547,2026-05
113265,2025-07-01,0,31,1.0,1895.0,61.1,61.1,,,30.0,61.0,61.0,1895.0,30.0,30.0,monthly,1.0,0.0,4.11251186617755,2025-07
113265,2025-08-01,12,19,0.613,1136.0,58.8,59.8,8.0,5.0,30.0,60.0,59.0,1136.0,30.0,30.0,monthly,0.613,-0.48939034304592566,4.091005660956586,2025-08
113265,2025-09-01,1,29,0.967,1706.0,59.1,58.8,14.0,17.0,30.0,59.0,59.0,1706.0,30.0,30.0,monthly,0.967,-0.033556783528842754,4.074141854904581,2025-09
113265,2025-10-01,2,29,0.935,1620.0,55.9,55.9,9.0,33.0,30.0,56.0,56.0,1620.0,30.0,30.0,monthly,0.935,-0.06720874969344999,4.023564380161053,2025-10
113265,2025-11-01,20,10,0.333,553.0,55.6,55.3,,,30.0,55.0,56.0,553.0,30.0,30.0,monthly,0.333,-1.0996127890016931,4.012772908528289,2025-11
1042806,2025-07-01,7,24,0.774,2221.0,93.0,92.5,59.0,4.0,4.0,93.0,93.0,2221.0,2.0,3.0,short_stay,0.774,-0.2561834053924099,4.52720864451838,2025-07
1042806,2025-08-01,3,28,0.903,2759.0,98.3,98.5,80.0,5.0,4.0,99.0,98.0,2759.0,2.0,3.0,short_stay,0.903,-0.10203272556515161,4.590056548178043,2025-08
1042806,2025-09-01,3,27,0.9,2813.0,103.6,104.2,58.0,3.0,2.0,104.0,104.0,2813.0,2.0,3.0,short_stay,0.9,-0.10536051565782628,4.646312129319266,2025-09
1042806,2025-10-01,2,29,0.935,2689.0,92.6,92.7,87.0,3.0,2.0,93.0,93.0,2689.0,2.0,3.0,short_stay,0.935,-0.06720874969344999,4.529368472571809,2025-10
1042806,2025-11-01,8,22,0.733,2094.0,95.8,95.2,27.0,4.0,2.0,95.0,96.0,2094.0,2.0,3.0,short_stay,0.733,-0.3106095770954856,4.55597994179732,2025-11
1042806,2025-12-01,8,23,0.742,2375.0,106.2,103.3,71.0,7.0,4.0,103.0,106.0,2375.0,2.0,3.0,short_stay,0.742,-0.2984060358147566,4.637637376125593,2025-12
1042806,2026-01-01,26,5,0.161,477.0,95.9,95.4,,,2.0,95.0,96.0,477.0,2.0,3.0,short_stay,0.161,-1.8263509139976741,4.558078578454241,2026-01
1042806,2026-02-01,26,2,0.071,214.0,102.8,107.0,8.0,2.0,2.0,107.0,103.0,214.0,2.0,3.0,short_stay,0.071,-2.645075401940822,4.672828834461906,2026-02
1042806,2026-03-01,12,19,0.613,2166.0,111.5,114.0,7.0,7.0,2.0,114.0,112.0,2166.0,2.0,3.0,short_stay,0.613,-0.48939034304592566,4.736198448394496,2026-03
1042806,2026-04-01,19,11,0.367,1286.0,118.2,116.9,1.0,7.0,2.0,117.0,118.0,1286.0,2.0,3.0,short_stay,0.367,-1.0023934309275668,4.761318868478023,2026-04
1042806,2026-05-01,16,15,0.484,1773.0,120.4,118.2,58.0,5.0,2.0,118.0,120.0,1773.0,2.0,3.0,short_stay,0.484,-0.7256703722655053,4.772378104971998,2026-05
1042806,2026-06-01,7,23,0.767,2687.0,118.0,116.8,82.0,4.0,2.0,117.0,118.0,2687.0,2.0,3.0,short_stay,0.767,-0.26526847761488087,4.760463070394127,2026-06
65660,2026-06-01,17,13,0.433,1202.0,92.7,92.5,1.0,13.0,30.0,93.0,93.0,1202.0,30.0,30.0,monthly,0.433,-0.8370175509796473,4.52720864451838,2026-06
1258651,2025-07-01,5,26,0.839,8120.0,312.0,312.3,110.0,7.0,3.0,312.0,312.0,8120.0,2.0,3.0,short_stay,0.839,-0.1755445725149309,5.7439642642890325,2025-07
1258651,2025-08-01,6,25,0.806,7841.0,314.3,313.6,56.0,5.0,3.0,314.0,314.0,7841.0,2.0,3.0,short_stay,0.806,-0.2156715364755087,5.7481182884762525,2025-08
1258651,2025-09-01,6,24,0.8,7772.0,325.7,323.8,117.0,5.0,2.0,324.0,326.0,7772.0,2.0,3.0,short_stay,0.8,-0.2231435513142097,5.780126041243535,2025-09
1258651,2025-10-01,3,28,0.903,8988.0,320.8,321.0,166.0,5.0,3.0,321.0,321.0,8988.0,2.0,3.0,short_stay,0.903,-0.10203272556515161,5.771441123130016,2025-10
1258651,2025-11-01,16,14,0.467,4293.0,306.0,306.6,81.0,4.0,2.0,307.0,306.0,4293.0,2.0,3.0,short_stay,0.467,-0.7614260213132397,5.725543966437714,2025-11
1258651,2025-12-01,2,29,0.935,9270.0,319.1,319.7,106.0,5.0,3.0,320.0,319.0,9270.0,2.0,3.0,short_stay,0.935,-0.06720874969344999,5.767383056065796,2025-12
1258651,2026-01-01,21,10,0.323,2948.0,291.8,294.8,22.0,3.0,3.0,295.0,292.0,2948.0,2.0,3.0,short_stay,0.323,-1.1301029557594804,5.686297160315181,2026-01
1258651,2026-02-01,18,10,0.357,3109.0,309.4,310.9,23.0,5.0,3.0,311.0,309.0,3109.0,2.0,3.0,short_stay,0.357,-1.030019497202498,5.739471317064708,2026-02
1258651,2026-03-01,13,18,0.581,6322.0,347.5,351.2,47.0,4.0,3.0,351.0,348.0,6322.0,2.0,3.0,short_stay,0.581,-0.5430045221302259,5.861355861760962,2026-03
1258651,2026-04-01,3,27,0.9,9578.0,354.8,354.7,148.0,6.0,2.0,355.0,355.0,9578.0,2.0,3.0,short_stay,0.9,-0.10536051565782628,5.871272361779576,2026-04
1258651,2026-05-01,3,28,0.903,9978.0,356.4,356.4,66.0,4.0,2.0,356.0,356.0,9978.0,2.0,3.0,short_stay,0.903,-0.10203272556515161,5.876053695596654,2026-05
1258651,2026-06-01,8,22,0.733,8322.0,379.6,378.3,103.0,3.0,2.0,378.0,380.0,8322.0,2.0,3.0,short_stay,0.733,-0.3106095770954856,5.935687531638983,2026-06
1255828,2025-07-01,0,31,1.0,2946.0,95.0,95.0,126.0,32.0,30.0,95.0,95.0,2946.0,30.0,5.0,monthly,1.0,0.0,4.553876891600541,2025-07
1255828,2025-08-01,1,30,0.968,2814.0,93.0,93.8,48.0,16.0,30.0,94.0,93.0,2814.0,30.0,5.0,monthly,0.968,-0.03252319170556006,4.541164856012179,2025-08
1255828,2025-09-01,8,22,0.733,2053.0,90.7,93.3,152.0,30.0,30.0,93.0,91.0,2053.0,30.0,5.0,monthly,0.733,-0.3106095770954856,4.535820107853298,2025-09
1255828,2025-10-01,0,31,1.0,3009.0,97.1,97.1,92.0,16.0,30.0,97.0,97.0,3009.0,30.0,5.0,monthly,1.0,0.0,4.575741375297279,2025-10
1255828,2025-11-01,0,30,1.0,2628.0,87.6,87.6,115.0,32.0,30.0,88.0,88.0,2628.0,30.0,5.0,monthly,1.0,0.0,4.472780997942346,2025-11
1255828,2025-12-01,3,28,0.903,2069.0,75.1,73.9,11.0,16.0,30.0,74.0,75.0,2069.0,30.0,5.0,monthly,0.903,-0.10203272556515161,4.302712827954156,2025-12
1255828,2026-01-01,3,28,0.903,2398.0,85.0,85.6,57.0,35.0,30.0,86.0,85.0,2398.0,30.0,5.0,monthly,0.903,-0.10203272556515161,4.449685283147696,2026-01
1255828,2026-02-01,0,28,1.0,2374.0,84.8,84.8,,,30.0,85.0,85.0,2374.0,30.0,5.0,monthly,1.0,0.0,4.440295542797857,2026-02
1255828,2026-03-01,10,21,0.677,1997.0,95.7,95.1,18.0,3.0,30.0,95.0,96.0,1997.0,30.0,5.0,monthly,0.677,-0.390084006069862,4.554928969551344,2026-03
1255828,2026-04-01,24,6,0.2,570.0,93.2,95.0,82.0,3.0,30.0,95.0,93.0,570.0,30.0,5.0,monthly,0.2,-1.6094379124341003,4.553876891600541,2026-04
343276,2025-07-01,4,27,0.871,3910.0,144.7,144.8,37.0,1.0,4.0,145.0,145.0,3910.0,1.0,10.0,short_stay,0.871,-0.13811330212963427,4.975353479951616,2025-07
343276,2025-08-01,10,21,0.677,2840.0,134.0,135.2,75.0,3.0,3.0,135.0,134.0,2840.0,1.0,10.0,short_stay,0.677,-0.390084006069862,4.906755163608864,2025-08
343276,2025-09-01,2,28,0.933,3939.0,140.8,140.7,81.0,2.0,3.0,141.0,141.0,3939.0,1.0,10.0,short_stay,0.933,-0.06935007813479317,4.946629964120343,2025-09
343276,2025-10-01,0,31,1.0,4629.0,149.3,149.3,98.0,2.0,3.0,149.0,149.0,4629.0,1.0,10.0,short_stay,1.0,0.0,5.005957704545144,2025-10
343276,2025-11-01,8,22,0.733,3382.0,152.2,153.7,97.0,3.0,3.0,154.0,152.0,3382.0,1.0,10.0,short_stay,0.733,-0.3106095770954856,5.03500265054455,2025-11
343276,2025-12-01,5,26,0.839,4526.0,183.0,174.1,59.0,4.0,4.0,174.0,183.0,4526.0,1.0,10.0,short_stay,0.839,-0.1755445725149309,5.159629846774143,2025-12
343276,2026-01-01,4,27,0.871,1870.0,67.2,69.3,30.0,13.0,27.0,69.0,67.0,1870.0,1.0,10.0,short_stay,0.871,-0.13811330212963427,4.238444906195857,2026-01
343276,2026-02-01,10,18,0.643,1027.0,57.6,57.1,56.0,16.0,30.0,57.0,58.0,1027.0,1.0,10.0,short_stay,0.643,-0.44161055474451766,4.044804116661965,2026-02
343276,2026-03-01,1,30,0.968,2322.0,79.1,77.4,,,30.0,77.0,79.0,2322.0,1.0,10.0,short_stay,0.968,-0.03252319170556006,4.3489867805956814,2026-03
343276,2026-04-01,13,17,0.567,2883.0,169.6,169.6,73.0,2.0,4.0,170.0,170.0,2883.0,1.0,10.0,short_stay,0.567,-0.5673959752543851,5.133442723357803,2026-04
343276,2026-05-01,8,23,0.742,3884.0,168.0,168.9,58.0,2.0,3.0,169.0,168.0,3884.0,1.0,10.0,short_stay,0.742,-0.2984060358147566,5.129306823813755,2026-05
343276,2026-06-01,2,28,0.933,5026.0,178.8,179.5,115.0,2.0,3.0,180.0,179.0,5026.0,1.0,10.0,short_stay,0.933,-0.06935007813479317,5.190175207928333,2026-06
906038,2025-07-01,15,16,0.516,1762.0,110.9,110.1,34.0,23.0,30.0,110.0,111.0,1762.0,30.0,,monthly,0.516,-0.6616485135005743,4.701389043728634,2025-07
906038,2025-08-01,0,31,1.0,3338.0,107.7,107.7,,,30.0,108.0,108.0,3338.0,30.0,,monthly,1.0,0.0,4.679349584162343,2025-08
906038,2025-09-01,4,26,0.867,2833.0,108.9,109.0,46.0,26.0,30.0,109.0,109.0,2833.0,30.0,,monthly,0.867,-0.1427163022015952,4.6913478822291435,2025-09
118061,2025-07-01,0,31,1.0,3344.0,107.9,107.9,75.0,61.0,30.0,108.0,108.0,3344.0,30.0,30.0,monthly,1.0,0.0,4.681204872264089,2025-07
118061,2025-08-01,1,30,0.968,3292.0,109.5,109.7,,,30.0,110.0,110.0,3292.0,30.0,30.0,monthly,0.968,-0.03252319170556006,4.697749367281185,2025-08
118061,2025-09-01,0,30,1.0,3227.0,107.6,107.6,257.0,30.0,30.0,108.0,108.0,3227.0,30.0,30.0,monthly,1.0,0.0,4.678420647727684,2025-09
118061,2025-11-01,26,4,0.133,373.0,88.7,93.2,130.0,37.0,30.0,93.0,89.0,373.0,30.0,30.0,monthly,0.133,-2.017406150760383,4.534747721691546,2025-11
118061,2025-12-01,0,31,1.0,2700.0,87.1,87.1,,,30.0,87.0,87.0,2700.0,30.0,30.0,monthly,1.0,0.0,4.467056883858457,2025-12
118061,2026-01-01,6,25,0.806,2523.0,101.6,100.9,45.0,16.0,30.0,101.0,102.0,2523.0,30.0,30.0,monthly,0.806,-0.2156715364755087,4.6141299273595635,2026-01
118061,2026-02-01,18,10,0.357,945.0,94.9,94.5,,,30.0,95.0,95.0,945.0,30.0,30.0,monthly,0.357,-1.030019497202498,4.548599834499697,2026-02
1304459,2025-07-01,30,1,0.032,199.0,195.9,199.0,2.0,1.0,31.0,199.0,196.0,199.0,31.0,31.0,monthly,0.032,-3.4420193761824103,5.293304824724492,2025-07
1304459,2025-08-01,20,11,0.355,2174.0,200.4,197.6,1.0,11.0,31.0,198.0,200.0,2174.0,31.0,31.0,monthly,0.355,-1.0356374895067213,5.286244785313768,2025-08
1304459,2026-02-01,26,2,0.071,436.0,211.8,218.0,1.0,2.0,31.0,218.0,212.0,436.0,31.0,31.0,monthly,0.071,-2.645075401940822,5.384495062789089,2026-02
208889,2025-07-01,28,3,0.097,272.0,91.5,90.7,60.0,3.0,30.0,91.0,92.0,272.0,30.0,30.0,monthly,0.097,-2.333044300478754,4.507557357121091,2025-07
208889,2025-10-01,0,31,1.0,2981.0,96.2,96.2,1.0,32.0,30.0,96.0,96.0,2981.0,30.0,30.0,monthly,1.0,0.0,4.566429357671661,2025-10
208889,2025-11-01,23,7,0.233,686.0,99.5,98.0,2.0,4.0,30.0,98.0,100.0,686.0,30.0,30.0,monthly,0.233,-1.4567168254164364,4.584967478670572,2025-11
208889,2025-12-01,29,2,0.065,190.0,100.7,95.0,,,30.0,95.0,101.0,190.0,30.0,30.0,monthly,0.065,-2.7333680090865,4.553876891600541,2025-12
1511303,2025-07-01,26,5,0.161,643.0,149.6,128.6,1.0,5.0,1.0,129.0,150.0,643.0,1.0,1.0,short_stay,0.161,-1.8263509139976741,4.856706811803519,2025-07
1511303,2025-08-01,25,6,0.194,808.0,137.1,134.7,8.0,1.0,1.0,135.0,137.0,808.0,1.0,1.0,short_stay,0.194,-1.6398971199188088,4.903050083416319,2025-08
1511303,2025-09-01,12,18,0.6,2262.0,126.3,125.7,22.0,3.0,1.0,126.0,126.0,2262.0,1.0,1.0,short_stay,0.6,-0.5108256237659907,4.8338981155962015,2025-09
1511303,2025-10-01,17,14,0.452,1713.0,118.2,122.4,4.0,2.0,1.0,122.0,118.0,1713.0,1.0,1.0,short_stay,0.452,-0.7940730991499059,4.807294370078226,2025-10
1511303,2025-11-01,25,5,0.167,619.0,137.6,123.8,16.0,1.0,1.0,124.0,138.0,619.0,1.0,1.0,short_stay,0.167,-1.7897614665653818,4.818667360250496,2025-11
1511303,2025-12-01,18,13,0.419,1971.0,148.1,151.6,26.0,2.0,1.0,152.0,148.0,1971.0,1.0,1.0,short_stay,0.419,-0.8698843590599994,5.021245473208271,2025-12
1511303,2026-01-01,30,1,0.032,177.0,143.7,177.0,,,1.0,177.0,144.0,177.0,1.0,1.0,short_stay,0.032,-3.4420193761824103,5.176149732573829,2026-01
1511303,2026-05-01,30,1,0.032,173.0,170.8,173.0,12.0,1.0,1.0,173.0,171.0,173.0,1.0,1.0,short_stay,0.032,-3.4420193761824103,5.153291594497779,2026-05
684991,2025-10-01,17,14,0.452,2194.0,156.7,156.7,59.0,14.0,30.0,157.0,157.0,2194.0,30.0,30.0,monthly,0.452,-0.7940730991499059,5.054333149361975,2025-10
684991,2025-11-01,0,30,1.0,4809.0,160.3,160.3,5.0,30.0,30.0,160.0,160.0,4809.0,30.0,30.0,monthly,1.0,0.0,5.0770470596155075,2025-11
684991,2025-12-01,0,31,1.0,5003.0,161.4,161.4,5.0,16.0,30.0,161.0,161.0,5003.0,30.0,30.0,monthly,1.0,0.0,5.083885755835849,2025-12
684991,2026-01-01,30,1,0.032,138.0,143.4,138.0,,,30.0,138.0,143.0,138.0,30.0,30.0,monthly,0.032,-3.4420193761824103,4.927253685157205,2026-01
684991,2026-02-01,26,2,0.071,401.0,192.0,200.5,1.0,2.0,30.0,201.0,192.0,401.0,30.0,30.0,monthly,0.071,-2.645075401940822,5.300814246746624,2026-02
684991,2026-03-01,6,25,0.806,5146.0,205.5,205.8,4.0,25.0,30.0,206.0,206.0,5146.0,30.0,30.0,monthly,0.806,-0.2156715364755087,5.326904823399949,2026-03
684991,2026-04-01,25,5,0.167,1017.0,204.5,203.4,42.0,5.0,30.0,203.0,205.0,1017.0,30.0,30.0,monthly,0.167,-1.7897614665653818,5.315174483614459,2026-04
684991,2026-05-01,15,16,0.516,3276.0,205.4,204.8,1.0,16.0,30.0,205.0,205.0,3276.0,30.0,30.0,monthly,0.516,-0.6616485135005743,5.322033893165353,2026-05
25696,2025-12-01,17,14,0.452,1512.0,108.0,108.0,5.0,7.0,30.0,108.0,108.0,1512.0,1.0,17.0,short_stay,0.452,-0.7940730991499059,4.68213122712422,2025-12
25696,2026-03-01,26,5,0.161,655.0,133.3,131.0,86.0,5.0,2.0,131.0,133.0,655.0,1.0,17.0,short_stay,0.161,-1.8263509139976741,4.875197323201151,2026-03
25696,2026-04-01,7,23,0.767,3296.0,142.1,143.3,120.0,7.0,2.0,143.0,142.0,3296.0,1.0,17.0,short_stay,0.767,-0.26526847761488087,4.964940334834126,2026-04
25696,2026-05-01,15,16,0.516,2460.0,158.2,153.8,147.0,8.0,1.0,154.0,158.0,2460.0,1.0,17.0,short_stay,0.516,-0.6616485135005743,5.035653057071544,2026-05
25696,2026-06-01,18,12,0.4,2432.0,197.5,202.7,48.0,3.0,2.0,203.0,198.0,2432.0,1.0,17.0,short_stay,0.4,-0.916290731874155,5.311727053457954,2026-06
936218,2025-07-01,0,31,1.0,1734.0,55.9,55.9,65.0,57.0,30.0,56.0,56.0,1734.0,30.0,30.0,monthly,1.0,0.0,4.023564380161053,2025-07
936218,2025-08-01,0,31,1.0,1735.0,56.0,56.0,,,30.0,56.0,56.0,1735.0,30.0,30.0,monthly,1.0,0.0,4.02535169073515,2025-08
936218,2025-09-01,22,8,0.267,426.0,50.3,53.2,60.0,8.0,30.0,53.0,50.0,426.0,30.0,30.0,monthly,0.267,-1.3205066205818874,3.9740583963475986,2025-09
936218,2025-12-01,20,11,0.355,586.0,53.0,53.3,163.0,11.0,30.0,53.0,53.0,586.0,30.0,30.0,monthly,0.355,-1.0356374895067213,3.975936331171799,2025-12
936218,2026-06-01,29,1,0.033,43.0,41.6,43.0,108.0,61.0,30.0,43.0,42.0,43.0,30.0,30.0,monthly,0.033,-3.4112477175156566,3.7612001156935624,2026-06
295998,2025-07-01,0,31,1.0,7709.0,248.7,248.7,105.0,33.0,30.0,249.0,249.0,7709.0,30.0,30.0,monthly,1.0,0.0,5.516247350809359,2025-07
295998,2025-08-01,0,31,1.0,7974.0,257.2,257.2,44.0,35.0,30.0,257.0,257.0,7974.0,30.0,30.0,monthly,1.0,0.0,5.549853992363464,2025-08
295998,2025-09-01,7,23,0.767,7194.0,313.3,312.8,117.0,23.0,30.0,313.0,313.0,7194.0,30.0,30.0,monthly,0.767,-0.26526847761488087,5.745564008671156,2025-09
295998,2025-10-01,25,6,0.194,1729.0,269.7,288.2,,,30.0,288.0,270.0,1729.0,30.0,30.0,monthly,0.194,-1.6398971199188088,5.663654683565421,2025-10
295998,2026-01-01,19,12,0.387,2075.0,176.2,172.9,69.0,20.0,30.0,173.0,176.0,2075.0,30.0,30.0,monthly,0.387,-0.9493305859523552,5.152713392689245,2026-01
295998,2026-02-01,0,28,1.0,6785.0,242.3,242.3,,,30.0,242.0,242.0,6785.0,30.0,30.0,monthly,1.0,0.0,5.49017662782248,2026-02
295998,2026-03-01,0,31,1.0,7853.0,253.3,253.3,143.0,31.0,30.0,253.0,253.0,7853.0,30.0,30.0,monthly,1.0,0.0,5.5345745570076295,2026-03
295998,2026-06-01,27,3,0.1,868.0,288.9,289.3,111.0,5.0,30.0,289.0,289.0,868.0,30.0,30.0,monthly,0.1,-2.3025850929940455,5.6674642119820895,2026-06
141335,2026-06-01,15,15,0.5,11288.0,758.4,752.5,5.0,16.0,30.0,753.0,758.0,11288.0,30.0,30.0,monthly,0.5,-0.6931471805599453,6.6234009966230305,2026-06
431865,2025-07-01,15,16,0.516,6667.0,423.3,416.7,7.0,8.0,4.0,417.0,423.0,6667.0,4.0,,short_stay,0.516,-0.6616485135005743,6.032366538428407,2025-07
431865,2025-08-01,20,11,0.355,4516.0,389.9,410.5,21.0,4.0,4.0,411.0,390.0,4516.0,4.0,,short_stay,0.355,-1.0356374895067213,6.017375928892483,2025-08
431865,2025-09-01,4,26,0.867,10955.0,422.8,421.3,50.0,5.0,4.0,421.0,423.0,10955.0,4.0,,short_stay,0.867,-0.1427163022015952,6.043345168984971,2025-09
431865,2025-10-01,9,22,0.71,8963.0,412.8,407.4,76.0,4.0,3.0,407.0,413.0,8963.0,4.0,,short_stay,0.71,-0.342490308946776,6.009795503792706,2025-10
431865,2025-11-01,17,13,0.433,5633.0,425.8,433.3,63.0,3.0,4.0,433.0,426.0,5633.0,4.0,,short_stay,0.433,-0.8370175509796473,6.071430328745864,2025-11
431865,2025-12-01,8,23,0.742,10594.0,449.8,460.6,56.0,4.0,3.0,461.0,450.0,10594.0,4.0,,short_stay,0.742,-0.2984060358147566,6.132529987386585,2025-12
431865,2026-01-01,27,4,0.129,1425.0,382.4,356.2,19.0,4.0,4.0,356.0,382.0,1425.0,4.0,,short_stay,0.129,-2.047942874620465,5.875492370855561,2026-01
431865,2026-02-01,19,9,0.321,3244.0,358.8,360.4,1.0,9.0,4.0,360.0,359.0,3244.0,4.0,,short_stay,0.321,-1.1363141558521213,5.887214525734183,2026-02
431865,2026-03-01,24,7,0.226,2680.0,385.6,382.9,39.0,7.0,4.0,383.0,386.0,2680.0,4.0,,short_stay,0.226,-1.487220279709851,5.947773858483249,2026-03
431865,2026-04-01,17,13,0.433,5314.0,397.4,408.8,74.0,4.0,4.0,409.0,397.0,5314.0,4.0,,short_stay,0.433,-0.8370175509796473,6.013226038889495,2026-04
431865,2026-05-01,6,25,0.806,9529.0,379.4,381.2,118.0,6.0,4.0,381.0,379.0,9529.0,4.0,,short_stay,0.806,-0.2156715364755087,5.943324171780047,2026-05
431865,2026-06-01,1,29,0.967,16231.0,557.6,559.7,17.0,12.0,4.0,560.0,558.0,16231.0,4.0,,short_stay,0.967,-0.033556783528842754,6.327400925897314,2026-06
93313,2025-10-01,30,1,0.032,151.0,151.2,151.0,136.0,4.0,30.0,151.0,151.0,151.0,30.0,30.0,monthly,0.032,-3.4420193761824103,5.017279836814924,2025-10
93313,2025-11-01,22,8,0.267,1176.0,149.3,147.0,153.0,5.0,30.0,147.0,149.0,1176.0,30.0,30.0,monthly,0.267,-1.3205066205818874,4.990432586778736,2025-11
93313,2025-12-01,26,5,0.161,745.0,148.6,149.0,,,30.0,149.0,149.0,745.0,30.0,30.0,monthly,0.161,-1.8263509139976741,5.003946305945459,2025-12
93313,2026-01-01,24,7,0.226,1022.0,140.8,146.0,33.0,7.0,30.0,146.0,141.0,1022.0,30.0,30.0,monthly,0.226,-1.487220279709851,4.983606621708336,2026-01
93313,2026-02-01,20,8,0.286,1215.0,157.1,151.9,55.0,4.0,30.0,152.0,157.0,1215.0,30.0,30.0,monthly,0.286,-1.2517634681622845,5.023222409601727,2026-02
93313,2026-04-01,26,4,0.133,628.0,157.1,157.0,116.0,2.0,30.0,157.0,157.0,628.0,30.0,30.0,monthly,0.133,-2.017406150760383,5.056245805348308,2026-04
93313,2026-05-01,24,7,0.226,1135.0,163.5,162.1,158.0,3.0,30.0,162.0,164.0,1135.0,30.0,30.0,monthly,0.226,-1.487220279709851,5.08821342874163,2026-05
93313,2026-06-01,20,10,0.333,1607.0,161.7,160.7,184.0,3.0,30.0,161.0,162.0,1607.0,30.0,30.0,monthly,0.333,-1.0996127890016931,5.0795392727434665,2026-06
1023529,2025-07-01,29,2,0.065,109.0,55.0,54.5,10.0,2.0,30.0,55.0,55.0,109.0,30.0,30.0,monthly,0.065,-2.7333680090865,3.9982007016691985,2025-07
1023529,2026-03-01,17,14,0.452,843.0,60.4,60.2,22.0,43.0,30.0,60.0,60.0,843.0,30.0,30.0,monthly,0.452,-0.7940730991499059,4.097672352314776,2026-03
1023529,2026-04-01,1,29,0.967,1659.0,57.2,57.2,,,30.0,57.0,57.0,1659.0,30.0,30.0,monthly,0.967,-0.033556783528842754,4.046553898385752,2026-04
1023529,2026-05-01,26,5,0.161,312.0,61.7,62.4,1.0,5.0,30.0,62.0,62.0,312.0,30.0,30.0,monthly,0.161,-1.8263509139976741,4.133565275375382,2026-05
1251681,2025-10-01,23,8,0.258,1792.0,223.4,224.0,129.0,62.0,30.0,224.0,223.0,1792.0,1.0,18.0,short_stay,0.258,-1.3547956940605197,5.4116460518550396,2025-10
1251681,2025-11-01,0,30,1.0,6795.0,226.5,226.5,,,30.0,227.0,227.0,6795.0,1.0,18.0,short_stay,1.0,0.0,5.422744944923089,2025-11
1251681,2025-12-01,2,29,0.935,6482.0,223.5,223.5,192.0,5.0,30.0,224.0,224.0,6482.0,1.0,18.0,short_stay,0.935,-0.06720874969344999,5.409411414053624,2025-12
1251681,2026-01-01,27,4,0.129,897.0,223.1,224.2,201.0,4.0,15.0,224.0,223.0,897.0,1.0,18.0,short_stay,0.129,-2.047942874620465,5.4125385106380595,2026-01
1251681,2026-06-01,24,6,0.2,973.0,162.4,162.2,10.0,2.0,4.0,162.0,162.0,973.0,1.0,18.0,short_stay,0.2,-1.6094379124341003,5.088830141681313,2026-06
267652,2025-07-01,15,16,0.516,1149.0,70.5,71.8,74.0,15.0,30.0,72.0,71.0,1149.0,30.0,30.0,monthly,0.516,-0.6616485135005743,4.273884476054178,2025-07
267652,2025-09-01,15,15,0.5,960.0,67.5,64.0,81.0,23.0,30.0,64.0,68.0,960.0,30.0,30.0,monthly,0.5,-0.6931471805599453,4.1588830833596715,2025-09
267652,2025-10-01,0,31,1.0,2017.0,65.1,65.1,,,30.0,65.0,65.0,2017.0,30.0,30.0,monthly,1.0,0.0,4.175924549214524,2025-10
267652,2025-11-01,28,2,0.067,124.0,66.4,62.0,1.0,14.0,30.0,62.0,66.0,124.0,30.0,30.0,monthly,0.067,-2.703062659591171,4.127134385045092,2025-11
267652,2025-12-01,18,13,0.419,891.0,67.0,68.5,,,30.0,69.0,67.0,891.0,30.0,30.0,monthly,0.419,-0.8698843590599994,4.22683374526818,2025-12
267652,2026-03-01,21,10,0.323,725.0,70.2,72.5,83.0,34.0,30.0,73.0,70.0,725.0,30.0,30.0,monthly,0.323,-1.1301029557594804,4.283586561860629,2026-03
267652,2026-04-01,0,30,1.0,2300.0,76.7,76.7,87.0,32.0,30.0,77.0,77.0,2300.0,30.0,30.0,monthly,1.0,0.0,4.33990170837321,2026-04
267652,2026-05-01,1,30,0.968,2285.0,76.3,76.2,120.0,9.0,30.0,76.0,76.0,2285.0,30.0,30.0,monthly,0.968,-0.03252319170556006,4.333361462692601,2026-05
267652,2026-06-01,24,6,0.2,485.0,79.3,80.8,130.0,1.0,30.0,81.0,79.0,485.0,30.0,30.0,monthly,0.2,-1.6094379124341003,4.39197696552705,2026-06
453094,2025-07-01,14,17,0.548,1875.0,109.2,110.3,70.0,3.0,2.0,110.0,109.0,1875.0,2.0,2.0,short_stay,0.548,-0.6014799920341214,4.703203926259457,2025-07
453094,2025-08-01,8,23,0.742,2955.0,127.0,128.5,144.0,6.0,2.0,129.0,127.0,2955.0,2.0,2.0,short_stay,0.742,-0.2984060358147566,4.855928904335275,2025-08
453094,2025-09-01,1,29,0.967,3487.0,120.5,120.2,86.0,2.0,2.0,120.0,121.0,3487.0,2.0,2.0,short_stay,0.967,-0.033556783528842754,4.789157022101107,2025-09
453094,2025-10-01,6,25,0.806,3256.0,127.9,130.2,69.0,2.0,2.0,130.0,128.0,3256.0,2.0,2.0,short_stay,0.806,-0.2156715364755087,4.869071729774468,2025-10
453094,2025-11-01,6,24,0.8,3226.0,131.9,134.4,26.0,4.0,2.0,134.0,132.0,3226.0,2.0,2.0,short_stay,0.8,-0.2231435513142097,4.900820428089049,2025-11
453094,2025-12-01,10,21,0.677,2413.0,116.3,114.9,71.0,3.0,2.0,115.0,116.0,2413.0,2.0,2.0,short_stay,0.677,-0.390084006069862,4.74406218485471,2025-12
453094,2026-01-01,28,3,0.097,321.0,111.0,107.0,,,2.0,107.0,111.0,321.0,2.0,2.0,short_stay,0.097,-2.333044300478754,4.672828834461906,2026-01
453094,2026-02-01,16,12,0.429,1410.0,117.2,117.5,6.0,4.0,2.0,118.0,117.0,1410.0,2.0,2.0,short_stay,0.429,-0.8462983600541201,4.7664383335842135,2026-02
453094,2026-03-01,19,12,0.387,1359.0,114.5,113.2,70.0,2.0,2.0,113.0,115.0,1359.0,2.0,2.0,short_stay,0.387,-0.9493305859523552,4.729156165769083,2026-03
453094,2026-04-01,10,20,0.667,2595.0,128.2,129.8,55.0,2.0,2.0,130.0,128.0,2595.0,2.0,2.0,short_stay,0.667,-0.4049652330665133,4.86599480426999,2026-04
453094,2026-05-01,9,22,0.71,2988.0,140.2,135.8,61.0,3.0,2.0,136.0,140.0,2988.0,2.0,2.0,short_stay,0.71,-0.342490308946776,4.911183215124596,2026-05
453094,2026-06-01,16,14,0.467,1999.0,143.6,142.8,28.0,3.0,2.0,143.0,144.0,1999.0,2.0,2.0,short_stay,0.467,-0.7614260213132397,4.9614450499054845,2026-06
978386,2025-09-01,6,24,0.8,1963.0,81.7,81.8,55.0,16.0,30.0,82.0,82.0,1963.0,30.0,5354308.0,monthly,0.8,-0.2231435513142097,4.404277243608702,2025-09
978386,2025-10-01,22,9,0.29,757.0,81.8,84.1,,,30.0,84.0,82.0,757.0,30.0,5354308.0,monthly,0.29,-1.2378743560016174,4.432006566978902,2025-10
978386,2025-11-01,19,11,0.367,969.0,84.3,88.1,84.0,32.0,30.0,88.0,84.0,969.0,30.0,5354308.0,monthly,0.367,-1.0023934309275668,4.478472532942134,2025-11
978386,2025-12-01,10,21,0.677,1900.0,89.3,90.5,,,30.0,91.0,89.0,1900.0,30.0,5354308.0,monthly,0.677,-0.390084006069862,4.505349850705881,2025-12
1461965,2025-08-01,28,3,0.097,204.0,66.9,68.0,65.0,1.0,30.0,68.0,67.0,204.0,30.0,,monthly,0.097,-2.333044300478754,4.219507705176107,2025-08
1461965,2025-09-01,9,21,0.7,1425.0,67.6,67.9,56.0,21.0,30.0,68.0,68.0,1425.0,30.0,,monthly,0.7,-0.35667494393873245,4.21803603456465,2025-09
1461965,2025-10-01,3,28,0.903,1856.0,66.8,66.3,81.0,15.0,30.0,66.0,67.0,1856.0,30.0,,monthly,0.903,-0.10203272556515161,4.194189897191817,2025-10
1461965,2025-11-01,5,25,0.833,1627.0,66.3,65.1,52.0,9.0,30.0,65.0,66.0,1627.0,30.0,,monthly,0.833,-0.1827216368152944,4.175924549214524,2025-11
1461965,2025-12-01,23,8,0.258,610.0,77.5,76.2,,,30.0,76.0,78.0,610.0,30.0,,monthly,0.258,-1.3547956940605197,4.333361462692601,2025-12
1461965,2026-02-01,13,15,0.536,989.0,64.6,65.9,128.0,43.0,30.0,66.0,65.0,989.0,30.0,,monthly,0.536,-0.623621117911335,4.188138441508461,2026-02
1461965,2026-03-01,1,30,0.968,1978.0,66.0,65.9,111.0,2.0,30.0,66.0,66.0,1978.0,30.0,,monthly,0.968,-0.03252319170556006,4.188138441508461,2026-03
1461965,2026-04-01,0,30,1.0,1910.0,63.7,63.7,84.0,40.0,30.0,64.0,64.0,1910.0,30.0,,monthly,1.0,0.0,4.154184562578117,2026-04
1461965,2026-05-01,19,12,0.387,810.0,68.2,67.5,143.0,12.0,30.0,68.0,68.0,810.0,30.0,,monthly,0.387,-0.9493305859523552,4.212127597878484,2026-05
1461965,2026-06-01,20,10,0.333,696.0,67.2,69.6,,,30.0,70.0,67.0,696.0,30.0,,monthly,0.333,-1.0996127890016931,4.242764567340374,2026-06
819206,2025-07-01,4,27,0.871,1343.0,49.8,49.7,,,30.0,50.0,50.0,1343.0,30.0,30.0,monthly,0.871,-0.13811330212963427,3.906004933102583,2025-07
819206,2025-08-01,22,9,0.29,466.0,50.2,51.8,1.0,24.0,30.0,52.0,50.0,466.0,30.0,30.0,monthly,0.29,-1.2378743560016174,3.9473901492654373,2025-08
819206,2025-09-01,15,15,0.5,743.0,50.1,49.5,,,30.0,50.0,50.0,743.0,30.0,30.0,monthly,0.5,-0.6931471805599453,3.901972669574645,2025-09
819206,2025-11-01,23,7,0.233,331.0,49.7,47.3,1.0,8.0,30.0,47.0,50.0,331.0,30.0,30.0,monthly,0.233,-1.4567168254164364,3.856510295497887,2025-11
819206,2025-12-01,30,1,0.032,50.0,49.4,50.0,,,30.0,50.0,49.0,50.0,30.0,30.0,monthly,0.032,-3.4420193761824103,3.912023005428146,2025-12
530576,2025-07-01,17,14,0.452,1459.0,101.0,104.2,,,30.0,104.0,101.0,1459.0,30.0,,monthly,0.452,-0.7940730991499059,4.646312129319266,2025-07
530576,2025-08-01,29,2,0.065,226.0,110.9,113.0,1.0,2.0,30.0,113.0,111.0,226.0,30.0,,monthly,0.065,-2.7333680090865,4.727387818712341,2025-08
530576,2025-09-01,24,6,0.2,701.0,109.6,116.8,81.0,6.0,30.0,117.0,110.0,701.0,30.0,,monthly,0.2,-1.6094379124341003,4.760463070394127,2025-09
530576,2025-10-01,27,4,0.129,456.0,110.4,114.0,15.0,4.0,30.0,114.0,110.0,456.0,30.0,,monthly,0.129,-2.047942874620465,4.736198448394496,2025-10
530576,2026-01-01,29,2,0.065,211.0,104.8,105.5,1.0,2.0,30.0,106.0,105.0,211.0,30.0,,monthly,0.065,-2.7333680090865,4.658710952916121,2026-01
530576,2026-02-01,19,9,0.321,967.0,108.5,107.4,73.0,4.0,30.0,107.0,109.0,967.0,30.0,,monthly,0.321,-1.1363141558521213,4.676560182074764,2026-02
530576,2026-03-01,29,2,0.065,212.0,109.8,106.0,1.0,2.0,30.0,106.0,110.0,212.0,30.0,,monthly,0.065,-2.7333680090865,4.663439094112067,2026-03
530576,2026-04-01,28,2,0.067,219.0,109.3,109.5,1.0,2.0,30.0,110.0,109.0,219.0,30.0,,monthly,0.067,-2.703062659591171,4.695924549256556,2026-04
530576,2026-05-01,29,2,0.065,252.0,119.6,126.0,1.0,2.0,30.0,126.0,120.0,252.0,30.0,,monthly,0.065,-2.7333680090865,4.836281906951478,2026-05
753622,2025-07-01,29,2,0.065,207.0,109.6,103.5,89.0,12.0,30.0,104.0,110.0,207.0,30.0,,monthly,0.065,-2.7333680090865,4.639571612705423,2025-07
753622,2025-08-01,21,10,0.323,1057.0,106.2,105.7,,,30.0,106.0,106.0,1057.0,30.0,,monthly,0.323,-1.1301029557594804,4.660604892876192,2025-08
753622,2025-09-01,19,11,0.367,1351.0,119.1,122.8,1.0,11.0,30.0,123.0,119.0,1351.0,30.0,,monthly,0.367,-1.0023934309275668,4.810557015713042,2025-09
753622,2025-10-01,26,5,0.161,528.0,108.1,105.6,1.0,5.0,30.0,106.0,108.0,528.0,30.0,,monthly,0.161,-1.8263509139976741,4.659658371272161,2025-10
753622,2026-04-01,28,2,0.067,191.0,108.5,95.5,1.0,3.0,30.0,96.0,109.0,191.0,30.0,,monthly,0.067,-2.703062659591171,4.5591262474866845,2026-04
753622,2026-05-01,30,1,0.032,104.0,109.1,104.0,,,30.0,104.0,109.0,104.0,30.0,,monthly,0.032,-3.4420193761824103,4.6443908991413725,2026-05
16821,2025-07-01,16,15,0.484,2554.0,168.7,170.3,29.0,3.0,1.0,170.0,169.0,2554.0,1.0,1.0,short_stay,0.484,-0.7256703722655053,5.1375615876686425,2025-07
16821,2025-08-01,11,20,0.645,3431.0,171.5,171.6,13.0,2.0,1.0,172.0,172.0,3431.0,1.0,1.0,short_stay,0.645,-0.43850496218636453,5.145166187053862,2025-08
16821,2025-09-01,3,27,0.9,4709.0,174.9,174.4,32.0,5.0,1.0,174.0,175.0,4709.0,1.0,1.0,short_stay,0.9,-0.10536051565782628,5.161351511474879,2025-09
16821,2025-10-01,4,27,0.871,5364.0,201.8,198.7,47.0,3.0,1.0,199.0,202.0,5364.0,1.0,1.0,short_stay,0.871,-0.13811330212963427,5.291796149557771,2025-10
16821,2025-11-01,7,23,0.767,4281.0,189.1,186.1,7.0,2.0,1.0,186.0,189.0,4281.0,1.0,1.0,short_stay,0.767,-0.26526847761488087,5.226284163648205,2025-11
16821,2025-12-01,4,27,0.871,4994.0,184.6,185.0,32.0,3.0,1.0,185.0,185.0,4994.0,1.0,1.0,short_stay,0.871,-0.13811330212963427,5.220355825078324,2025-12
16821,2026-01-01,17,14,0.452,2567.0,182.8,183.4,5.0,3.0,1.0,183.0,183.0,2567.0,1.0,1.0,short_stay,0.452,-0.7940730991499059,5.211669559822364,2026-01
16821,2026-02-01,10,18,0.643,2743.0,153.0,152.4,10.0,2.0,1.0,152.0,153.0,2743.0,1.0,1.0,short_stay,0.643,-0.44161055474451766,5.026508643252546,2026-02
16821,2026-03-01,5,26,0.839,4575.0,174.6,176.0,27.0,3.0,1.0,176.0,175.0,4575.0,1.0,1.0,short_stay,0.839,-0.1755445725149309,5.170483995038151,2026-03
16821,2026-04-01,11,19,0.633,3665.0,194.5,192.9,39.0,2.0,1.0,193.0,195.0,3665.0,1.0,1.0,short_stay,0.633,-0.45728485683796083,5.262171919911683,2026-04
16821,2026-05-01,12,19,0.613,4184.0,222.8,220.2,71.0,4.0,1.0,220.0,223.0,4184.0,1.0,1.0,short_stay,0.613,-0.48939034304592566,5.394536224288579,2026-05
16821,2026-06-01,12,18,0.6,4320.0,249.0,240.0,41.0,1.0,1.0,240.0,249.0,4320.0,1.0,1.0,short_stay,0.6,-0.5108256237659907,5.480638923341991,2026-06
106363,2025-07-01,0,31,1.0,2420.0,78.1,78.1,,,30.0,78.0,78.0,2420.0,30.0,,monthly,1.0,0.0,4.35799005684564,2025-07
106363,2025-08-01,0,31,1.0,2106.0,67.9,67.9,103.0,31.0,30.0,68.0,68.0,2106.0,30.0,,monthly,1.0,0.0,4.21803603456465,2025-08
106363,2025-09-01,14,16,0.533,1008.0,59.9,63.0,146.0,24.0,30.0,63.0,60.0,1008.0,30.0,,monthly,0.533,-0.6292338548162925,4.143134726391533,2025-09
106363,2025-10-01,0,31,1.0,2041.0,65.8,65.8,,,30.0,66.0,66.0,2041.0,30.0,,monthly,1.0,0.0,4.186619838331271,2025-10
106363,2025-11-01,0,30,1.0,2033.0,67.8,67.8,12.0,32.0,30.0,68.0,68.0,2033.0,30.0,,monthly,1.0,0.0,4.216562194946349,2025-11
106363,2025-12-01,7,24,0.774,1592.0,66.5,66.3,328.0,21.0,30.0,66.0,67.0,1592.0,30.0,,monthly,0.774,-0.2561834053924099,4.194189897191817,2025-12
106363,2026-03-01,22,9,0.29,550.0,62.5,61.1,311.0,9.0,30.0,61.0,63.0,550.0,30.0,,monthly,0.29,-1.2378743560016174,4.11251186617755,2026-03
106363,2026-04-01,4,26,0.867,1838.0,70.1,70.7,42.0,16.0,30.0,71.0,70.0,1838.0,30.0,,monthly,0.867,-0.1427163022015952,4.258445572902527,2026-04
106363,2026-05-01,8,23,0.742,1569.0,67.4,68.2,,,30.0,68.0,67.0,1569.0,30.0,,monthly,0.742,-0.2984060358147566,4.222444564849416,2026-05
106363,2026-06-01,25,5,0.167,318.0,64.4,63.6,83.0,59.0,30.0,64.0,64.0,318.0,30.0,,monthly,0.167,-1.7897614665653818,4.152613470346076,2026-06
921500,2025-10-01,20,11,0.355,2817.0,259.2,256.1,27.0,6.0,30.0,256.0,259.0,2817.0,30.0,30.0,monthly,0.355,-1.0356374895067213,5.54556799320548,2025-10
921500,2025-11-01,24,6,0.2,1596.0,266.9,266.0,1.0,32.0,30.0,266.0,267.0,1596.0,30.0,30.0,monthly,0.2,-1.6094379124341003,5.583496308781699,2025-11
921500,2025-12-01,3,28,0.903,7873.0,282.6,281.2,,,30.0,281.0,283.0,7873.0,30.0,30.0,monthly,0.903,-0.10203272556515161,5.63906615993651,2025-12
298759,2025-07-01,0,31,1.0,1592.0,51.4,51.4,,,30.0,51.0,51.0,1592.0,30.0,0.0,monthly,1.0,0.0,3.9396381724611196,2025-07
298759,2025-08-01,19,12,0.387,606.0,52.1,50.5,,,30.0,51.0,52.0,606.0,30.0,0.0,monthly,0.387,-0.9493305859523552,3.9219733362813143,2025-08
298759,2025-09-01,28,2,0.067,113.0,56.3,56.5,109.0,1.0,30.0,57.0,56.0,113.0,30.0,0.0,monthly,0.067,-2.703062659591171,4.034240638152395,2025-09
298759,2025-12-01,8,23,0.742,1163.0,51.0,50.6,278.0,45.0,30.0,51.0,51.0,1163.0,30.0,0.0,monthly,0.742,-0.2984060358147566,3.92395157629342,2025-12
298759,2026-01-01,8,23,0.742,1104.0,48.4,48.0,157.0,1.0,30.0,48.0,48.0,1104.0,30.0,0.0,monthly,0.742,-0.2984060358147566,3.871201010907891,2026-01
298759,2026-02-01,13,15,0.536,703.0,47.1,46.9,143.0,15.0,30.0,47.0,47.0,703.0,30.0,0.0,monthly,0.536,-0.623621117911335,3.8480176754522337,2026-02
235951,2025-07-01,11,20,0.645,3721.0,187.6,186.1,215.0,20.0,30.0,186.0,188.0,3721.0,30.0,30.0,monthly,0.645,-0.43850496218636453,5.226284163648205,2025-07
235951,2025-10-01,15,16,0.516,3023.0,184.3,188.9,242.0,45.0,30.0,189.0,184.0,3023.0,30.0,30.0,monthly,0.516,-0.6616485135005743,5.241217774507464,2025-10
235951,2025-11-01,1,29,0.967,5378.0,185.5,185.4,,,30.0,185.0,186.0,5378.0,30.0,30.0,monthly,0.967,-0.033556783528842754,5.2225156531317545,2025-11
235951,2025-12-01,4,27,0.871,4711.0,176.1,174.5,262.0,27.0,30.0,175.0,176.0,4711.0,30.0,30.0,monthly,0.871,-0.13811330212963427,5.161924741642482,2025-12
235951,2026-01-01,10,21,0.677,2967.0,136.3,141.3,177.0,27.0,30.0,141.0,136.0,2967.0,30.0,30.0,monthly,0.677,-0.390084006069862,4.950885289690482,2026-01
235951,2026-02-01,0,28,1.0,3653.0,130.5,130.5,,,30.0,131.0,131.0,3653.0,30.0,30.0,monthly,1.0,0.0,4.871373226762748,2026-02
235951,2026-03-01,21,10,0.323,1259.0,126.3,125.9,10.0,10.0,30.0,126.0,126.0,1259.0,30.0,30.0,monthly,0.323,-1.1301029557594804,4.835487941050301,2026-03
235951,2026-04-01,24,6,0.2,768.0,134.5,128.0,,,30.0,128.0,135.0,768.0,30.0,30.0,monthly,0.2,-1.6094379124341003,4.852030263919617,2026-04
226021,2026-03-01,23,8,0.258,2133.0,271.1,266.6,,,,267.0,271.0,2133.0,30.0,,monthly,0.258,-1.3547956940605197,5.585749407744609,2026-03
226021,2026-04-01,0,30,1.0,8075.0,269.2,269.2,,,,269.0,269.0,8075.0,30.0,,monthly,1.0,0.0,5.595454597770573,2026-04
226021,2026-05-01,0,31,1.0,8035.0,259.2,259.2,,,,259.0,259.0,8035.0,30.0,,monthly,1.0,0.0,5.557599964478119,2026-05
1131804,2025-07-01,0,31,1.0,6194.0,199.8,199.8,,,30.0,200.0,200.0,6194.0,30.0,,monthly,1.0,0.0,5.297316866214453,2025-07
1131804,2025-08-01,30,1,0.032,208.0,169.8,208.0,1.0,1.0,30.0,208.0,170.0,208.0,30.0,,monthly,0.032,-3.4420193761824103,5.337538079701318,2025-08
1131804,2025-09-01,22,8,0.267,1249.0,164.0,156.1,8.0,17.0,30.0,156.0,164.0,1249.0,30.0,,monthly,0.267,-1.3205066205818874,5.050496827521386,2025-09
1131804,2025-10-01,0,31,1.0,4969.0,160.3,160.3,15.0,7.0,30.0,160.0,160.0,4969.0,30.0,,monthly,1.0,0.0,5.0770470596155075,2025-10
1131804,2025-11-01,3,27,0.9,4520.0,169.1,167.4,7.0,26.0,30.0,167.0,169.0,4520.0,30.0,,monthly,0.9,-0.10536051565782628,5.120386158055375,2025-11
1131804,2025-12-01,30,1,0.032,152.0,153.2,152.0,,,30.0,152.0,153.0,152.0,30.0,,monthly,0.032,-3.4420193761824103,5.0238805208462765,2025-12
1131804,2026-01-01,14,17,0.548,2540.0,149.4,149.4,77.0,47.0,30.0,149.0,149.0,2540.0,30.0,,monthly,0.548,-0.6014799920341214,5.006627272698717,2026-01
1131804,2026-02-01,0,28,1.0,4294.0,153.4,153.4,,,30.0,153.0,153.0,4294.0,30.0,,monthly,1.0,0.0,5.0330488889331555,2026-02
1131804,2026-03-01,25,6,0.194,958.0,165.1,159.7,1.0,4.0,30.0,160.0,165.0,958.0,30.0,,monthly,0.194,-1.6398971199188088,5.073297055220967,2026-03
1131804,2026-04-01,2,28,0.933,4356.0,154.3,155.6,1.0,38.0,30.0,156.0,154.0,4356.0,30.0,,monthly,0.933,-0.06935007813479317,5.047288611744291,2026-04
1131804,2026-05-01,2,29,0.935,4999.0,172.5,172.4,41.0,27.0,30.0,172.0,173.0,4999.0,30.0,,monthly,0.935,-0.06720874969344999,5.149817358229593,2026-05
1131804,2026-06-01,22,8,0.267,1408.0,170.5,176.0,,,30.0,176.0,171.0,1408.0,30.0,,monthly,0.267,-1.3205066205818874,5.170483995038151,2026-06
1263964,2025-07-01,12,19,0.613,1342.0,72.5,70.6,,,30.0,71.0,73.0,1342.0,30.0,30.0,monthly,0.613,-0.48939034304592566,4.257030144499196,2025-07
6848,2025-09-01,6,24,0.8,2256.0,93.5,94.0,93.0,17.0,30.0,94.0,94.0,2256.0,30.0,30.0,monthly,0.8,-0.2231435513142097,4.543294782270004,2025-09
6848,2025-10-01,3,28,0.903,2766.0,98.5,98.8,163.0,29.0,30.0,99.0,99.0,2766.0,30.0,30.0,monthly,0.903,-0.10203272556515161,4.593097604753822,2025-10
6848,2025-11-01,2,28,0.933,2942.0,104.8,105.1,106.0,16.0,30.0,105.0,105.0,2942.0,30.0,30.0,monthly,0.933,-0.06935007813479317,4.6549122778829055,2025-11
6848,2025-12-01,12,19,0.613,1965.0,104.2,103.4,57.0,2.0,30.0,103.0,104.0,1965.0,30.0,30.0,monthly,0.613,-0.48939034304592566,4.638604962074329,2025-12
450577,2025-07-01,0,31,1.0,6751.0,217.8,217.8,,,30.0,218.0,218.0,6751.0,30.0,30.0,monthly,1.0,0.0,5.38357721049886,2025-07
450577,2025-08-01,9,22,0.71,4676.0,212.4,212.5,1.0,8.0,30.0,213.0,212.0,4676.0,30.0,30.0,monthly,0.71,-0.342490308946776,5.358941988364472,2025-08
450577,2025-09-01,25,5,0.167,1081.0,216.5,216.2,6.0,5.0,30.0,216.0,217.0,1081.0,30.0,30.0,monthly,0.167,-1.7897614665653818,5.376203905205108,2025-09
450577,2026-04-01,17,13,0.433,2913.0,223.5,224.1,200.0,13.0,30.0,224.0,224.0,2913.0,30.0,30.0,monthly,0.433,-0.8370175509796473,5.4120923808068815,2026-04
12192,2025-07-01,1,30,0.968,1871.0,62.2,62.4,,,30.0,62.0,62.0,1871.0,30.0,30.0,monthly,0.968,-0.03252319170556006,4.133565275375382,2025-07
12192,2025-08-01,3,28,0.903,1616.0,57.8,57.7,1.0,28.0,30.0,58.0,58.0,1616.0,30.0,30.0,monthly,0.903,-0.10203272556515161,4.055257173514054,2025-08
12192,2025-11-01,21,9,0.3,535.0,59.9,59.4,23.0,9.0,30.0,59.0,60.0,535.0,30.0,30.0,monthly,0.3,-1.2039728043259361,4.084294226368599,2025-11
12192,2025-12-01,6,25,0.806,1505.0,60.2,60.2,38.0,26.0,30.0,60.0,60.0,1505.0,30.0,30.0,monthly,0.806,-0.2156715364755087,4.097672352314776,2025-12
12192,2026-01-01,26,5,0.161,293.0,57.6,58.6,34.0,4.0,30.0,59.0,58.0,293.0,30.0,30.0,monthly,0.161,-1.8263509139976741,4.070734696582967,2026-01
66974,2025-07-01,19,12,0.387,2190.0,198.3,182.5,27.0,12.0,30.0,183.0,198.0,2190.0,30.0,30.0,monthly,0.387,-0.9493305859523552,5.206750173022546,2025-07
66974,2025-08-01,1,30,0.968,5675.0,189.1,189.2,42.0,30.0,30.0,189.0,189.0,5675.0,30.0,30.0,monthly,0.968,-0.03252319170556006,5.2428046566177775,2025-08
66974,2025-09-01,5,25,0.833,4631.0,186.2,185.2,85.0,20.0,30.0,185.0,186.0,4631.0,30.0,30.0,monthly,0.833,-0.1827216368152944,5.221436322212079,2025-09
66974,2025-10-01,7,24,0.774,4591.0,189.4,191.3,153.0,4.0,30.0,191.0,189.0,4591.0,30.0,30.0,monthly,0.774,-0.2561834053924099,5.253842876446207,2025-10
66974,2025-11-01,6,24,0.8,4695.0,193.9,195.6,14.0,24.0,30.0,196.0,194.0,4695.0,30.0,30.0,monthly,0.8,-0.2231435513142097,5.276071757600717,2025-11
66974,2025-12-01,3,28,0.903,5388.0,189.8,192.4,37.0,18.0,30.0,192.0,190.0,5388.0,30.0,30.0,monthly,0.903,-0.10203272556515161,5.259576538231606,2025-12
66974,2026-01-01,21,10,0.323,1956.0,197.9,195.6,1.0,1.0,30.0,196.0,198.0,1956.0,30.0,30.0,monthly,0.323,-1.1301029557594804,5.276071757600717,2026-01
66974,2026-02-01,18,10,0.357,2024.0,203.2,202.4,32.0,10.0,30.0,202.0,203.0,2024.0,30.0,30.0,monthly,0.357,-1.030019497202498,5.310245937413311,2026-02
66974,2026-03-01,8,23,0.742,4651.0,204.5,202.2,1.0,1.0,30.0,202.0,205.0,4651.0,30.0,30.0,monthly,0.742,-0.2984060358147566,5.309257306586371,2026-03
66974,2026-04-01,22,8,0.267,1627.0,208.7,203.4,67.0,8.0,30.0,203.0,209.0,1627.0,30.0,30.0,monthly,0.267,-1.3205066205818874,5.315174483614459,2026-04
66974,2026-06-01,28,2,0.067,409.0,207.8,204.5,224.0,17.0,30.0,205.0,208.0,409.0,30.0,30.0,monthly,0.067,-2.703062659591171,5.320567975482857,2026-06
455734,2025-07-01,2,29,0.935,2961.0,102.2,102.1,16.0,47.0,119.0,102.0,102.0,2961.0,114.0,114.0,monthly,0.935,-0.06720874969344999,4.625952725170619,2025-07
455734,2025-08-01,6,25,0.806,2568.0,102.8,102.7,69.0,23.0,45.0,103.0,103.0,2568.0,114.0,114.0,monthly,0.806,-0.2156715364755087,4.631812116934513,2025-08
455734,2025-09-01,14,16,0.533,1621.0,100.2,101.3,,,45.0,101.0,100.0,1621.0,114.0,114.0,monthly,0.533,-0.6292338548162925,4.618086411254637,2025-09
498052,2025-07-01,0,31,1.0,6531.0,210.7,210.7,102.0,8.0,1.0,211.0,211.0,6531.0,1.0,1.0,short_stay,1.0,0.0,5.350435320810143,2025-07
498052,2025-08-01,0,31,1.0,5073.0,163.6,163.6,204.0,11.0,1.0,164.0,164.0,5073.0,1.0,1.0,short_stay,1.0,0.0,5.097424424168647,2025-08
498052,2025-09-01,1,29,0.967,4872.0,171.8,168.0,227.0,7.0,1.0,168.0,172.0,4872.0,1.0,1.0,short_stay,0.967,-0.033556783528842754,5.123963979403259,2025-09
498052,2025-10-01,1,30,0.968,5736.0,191.1,191.2,158.0,17.0,1.0,191.0,191.0,5736.0,1.0,1.0,short_stay,0.968,-0.03252319170556006,5.2533200006173,2025-10
498052,2025-11-01,0,30,1.0,5014.0,167.1,167.1,45.0,8.0,1.0,167.0,167.0,5014.0,1.0,1.0,short_stay,1.0,0.0,5.118592435601348,2025-11
498052,2025-12-01,0,31,1.0,5734.0,185.0,185.0,174.0,12.0,1.0,185.0,185.0,5734.0,1.0,1.0,short_stay,1.0,0.0,5.220355825078324,2025-12
498052,2026-01-01,23,8,0.258,1349.0,174.0,168.6,1.0,2.0,1.0,169.0,174.0,1349.0,1.0,1.0,short_stay,0.258,-1.3547956940605197,5.127529045567755,2026-01
498052,2026-02-01,21,7,0.25,1341.0,173.9,191.6,29.0,3.0,1.0,192.0,174.0,1341.0,1.0,1.0,short_stay,0.25,-1.3862943611198906,5.25540986553676,2026-02
498052,2026-03-01,10,21,0.677,3424.0,168.7,163.0,85.0,2.0,1.0,163.0,169.0,3424.0,1.0,1.0,short_stay,0.677,-0.390084006069862,5.093750200806762,2026-03
498052,2026-04-01,1,29,0.967,5168.0,177.6,178.2,135.0,8.0,1.0,178.0,178.0,5168.0,1.0,1.0,short_stay,0.967,-0.033556783528842754,5.182906515036709,2026-04
498052,2026-05-01,0,31,1.0,6368.0,205.4,205.4,198.0,7.0,1.0,205.0,205.0,6368.0,1.0,1.0,short_stay,1.0,0.0,5.324959297494458,2026-05
498052,2026-06-01,14,16,0.533,2724.0,168.6,170.2,212.0,6.0,1.0,170.0,169.0,2724.0,1.0,1.0,short_stay,0.533,-0.6292338548162925,5.136974216139274,2026-06
773041,2025-12-01,20,11,0.355,472.0,43.5,42.9,94.0,6.0,30.0,43.0,44.0,472.0,30.0,30.0,monthly,0.355,-1.0356374895067213,3.758871825933971,2025-12
773041,2026-01-01,30,1,0.032,45.0,44.7,45.0,,,30.0,45.0,45.0,45.0,30.0,30.0,monthly,0.032,-3.4420193761824103,3.8066624897703196,2026-01
16974,2026-06-01,17,13,0.433,2848.0,219.1,219.1,1.0,13.0,30.0,219.0,219.0,2848.0,30.0,30.0,monthly,0.433,-0.8370175509796473,5.3895282466014205,2026-06
6872,2025-08-01,22,9,0.29,600.0,67.7,66.7,67.0,45.0,30.0,67.0,68.0,600.0,30.0,30.0,monthly,0.29,-1.2378743560016174,4.200204952921578,2025-08
6872,2025-09-01,0,30,1.0,2023.0,67.4,67.4,,,30.0,67.0,67.0,2023.0,30.0,30.0,monthly,1.0,0.0,4.210645017918261,2025-09
6872,2025-10-01,25,6,0.194,408.0,68.0,68.0,,,30.0,68.0,68.0,408.0,30.0,30.0,monthly,0.194,-1.6398971199188088,4.219507705176107,2025-10
6872,2025-12-01,25,6,0.194,405.0,67.1,67.5,1.0,6.0,30.0,68.0,67.0,405.0,30.0,30.0,monthly,0.194,-1.6398971199188088,4.212127597878484,2025-12
704838,2025-08-01,13,18,0.581,1809.0,101.7,100.5,69.0,17.0,30.0,101.0,102.0,1809.0,30.0,30.0,monthly,0.581,-0.5430045221302259,4.61015772749913,2025-08
704838,2025-09-01,14,16,0.533,1745.0,106.6,109.1,,,30.0,109.0,107.0,1745.0,30.0,30.0,monthly,0.533,-0.6292338548162925,4.692264892839025,2025-09
704838,2025-10-01,14,17,0.548,1714.0,100.7,100.8,1.0,17.0,30.0,101.0,101.0,1714.0,30.0,30.0,monthly,0.548,-0.6014799920341214,4.613138355637268,2025-10
314982,2025-08-01,25,6,0.194,525.0,87.2,87.5,114.0,17.0,30.0,88.0,87.0,525.0,30.0,,monthly,0.194,-1.6398971199188088,4.471638793363569,2025-08
314982,2025-09-01,1,29,0.967,2588.0,88.8,89.2,,,30.0,89.0,89.0,2588.0,30.0,,monthly,0.967,-0.033556783528842754,4.490881039585964,2025-09
314982,2025-10-01,0,31,1.0,2715.0,87.6,87.6,64.0,60.0,30.0,88.0,88.0,2715.0,30.0,,monthly,1.0,0.0,4.472780997942346,2025-10
314982,2025-11-01,1,29,0.967,2513.0,86.7,86.7,,,30.0,87.0,87.0,2513.0,30.0,,monthly,0.967,-0.033556783528842754,4.462453883786496,2025-11
314982,2025-12-01,30,1,0.032,98.0,89.1,98.0,1.0,1.0,30.0,98.0,89.0,98.0,30.0,,monthly,0.032,-3.4420193761824103,4.584967478670572,2025-12
473980,2026-06-01,15,15,0.5,2647.0,176.8,176.5,3.0,15.0,30.0,177.0,177.0,2647.0,30.0,30.0,monthly,0.5,-0.6931471805599453,5.173320876373351,2026-06
993576,2025-07-01,6,25,0.806,5575.0,222.0,223.0,,,30.0,223.0,222.0,5575.0,30.0,,monthly,0.806,-0.2156715364755087,5.407171771460119,2025-07
993576,2025-08-01,1,30,0.968,6723.0,224.6,224.1,42.0,30.0,30.0,224.0,225.0,6723.0,30.0,,monthly,0.968,-0.03252319170556006,5.4120923808068815,2025-08
993576,2025-09-01,0,30,1.0,7393.0,246.4,246.4,4.0,30.0,30.0,246.0,246.0,7393.0,30.0,,monthly,1.0,0.0,5.506956231659364,2025-09
993576,2025-10-01,1,30,0.968,7242.0,240.5,241.4,4.0,30.0,30.0,241.0,241.0,7242.0,30.0,,monthly,0.968,-0.03252319170556006,5.486455308663431,2025-10
993576,2025-11-01,26,4,0.133,912.0,224.1,228.0,1.0,23.0,30.0,228.0,224.0,912.0,30.0,,monthly,0.133,-2.017406150760383,5.429345628954441,2025-11
993576,2025-12-01,12,19,0.613,4333.0,227.4,228.1,,,30.0,228.0,227.0,4333.0,30.0,,monthly,0.613,-0.48939034304592566,5.429784129290343,2025-12
993576,2026-05-01,23,8,0.258,2106.0,260.8,263.2,1.0,8.0,30.0,263.0,261.0,2106.0,30.0,,monthly,0.258,-1.3547956940605197,5.572914199451162,2026-05
993576,2026-06-01,21,9,0.3,2451.0,269.4,272.3,1.0,12.0,30.0,272.0,269.0,2451.0,30.0,,monthly,0.3,-1.2039728043259361,5.606904399679714,2026-06
837503,2025-07-01,2,29,0.935,3532.0,121.8,121.8,43.0,45.0,30.0,122.0,122.0,3532.0,30.0,30.0,monthly,0.935,-0.06720874969344999,4.802380355275797,2025-07
837503,2025-08-01,15,16,0.516,1948.0,117.0,121.8,,,30.0,122.0,117.0,1948.0,30.0,30.0,monthly,0.516,-0.6616485135005743,4.802380355275797,2025-08
837503,2025-09-01,4,26,0.867,3075.0,117.5,118.3,14.0,27.0,30.0,118.0,118.0,3075.0,30.0,30.0,monthly,0.867,-0.1427163022015952,4.773223770984341,2025-09
837503,2025-10-01,20,11,0.355,1201.0,110.4,109.2,1.0,39.0,30.0,109.0,110.0,1201.0,30.0,30.0,monthly,0.355,-1.0356374895067213,4.693181063310805,2025-10
837503,2025-11-01,0,30,1.0,3526.0,117.5,117.5,10.0,31.0,30.0,118.0,118.0,3526.0,30.0,30.0,monthly,1.0,0.0,4.7664383335842135,2025-11
837503,2025-12-01,1,30,0.968,3625.0,120.9,120.8,,,30.0,121.0,121.0,3625.0,30.0,30.0,monthly,0.968,-0.03252319170556006,4.794136285500715,2025-12
837503,2026-06-01,18,12,0.4,1695.0,141.9,141.2,1.0,12.0,30.0,141.0,142.0,1695.0,30.0,30.0,monthly,0.4,-0.916290731874155,4.950177325059141,2026-06
82928,2025-08-01,21,10,0.323,1635.0,164.6,163.5,126.0,2.0,30.0,164.0,165.0,1635.0,30.0,30.0,monthly,0.323,-1.1301029557594804,5.096812990337308,2025-08
82928,2025-09-01,28,2,0.067,307.0,144.9,153.5,167.0,2.0,30.0,154.0,145.0,307.0,30.0,30.0,monthly,0.067,-2.703062659591171,5.033700567027251,2025-09
82928,2025-11-01,27,3,0.1,432.0,147.2,144.0,117.0,1.0,30.0,144.0,147.0,432.0,30.0,30.0,monthly,0.1,-2.3025850929940455,4.969813299576001,2025-11
82928,2025-12-01,15,16,0.516,2346.0,147.0,146.6,140.0,8.0,30.0,147.0,147.0,2346.0,30.0,30.0,monthly,0.516,-0.6616485135005743,4.987707789452551,2025-12
82928,2026-01-01,25,6,0.194,797.0,142.3,132.8,171.0,3.0,30.0,133.0,142.0,797.0,30.0,30.0,monthly,0.194,-1.6398971199188088,4.888844237042334,2026-01
82928,2026-02-01,16,12,0.429,1415.0,116.2,117.9,204.0,3.0,30.0,118.0,116.0,1415.0,30.0,30.0,monthly,0.429,-0.8462983600541201,4.769836807543325,2026-02
82928,2026-03-01,29,2,0.065,239.0,124.7,119.5,,,30.0,120.0,125.0,239.0,30.0,30.0,monthly,0.065,-2.7333680090865,4.783316371371566,2026-03
82928,2026-06-01,28,2,0.067,261.0,128.3,130.5,3.0,2.0,30.0,131.0,128.0,261.0,30.0,30.0,monthly,0.067,-2.703062659591171,4.871373226762748,2026-06
607781,2025-07-01,1,30,0.968,3842.0,128.1,128.1,42.0,39.0,30.0,128.0,128.0,3842.0,30.0,1.0,monthly,0.968,-0.03252319170556006,4.852811208902689,2025-07
607781,2025-08-01,21,10,0.323,1303.0,131.2,130.3,1.0,1.0,30.0,130.0,131.0,1303.0,30.0,1.0,monthly,0.323,-1.1301029557594804,4.869839484130799,2025-08
607781,2025-09-01,7,23,0.767,2970.0,130.0,129.1,173.0,11.0,30.0,129.0,130.0,2970.0,30.0,1.0,monthly,0.767,-0.26526847761488087,4.860587297852597,2025-09
607781,2025-10-01,2,29,0.935,3577.0,123.7,123.3,39.0,17.0,30.0,123.0,124.0,3577.0,30.0,1.0,monthly,0.935,-0.06720874969344999,4.814620410170298,2025-10
607781,2025-11-01,0,30,1.0,3813.0,127.1,127.1,,,30.0,127.0,127.0,3813.0,30.0,1.0,monthly,1.0,0.0,4.844974178195408,2025-11
607781,2025-12-01,22,9,0.29,1128.0,126.9,125.3,1.0,1.0,30.0,125.0,127.0,1128.0,30.0,1.0,monthly,0.29,-1.2378743560016174,4.8307108619020225,2025-12
607781,2026-01-01,0,31,1.0,3548.0,114.5,114.5,15.0,31.0,30.0,115.0,115.0,3548.0,30.0,1.0,monthly,1.0,0.0,4.740574822994295,2026-01
607781,2026-02-01,15,13,0.464,1699.0,125.4,130.7,3.0,3.0,30.0,131.0,125.0,1699.0,30.0,1.0,monthly,0.464,-0.7678707267558817,4.872904620630176,2026-02
607781,2026-03-01,28,3,0.097,400.0,133.5,133.3,,,30.0,133.0,134.0,400.0,30.0,1.0,monthly,0.097,-2.333044300478754,4.892602227184663,2026-03
607781,2026-04-01,29,1,0.033,134.0,136.6,134.0,1.0,1.0,30.0,134.0,137.0,134.0,30.0,1.0,monthly,0.033,-3.4112477175156566,4.897839799950911,2026-04
838070,2025-07-01,21,10,0.323,1118.0,111.7,111.8,96.0,12.0,30.0,112.0,112.0,1118.0,30.0,30.0,monthly,0.323,-1.1301029557594804,4.716711560720999,2025-07
838070,2025-08-01,1,30,0.968,3351.0,111.7,111.7,73.0,16.0,30.0,112.0,112.0,3351.0,30.0,30.0,monthly,0.968,-0.03252319170556006,4.715816706075155,2025-08
838070,2025-09-01,17,13,0.433,1478.0,112.2,113.7,25.0,11.0,30.0,114.0,112.0,1478.0,30.0,30.0,monthly,0.433,-0.8370175509796473,4.73356340075649,2025-09
838070,2025-10-01,25,6,0.194,687.0,111.7,114.5,6.0,4.0,30.0,115.0,112.0,687.0,30.0,30.0,monthly,0.194,-1.6398971199188088,4.740574822994295,2025-10
838070,2026-01-01,23,8,0.258,879.0,108.5,109.9,96.0,8.0,30.0,110.0,109.0,879.0,30.0,30.0,monthly,0.258,-1.3547956940605197,4.699570861409576,2026-01
838070,2026-02-01,17,11,0.393,1366.0,128.7,124.2,65.0,5.0,30.0,124.0,129.0,1366.0,30.0,30.0,monthly,0.393,-0.9339456671128757,4.821893169499378,2026-02
838070,2026-03-01,18,13,0.419,1687.0,129.4,129.8,78.0,6.0,30.0,130.0,129.0,1687.0,30.0,30.0,monthly,0.419,-0.8698843590599994,4.86599480426999,2026-03
838070,2026-04-01,26,4,0.133,535.0,138.3,133.8,186.0,4.0,30.0,134.0,138.0,535.0,30.0,30.0,monthly,0.133,-2.017406150760383,4.896346147694128,2026-04
684808,2025-07-01,0,31,1.0,5292.0,170.7,170.7,,,30.0,171.0,171.0,5292.0,30.0,30.0,monthly,1.0,0.0,5.139907629800395,2025-07
684808,2025-08-01,1,30,0.968,5163.0,172.6,172.1,47.0,76.0,30.0,172.0,173.0,5163.0,30.0,30.0,monthly,0.968,-0.03252319170556006,5.1480757032174935,2025-08
684808,2025-09-01,0,30,1.0,5057.0,168.6,168.6,,,30.0,169.0,169.0,5057.0,30.0,30.0,monthly,1.0,0.0,5.127529045567755,2025-09
684808,2025-10-01,1,30,0.968,5025.0,167.7,167.5,65.0,11.0,30.0,168.0,168.0,5025.0,30.0,30.0,monthly,0.968,-0.03252319170556006,5.120983351265121,2025-10
684808,2025-11-01,17,13,0.433,2174.0,170.6,167.2,,,30.0,167.0,171.0,2174.0,30.0,30.0,monthly,0.433,-0.8370175509796473,5.119190700650601,2025-11
684808,2026-01-01,28,3,0.097,496.0,158.9,165.3,1.0,3.0,30.0,165.0,159.0,496.0,30.0,30.0,monthly,0.097,-2.333044300478754,5.107762004826979,2026-01
684808,2026-02-01,21,7,0.25,1414.0,196.2,202.0,10.0,21.0,30.0,202.0,196.0,1414.0,30.0,30.0,monthly,0.25,-1.3862943611198906,5.308267697401205,2026-02
684808,2026-03-01,17,14,0.452,2846.0,202.0,203.3,,,30.0,203.0,202.0,2846.0,30.0,30.0,monthly,0.452,-0.7940730991499059,5.314682720634301,2026-03
684808,2026-04-01,13,17,0.567,3483.0,202.5,204.9,1.0,25.0,30.0,205.0,203.0,3483.0,30.0,30.0,monthly,0.567,-0.5673959752543851,5.322522055244854,2026-04
684808,2026-05-01,23,8,0.258,1589.0,201.4,198.6,,,30.0,199.0,201.0,1589.0,30.0,30.0,monthly,0.258,-1.3547956940605197,5.291292751611072,2026-05
651648,2025-07-01,23,8,0.258,2431.0,304.6,303.9,5.0,1.0,2.0,304.0,305.0,2431.0,2.0,2.0,short_stay,0.258,-1.3547956940605197,5.716698699922747,2025-07
651648,2025-08-01,30,1,0.032,311.0,312.0,311.0,1.0,1.0,2.0,311.0,312.0,311.0,2.0,2.0,short_stay,0.032,-3.4420193761824103,5.739792912179234,2025-08
651648,2025-09-01,15,15,0.5,4729.0,311.6,315.3,9.0,3.0,2.0,315.0,312.0,4729.0,2.0,2.0,short_stay,0.5,-0.6931471805599453,5.7535245665510155,2025-09
651648,2025-10-01,11,20,0.645,7339.0,362.8,366.9,5.0,2.0,2.0,367.0,363.0,7339.0,2.0,2.0,short_stay,0.645,-0.43850496218636453,5.9050893313612365,2025-10
651648,2025-11-01,16,14,0.467,5090.0,359.1,363.6,4.0,1.0,2.0,364.0,359.0,5090.0,2.0,2.0,short_stay,0.467,-0.7614260213132397,5.896054362303324,2025-11
651648,2025-12-01,15,16,0.516,6096.0,377.1,381.0,7.0,1.0,2.0,381.0,377.0,6096.0,2.0,2.0,short_stay,0.516,-0.6616485135005743,5.942799375126701,2025-12
651648,2026-01-01,23,8,0.258,2736.0,352.8,342.0,1.0,1.0,2.0,342.0,353.0,2736.0,2.0,2.0,short_stay,0.258,-1.3547956940605197,5.834810737062605,2026-01
651648,2026-02-01,20,8,0.286,3417.0,408.7,427.1,1.0,1.0,2.0,427.0,409.0,3417.0,2.0,2.0,short_stay,0.286,-1.2517634681622845,6.057018177847421,2026-02
651648,2026-03-01,23,8,0.258,3326.0,429.9,415.8,1.0,1.0,2.0,416.0,430.0,3326.0,2.0,2.0,short_stay,0.258,-1.3547956940605197,6.030204375423913,2026-03
651648,2026-04-01,19,11,0.367,5098.0,456.5,463.5,23.0,11.0,2.0,464.0,457.0,5098.0,2.0,2.0,short_stay,0.367,-1.0023934309275668,6.13880638500591,2026-04
651648,2026-05-01,27,4,0.129,1930.0,462.8,482.5,7.0,2.0,2.0,483.0,463.0,1930.0,2.0,2.0,short_stay,0.129,-2.047942874620465,6.178980920779041,2026-05
651648,2026-06-01,23,7,0.233,3274.0,454.2,467.7,39.0,2.0,2.0,468.0,454.0,3274.0,2.0,2.0,short_stay,0.233,-1.4567168254164364,6.147827064731841,2026-06
52689,2025-07-01,7,24,0.774,4629.0,190.0,192.9,51.0,13.0,12.0,193.0,190.0,4629.0,1.0,5.0,short_stay,0.774,-0.2561834053924099,5.262171919911683,2025-07
52689,2025-08-01,24,7,0.226,1394.0,203.5,199.1,65.0,2.0,10.0,199.0,204.0,1394.0,1.0,5.0,short_stay,0.226,-1.487220279709851,5.293807211070151,2025-08
52689,2025-09-01,3,27,0.9,6025.0,225.1,223.1,1.0,42.0,3.0,223.0,225.0,6025.0,1.0,5.0,short_stay,0.9,-0.10536051565782628,5.407620101438487,2025-09
52689,2025-10-01,2,29,0.935,5823.0,201.2,200.8,34.0,12.0,3.0,201.0,201.0,5823.0,1.0,5.0,short_stay,0.935,-0.06720874969344999,5.302309387817574,2025-10
52689,2025-11-01,5,25,0.833,5544.0,221.0,221.8,30.0,4.0,3.0,222.0,221.0,5544.0,1.0,5.0,short_stay,0.833,-0.1827216368152944,5.401776074916267,2025-11
52689,2025-12-01,3,28,0.903,5886.0,212.8,210.2,49.0,4.0,4.0,210.0,213.0,5886.0,1.0,5.0,short_stay,0.903,-0.10203272556515161,5.348059458442851,2025-12
52689,2026-01-01,9,22,0.71,3682.0,164.2,167.4,38.0,5.0,3.0,167.0,164.0,3682.0,1.0,5.0,short_stay,0.71,-0.342490308946776,5.120386158055375,2026-01
52689,2026-02-01,16,12,0.429,2374.0,196.9,197.8,22.0,6.0,3.0,198.0,197.0,2374.0,1.0,5.0,short_stay,0.429,-0.8462983600541201,5.287256419188612,2026-02
52689,2026-03-01,6,25,0.806,5334.0,214.4,213.4,57.0,4.0,3.0,213.0,214.0,5334.0,1.0,5.0,short_stay,0.806,-0.2156715364755087,5.363168338867653,2026-03
52689,2026-04-01,7,23,0.767,4668.0,204.5,203.0,95.0,8.0,6.0,203.0,205.0,4668.0,1.0,5.0,short_stay,0.767,-0.26526847761488087,5.313205979041787,2026-04
52689,2026-05-01,5,26,0.839,6648.0,257.4,255.7,102.0,6.0,3.0,256.0,257.0,6648.0,1.0,5.0,short_stay,0.839,-0.1755445725149309,5.544004882297141,2026-05
52689,2026-06-01,3,27,0.9,6578.0,242.9,243.6,99.0,3.0,3.0,244.0,243.0,6578.0,1.0,5.0,short_stay,0.9,-0.10536051565782628,5.495527535835742,2026-06
1213745,2026-06-01,15,15,0.5,2619.0,174.5,174.6,1.0,15.0,30.0,175.0,175.0,2619.0,30.0,30.0,monthly,0.5,-0.6931471805599453,5.162497643405501,2026-06
1355654,2025-07-01,25,6,0.194,1094.0,186.4,182.3,1.0,6.0,30.0,182.0,186.0,1094.0,30.0,30.0,monthly,0.194,-1.6398971199188088,5.205653681684617,2025-07
1355654,2025-08-01,27,4,0.129,757.0,188.2,189.2,1.0,4.0,30.0,189.0,188.0,757.0,30.0,30.0,monthly,0.129,-2.047942874620465,5.2428046566177775,2025-08
1355654,2025-10-01,18,13,0.419,2460.0,193.4,189.2,1.0,13.0,30.0,189.0,193.0,2460.0,30.0,30.0,monthly,0.419,-0.8698843590599994,5.2428046566177775,2025-10
1355654,2025-11-01,24,6,0.2,1229.0,198.4,204.8,1.0,6.0,30.0,205.0,198.0,1229.0,30.0,30.0,monthly,0.2,-1.6094379124341003,5.322033893165353,2025-11
1355654,2026-05-01,16,15,0.484,3215.0,215.4,214.3,1.0,15.0,30.0,214.0,215.0,3215.0,30.0,30.0,monthly,0.484,-0.7256703722655053,5.367376902479531,2026-05
1036498,2025-07-01,0,31,1.0,2481.0,80.0,80.0,,,30.0,80.0,80.0,2481.0,30.0,30.0,monthly,1.0,0.0,4.382026634673881,2025-07
1036498,2025-08-01,15,16,0.516,1566.0,84.9,97.9,18.0,30.0,30.0,98.0,85.0,1566.0,30.0,30.0,monthly,0.516,-0.6616485135005743,4.583946549536464,2025-08
1036498,2025-09-01,13,17,0.567,1387.0,72.4,81.6,1.0,34.0,30.0,82.0,72.0,1387.0,30.0,30.0,monthly,0.567,-0.5673959752543851,4.401829261970061,2025-09
1036498,2025-10-01,0,31,1.0,1980.0,63.9,63.9,,,30.0,64.0,64.0,1980.0,30.0,30.0,monthly,1.0,0.0,4.157319361383489,2025-10
1036498,2025-11-01,29,1,0.033,72.0,67.6,72.0,1.0,17.0,30.0,72.0,68.0,72.0,30.0,30.0,monthly,0.033,-3.4112477175156566,4.276666119016055,2025-11
1036498,2025-12-01,15,16,0.516,1210.0,74.4,75.6,,,30.0,76.0,74.0,1210.0,30.0,30.0,monthly,0.516,-0.6616485135005743,4.3254562831854875,2025-12
1036498,2026-01-01,27,4,0.129,288.0,68.0,72.0,6.0,4.0,30.0,72.0,68.0,288.0,30.0,30.0,monthly,0.129,-2.047942874620465,4.276666119016055,2026-01
1036498,2026-05-01,26,5,0.161,393.0,79.1,78.6,1.0,5.0,30.0,79.0,79.0,393.0,30.0,30.0,monthly,0.161,-1.8263509139976741,4.364371699435161,2026-05
1035120,2025-07-01,14,17,0.548,2439.0,144.8,143.5,1.0,13.0,30.0,144.0,145.0,2439.0,30.0,30.0,monthly,0.548,-0.6014799920341214,4.966335035199676,2025-07
1035120,2025-08-01,19,12,0.387,1752.0,148.7,146.0,23.0,1.0,30.0,146.0,149.0,1752.0,30.0,30.0,monthly,0.387,-0.9493305859523552,4.983606621708336,2025-08
1035120,2025-10-01,19,12,0.387,1756.0,147.8,146.3,46.0,12.0,30.0,146.0,148.0,1756.0,30.0,30.0,monthly,0.387,-0.9493305859523552,4.9856593080260785,2025-10
1035120,2025-11-01,29,1,0.033,140.0,141.2,140.0,1.0,1.0,30.0,140.0,141.0,140.0,30.0,30.0,monthly,0.033,-3.4112477175156566,4.941642422609304,2025-11
235960,2025-07-01,15,16,0.516,3046.0,188.7,190.4,111.0,21.0,30.0,190.0,189.0,3046.0,30.0,30.0,monthly,0.516,-0.6616485135005743,5.249127122357265,2025-07
235960,2025-08-01,0,31,1.0,5666.0,182.8,182.8,,,30.0,183.0,183.0,5666.0,30.0,30.0,monthly,1.0,0.0,5.20839265902005,2025-08
235960,2025-09-01,1,29,0.967,4742.0,163.8,163.5,24.0,28.0,30.0,164.0,164.0,4742.0,30.0,30.0,monthly,0.967,-0.033556783528842754,5.096812990337308,2025-09
235960,2025-10-01,28,3,0.097,458.0,159.7,152.7,,,30.0,153.0,160.0,458.0,30.0,30.0,monthly,0.097,-2.333044300478754,5.028475212224587,2025-10
235960,2026-01-01,30,1,0.032,177.0,161.7,177.0,1.0,1.0,30.0,177.0,162.0,177.0,30.0,30.0,monthly,0.032,-3.4420193761824103,5.176149732573829,2026-01
235960,2026-05-01,1,30,0.968,5756.0,192.2,191.9,1.0,31.0,30.0,192.0,192.0,5756.0,30.0,30.0,monthly,0.968,-0.03252319170556006,5.256974403013654,2026-05
235960,2026-06-01,9,21,0.7,7439.0,348.2,354.2,1.0,33.0,30.0,354.0,348.0,7439.0,30.0,30.0,monthly,0.7,-0.35667494393873245,5.869861725348733,2026-06
45936,2025-07-01,0,31,1.0,2297.0,74.1,74.1,,,30.0,74.0,74.0,2297.0,30.0,30.0,monthly,1.0,0.0,4.3054155323020415,2025-07
45936,2025-08-01,30,1,0.032,76.0,75.5,76.0,74.0,1.0,30.0,76.0,76.0,76.0,30.0,30.0,monthly,0.032,-3.4420193761824103,4.330733340286331,2025-08
45936,2025-11-01,4,26,0.867,1943.0,74.5,74.7,141.0,45.0,30.0,75.0,75.0,1943.0,30.0,30.0,monthly,0.867,-0.1427163022015952,4.3134800921387715,2025-11
45936,2025-12-01,12,19,0.613,1390.0,68.6,73.2,,,30.0,73.0,69.0,1390.0,30.0,30.0,monthly,0.613,-0.48939034304592566,4.293195420967266,2025-12
45936,2026-01-01,28,3,0.097,186.0,65.4,62.0,151.0,3.0,30.0,62.0,65.0,186.0,30.0,30.0,monthly,0.097,-2.333044300478754,4.127134385045092,2026-01
267376,2026-04-01,25,5,0.167,455.0,91.8,91.0,1.0,24.0,30.0,91.0,92.0,455.0,30.0,30.0,monthly,0.167,-1.7897614665653818,4.51085950651685,2026-04
267376,2026-05-01,4,27,0.871,2514.0,93.0,93.1,11.0,27.0,30.0,93.0,93.0,2514.0,30.0,30.0,monthly,0.871,-0.13811330212963427,4.533674184283021,2026-05
267376,2026-06-01,11,19,0.633,1770.0,92.9,93.2,,,30.0,93.0,93.0,1770.0,30.0,30.0,monthly,0.633,-0.45728485683796083,4.534747721691546,2026-06
191610,2025-07-01,4,27,0.871,4553.0,173.7,168.6,65.0,6.0,2.0,169.0,174.0,4553.0,1.0,2.0,short_stay,0.871,-0.13811330212963427,5.127529045567755,2025-07
191610,2025-08-01,3,28,0.903,4440.0,158.2,158.6,99.0,5.0,2.0,159.0,158.0,4440.0,1.0,2.0,short_stay,0.903,-0.10203272556515161,5.066385309200747,2025-08
191610,2025-09-01,0,30,1.0,4876.0,162.5,162.5,142.0,10.0,2.0,163.0,163.0,4876.0,1.0,2.0,short_stay,1.0,0.0,5.090678001769792,2025-09
191610,2025-10-01,0,31,1.0,5079.0,163.8,163.8,159.0,6.0,2.0,164.0,164.0,5079.0,1.0,2.0,short_stay,1.0,0.0,5.098646171418969,2025-10
191610,2025-11-01,1,29,0.967,5614.0,193.2,193.6,101.0,6.0,2.0,194.0,193.0,5614.0,1.0,2.0,short_stay,0.967,-0.033556783528842754,5.265794174842477,2025-11
191610,2025-12-01,2,29,0.935,5729.0,199.1,197.6,113.0,7.0,1.0,198.0,199.0,5729.0,1.0,2.0,short_stay,0.935,-0.06720874969344999,5.286244785313768,2025-12
191610,2026-01-01,10,21,0.677,3138.0,148.1,149.4,42.0,14.0,2.0,149.0,148.0,3138.0,1.0,2.0,short_stay,0.677,-0.390084006069862,5.006627272698717,2026-01
191610,2026-02-01,1,27,0.964,5139.0,191.3,190.3,51.0,6.0,2.0,190.0,191.0,5139.0,1.0,2.0,short_stay,0.964,-0.03666398437159147,5.248601774302104,2026-02
191610,2026-03-01,13,18,0.581,3676.0,208.2,204.2,80.0,5.0,2.0,204.0,208.0,3676.0,1.0,2.0,short_stay,0.581,-0.5430045221302259,5.319099905730565,2026-03
191610,2026-04-01,1,29,0.967,6465.0,222.4,222.9,77.0,6.0,1.0,223.0,222.0,6465.0,1.0,2.0,short_stay,0.967,-0.033556783528842754,5.406723240391823,2026-04
191610,2026-05-01,0,31,1.0,6956.0,224.4,224.4,97.0,30.0,2.0,224.0,224.0,6956.0,1.0,2.0,short_stay,1.0,0.0,5.413430173648541,2026-05
191610,2026-06-01,24,6,0.2,1340.0,224.3,223.3,5.0,5.0,2.0,223.0,224.0,1340.0,1.0,2.0,short_stay,0.2,-1.6094379124341003,5.408516158846112,2026-06
958444,2025-07-01,30,1,0.032,94.0,99.1,94.0,41.0,1.0,30.0,94.0,99.0,94.0,30.0,30.0,monthly,0.032,-3.4420193761824103,4.543294782270004,2025-07
958444,2026-01-01,13,18,0.581,1739.0,97.4,96.6,1.0,19.0,30.0,97.0,97.0,1739.0,30.0,30.0,monthly,0.581,-0.5430045221302259,4.570578741218473,2026-01
958444,2026-02-01,26,2,0.071,194.0,104.3,97.0,1.0,1.0,30.0,97.0,104.0,194.0,30.0,30.0,monthly,0.071,-2.645075401940822,4.574710978503383,2026-02
958444,2026-03-01,26,5,0.161,539.0,107.3,107.8,1.0,5.0,30.0,108.0,107.0,539.0,30.0,30.0,monthly,0.161,-1.8263509139976741,4.680277658474897,2026-03
230877,2025-07-01,10,21,0.677,2991.0,142.7,142.4,24.0,30.0,30.0,142.0,143.0,2991.0,30.0,28.0,monthly,0.677,-0.390084006069862,4.958639998977875,2025-07
230877,2025-08-01,22,9,0.29,1236.0,139.0,137.3,,,30.0,137.0,139.0,1236.0,30.0,28.0,monthly,0.29,-1.2378743560016174,4.922168312773925,2025-08
230877,2025-09-01,16,14,0.467,2046.0,146.2,146.1,62.0,23.0,30.0,146.0,146.0,2046.0,30.0,28.0,monthly,0.467,-0.7614260213132397,4.984291318756654,2025-09
230877,2025-10-01,9,22,0.71,3133.0,142.1,142.4,40.0,16.0,30.0,142.0,142.0,3133.0,30.0,28.0,monthly,0.71,-0.342490308946776,4.958639998977875,2025-10
230877,2025-11-01,11,19,0.633,2693.0,142.8,141.7,,,30.0,142.0,143.0,2693.0,30.0,28.0,monthly,0.633,-0.45728485683796083,4.953712146696635,2025-11
230877,2026-04-01,4,26,0.867,4889.0,188.8,188.0,63.0,45.0,30.0,188.0,189.0,4889.0,30.0,28.0,monthly,0.867,-0.1427163022015952,5.236441962829949,2026-04
230877,2026-05-01,0,31,1.0,5556.0,179.2,179.2,20.0,6.0,30.0,179.0,179.0,5556.0,30.0,28.0,monthly,1.0,0.0,5.18850250054083,2026-05
230877,2026-06-01,11,19,0.633,3458.0,181.6,182.0,62.0,6.0,30.0,182.0,182.0,3458.0,30.0,28.0,monthly,0.633,-0.45728485683796083,5.204006687076795,2026-06
1100421,2025-11-01,29,1,0.033,177.0,174.0,177.0,1.0,10.0,30.0,177.0,174.0,177.0,30.0,,monthly,0.033,-3.4112477175156566,5.176149732573829,2025-11
1100421,2025-12-01,22,9,0.29,1597.0,178.9,177.4,,,30.0,177.0,179.0,1597.0,30.0,,monthly,0.29,-1.2378743560016174,5.178407069875479,2025-12
15385,2025-07-01,0,31,1.0,2557.0,82.5,82.5,,,30.0,83.0,83.0,2557.0,31.0,31.0,monthly,1.0,0.0,4.412798293340635,2025-07
15385,2025-08-01,12,19,0.613,1447.0,75.7,76.2,159.0,9.0,30.0,76.0,76.0,1447.0,31.0,31.0,monthly,0.613,-0.48939034304592566,4.333361462692601,2025-08
15385,2025-09-01,24,6,0.2,556.0,97.7,92.7,134.0,3.0,30.0,93.0,98.0,556.0,31.0,31.0,monthly,0.2,-1.6094379124341003,4.529368472571809,2025-09
15385,2026-06-01,29,1,0.033,74.0,73.3,74.0,1.0,1.0,31.0,74.0,73.0,74.0,31.0,31.0,monthly,0.033,-3.4112477175156566,4.30406509320417,2026-06
945297,2025-07-01,15,16,0.516,1670.0,103.0,104.4,215.0,45.0,30.0,104.0,103.0,1670.0,30.0,30.0,monthly,0.516,-0.6616485135005743,4.648229675448539,2025-07
945297,2025-08-01,2,29,0.935,2871.0,98.4,99.0,,,30.0,99.0,98.0,2871.0,30.0,30.0,monthly,0.935,-0.06720874969344999,4.59511985013459,2025-08
945297,2025-09-01,0,30,1.0,2789.0,93.0,93.0,227.0,30.0,30.0,93.0,93.0,2789.0,30.0,30.0,monthly,1.0,0.0,4.532599493153256,2025-09
945297,2025-10-01,27,4,0.129,392.0,110.2,98.0,17.0,2.0,30.0,98.0,110.0,392.0,30.0,30.0,monthly,0.129,-2.047942874620465,4.584967478670572,2025-10
945297,2025-11-01,27,3,0.1,301.0,113.3,100.3,36.0,3.0,30.0,100.0,113.0,301.0,30.0,30.0,monthly,0.1,-2.3025850929940455,4.60816569496789,2025-11
945297,2025-12-01,17,14,0.452,1517.0,107.6,108.4,127.0,5.0,30.0,108.0,108.0,1517.0,30.0,30.0,monthly,0.452,-0.7940730991499059,4.685828089005546,2025-12
945297,2026-01-01,29,2,0.065,208.0,95.0,104.0,,,30.0,104.0,95.0,208.0,30.0,30.0,monthly,0.065,-2.7333680090865,4.6443908991413725,2026-01
945297,2026-06-01,29,1,0.033,125.0,124.6,125.0,96.0,1.0,30.0,125.0,125.0,125.0,30.0,30.0,monthly,0.033,-3.4112477175156566,4.8283137373023015,2026-06
600775,2025-07-01,0,31,1.0,2126.0,68.6,68.6,,,30.0,69.0,69.0,2126.0,30.0,30.0,monthly,1.0,0.0,4.22829253473184,2025-07
600775,2025-08-01,28,3,0.097,187.0,55.5,62.3,,,30.0,62.0,56.0,187.0,30.0,30.0,monthly,0.097,-2.333044300478754,4.131961425793407,2025-08
600775,2025-09-01,9,21,0.7,1256.0,60.2,59.8,26.0,3.0,30.0,60.0,60.0,1256.0,30.0,30.0,monthly,0.7,-0.35667494393873245,4.091005660956586,2025-09
600775,2025-10-01,15,16,0.516,1042.0,63.2,65.1,23.0,8.0,30.0,65.0,63.0,1042.0,30.0,30.0,monthly,0.516,-0.6616485135005743,4.175924549214524,2025-10
600775,2025-11-01,27,3,0.1,180.0,63.7,60.0,48.0,3.0,30.0,60.0,64.0,180.0,30.0,30.0,monthly,0.1,-2.3025850929940455,4.0943445622221,2025-11
600775,2026-04-01,22,8,0.267,531.0,67.8,66.4,1.0,8.0,30.0,66.0,68.0,531.0,30.0,30.0,monthly,0.267,-1.3205066205818874,4.1956970564823886,2026-04
600775,2026-06-01,27,3,0.1,209.0,70.4,69.7,40.0,4.0,30.0,70.0,70.0,209.0,30.0,30.0,monthly,0.1,-2.3025850929940455,4.244200317766478,2026-06
245574,2025-08-01,25,6,0.194,1564.0,203.2,260.7,295.0,11.0,2.0,261.0,203.0,1564.0,2.0,2.0,short_stay,0.194,-1.6398971199188088,5.563370320939456,2025-08
245574,2025-09-01,10,20,0.667,5255.0,275.2,262.8,19.0,5.0,2.0,263.0,275.0,5255.0,2.0,2.0,short_stay,0.667,-0.4049652330665133,5.571393286610456,2025-09
245574,2025-10-01,20,11,0.355,3227.0,290.3,293.4,11.0,4.0,2.0,293.0,290.0,3227.0,2.0,2.0,short_stay,0.355,-1.0356374895067213,5.681536865708881,2025-10
245574,2025-11-01,29,1,0.033,289.0,297.5,289.0,,,2.0,289.0,298.0,289.0,2.0,2.0,short_stay,0.033,-3.4112477175156566,5.666426688112432,2025-11
245574,2025-12-01,16,15,0.484,4547.0,306.9,303.1,28.0,5.0,2.0,303.0,307.0,4547.0,2.0,2.0,short_stay,0.484,-0.7256703722655053,5.714062784063757,2025-12
373618,2025-07-01,24,7,0.226,2810.0,402.5,401.4,2.0,3.0,2.0,401.0,403.0,2810.0,3.0,2.0,short_stay,0.226,-1.487220279709851,5.9949584363622375,2025-07
373618,2025-08-01,24,7,0.226,2266.0,326.7,323.7,6.0,3.0,2.0,324.0,327.0,2266.0,3.0,2.0,short_stay,0.226,-1.487220279709851,5.779817160932199,2025-08
373618,2025-09-01,9,21,0.7,6689.0,322.5,318.5,13.0,2.0,2.0,319.0,323.0,6689.0,3.0,2.0,short_stay,0.7,-0.35667494393873245,5.763622475012218,2025-09
373618,2025-10-01,8,23,0.742,7920.0,351.2,344.3,21.0,9.0,2.0,344.0,351.0,7920.0,3.0,2.0,short_stay,0.742,-0.2984060358147566,5.841513370344478,2025-10
373618,2025-11-01,18,12,0.4,3906.0,333.4,325.5,27.0,4.0,2.0,326.0,333.0,3906.0,3.0,2.0,short_stay,0.4,-0.916290731874155,5.785362461648624,2025-11
373618,2025-12-01,16,15,0.484,4665.0,309.9,311.0,38.0,7.0,2.0,311.0,310.0,4665.0,3.0,2.0,short_stay,0.484,-0.7256703722655053,5.739792912179234,2025-12
373618,2026-01-01,30,1,0.032,325.0,331.2,325.0,,,2.0,325.0,331.0,325.0,3.0,2.0,short_stay,0.032,-3.4420193761824103,5.783825182329737,2026-01
373618,2026-02-01,25,3,0.107,1165.0,359.4,388.3,1.0,3.0,2.0,388.0,359.0,1165.0,3.0,2.0,short_stay,0.107,-2.234926444520231,5.961778236737621,2026-02
373618,2026-04-01,26,4,0.133,1666.0,412.0,416.5,18.0,2.0,2.0,417.0,412.0,1666.0,3.0,2.0,short_stay,0.133,-2.017406150760383,6.031886461606898,2026-04
373618,2026-05-01,20,11,0.355,4080.0,376.2,370.9,47.0,5.0,2.0,371.0,376.0,4080.0,3.0,2.0,short_stay,0.355,-1.0356374895067213,5.915932484495545,2026-05
983625,2025-09-01,5,25,0.833,3774.0,152.2,151.0,142.0,76.0,30.0,151.0,152.0,3774.0,30.0,,monthly,0.833,-0.1827216368152944,5.017279836814924,2025-09
983625,2025-10-01,0,31,1.0,4534.0,146.3,146.3,,,30.0,146.0,146.0,4534.0,30.0,,monthly,1.0,0.0,4.9856593080260785,2025-10
983625,2025-11-01,10,20,0.667,2884.0,142.1,144.2,,,30.0,144.0,142.0,2884.0,30.0,,monthly,0.667,-0.4049652330665133,4.971201224850849,2025-11
983625,2026-01-01,30,1,0.032,108.0,116.9,108.0,63.0,35.0,30.0,108.0,117.0,108.0,30.0,,monthly,0.032,-3.4420193761824103,4.68213122712422,2026-01
983625,2026-02-01,0,28,1.0,3141.0,112.2,112.2,,,30.0,112.0,112.0,3141.0,30.0,,monthly,1.0,0.0,4.720282993088596,2026-02
983625,2026-03-01,1,30,0.968,3339.0,111.3,111.3,99.0,38.0,30.0,111.0,111.0,3339.0,30.0,,monthly,0.968,-0.03252319170556006,4.712229258281499,2026-03
983625,2026-04-01,1,29,0.967,3041.0,104.8,104.9,27.0,30.0,30.0,105.0,105.0,3041.0,30.0,,monthly,0.967,-0.033556783528842754,4.653007515402251,2026-04
983625,2026-05-01,16,15,0.484,1647.0,110.7,109.8,,,30.0,110.0,111.0,1647.0,30.0,,monthly,0.484,-0.7256703722655053,4.69866052907543,2026-05
294259,2025-07-01,28,3,0.097,1231.0,395.5,410.3,39.0,3.0,1.0,410.0,396.0,1231.0,1.0,1.0,short_stay,0.097,-2.333044300478754,6.016888599448141,2025-07
294259,2025-08-01,17,14,0.452,5652.0,404.1,403.7,1.0,14.0,1.0,404.0,404.0,5652.0,1.0,1.0,short_stay,0.452,-0.7940730991499059,6.000672027858895,2025-08
294259,2025-09-01,20,10,0.333,4338.0,413.8,433.8,37.0,10.0,1.0,434.0,414.0,4338.0,1.0,1.0,short_stay,0.333,-1.0996127890016931,6.072583598392774,2025-09
294259,2025-10-01,28,3,0.097,1490.0,473.6,496.7,160.0,3.0,1.0,497.0,474.0,1490.0,1.0,1.0,short_stay,0.097,-2.333044300478754,6.207986222113305,2025-10
294259,2026-03-01,23,8,0.258,3743.0,477.1,467.9,1.0,8.0,1.0,468.0,477.0,3743.0,1.0,1.0,short_stay,0.258,-1.3547956940605197,6.148254597872171,2026-03
294259,2026-04-01,16,14,0.467,6076.0,439.9,434.0,1.0,14.0,1.0,434.0,440.0,6076.0,1.0,1.0,short_stay,0.467,-0.7614260213132397,6.073044534100405,2026-04
294259,2026-05-01,25,6,0.194,3144.0,530.1,524.0,17.0,3.0,1.0,524.0,530.0,3144.0,1.0,1.0,short_stay,0.194,-1.6398971199188088,6.261491684321042,2026-05
294259,2026-06-01,27,3,0.1,2127.0,617.6,709.0,71.0,3.0,1.0,709.0,618.0,2127.0,1.0,1.0,short_stay,0.1,-2.3025850929940455,6.5638555265321274,2026-06
190974,2026-06-01,20,10,0.333,1319.0,133.2,131.9,1.0,10.0,30.0,132.0,133.0,1319.0,30.0,,monthly,0.333,-1.0996127890016931,4.882044059723269,2026-06
146726,2025-07-01,24,7,0.226,1288.0,183.4,184.0,1.0,6.0,30.0,184.0,183.0,1288.0,30.0,30.0,monthly,0.226,-1.487220279709851,5.214935757608986,2025-07
146726,2025-08-01,24,7,0.226,1270.0,186.8,181.4,1.0,6.0,30.0,181.0,187.0,1270.0,30.0,30.0,monthly,0.226,-1.487220279709851,5.200704537681037,2025-08
146726,2025-09-01,24,6,0.2,1122.0,188.5,187.0,1.0,6.0,30.0,187.0,189.0,1122.0,30.0,30.0,monthly,0.2,-1.6094379124341003,5.231108616854587,2025-09
146726,2025-10-01,28,3,0.097,572.0,190.4,190.7,,,30.0,191.0,190.0,572.0,30.0,30.0,monthly,0.097,-2.333044300478754,5.250701512606374,2025-10
146726,2026-03-01,26,5,0.161,1015.0,203.3,203.0,1.0,6.0,30.0,203.0,203.0,1015.0,30.0,30.0,monthly,0.161,-1.8263509139976741,5.313205979041787,2026-03
146726,2026-04-01,29,1,0.033,200.0,199.3,200.0,,,30.0,200.0,199.0,200.0,30.0,30.0,monthly,0.033,-3.4112477175156566,5.298317366548036,2026-04
483414,2025-07-01,0,31,1.0,1536.0,49.5,49.5,105.0,45.0,30.0,50.0,50.0,1536.0,30.0,30.0,monthly,1.0,0.0,3.901972669574645,2025-07
483414,2025-08-01,0,31,1.0,1565.0,50.5,50.5,120.0,24.0,30.0,51.0,51.0,1565.0,30.0,30.0,monthly,1.0,0.0,3.9219733362813143,2025-08
483414,2025-09-01,8,22,0.733,1209.0,54.5,55.0,27.0,7.0,30.0,55.0,55.0,1209.0,30.0,30.0,monthly,0.733,-0.3106095770954856,4.007333185232471,2025-09
39282,2025-07-01,18,13,0.419,2301.0,173.8,177.0,23.0,23.0,4.0,177.0,174.0,2301.0,4.0,,short_stay,0.419,-0.8698843590599994,5.176149732573829,2025-07
39282,2025-08-01,7,24,0.774,4098.0,171.5,170.8,31.0,7.0,4.0,171.0,172.0,4098.0,4.0,,short_stay,0.774,-0.2561834053924099,5.14049328135447,2025-08
39282,2025-09-01,6,24,0.8,4161.0,173.9,173.4,57.0,9.0,4.0,173.0,174.0,4161.0,4.0,,short_stay,0.8,-0.2231435513142097,5.155601064346442,2025-09
39282,2025-10-01,0,31,1.0,5617.0,181.2,181.2,30.0,9.0,4.0,181.0,181.0,5617.0,4.0,,short_stay,1.0,0.0,5.199601393608879,2025-10
39282,2025-11-01,4,26,0.867,4809.0,184.2,185.0,56.0,12.0,4.0,185.0,184.0,4809.0,4.0,,short_stay,0.867,-0.1427163022015952,5.220355825078324,2025-11
39282,2025-12-01,2,29,0.935,5897.0,202.9,203.3,25.0,6.0,4.0,203.0,203.0,5897.0,4.0,,short_stay,0.935,-0.06720874969344999,5.314682720634301,2025-12
39282,2026-01-01,1,30,0.968,4987.0,165.9,166.2,1.0,35.0,4.0,166.0,166.0,4987.0,4.0,,short_stay,0.968,-0.03252319170556006,5.113191882421348,2026-01
39282,2026-02-01,14,14,0.5,2843.0,196.0,203.1,,,4.0,203.0,196.0,2843.0,4.0,,short_stay,0.5,-0.6931471805599453,5.313698468586339,2026-02
39282,2026-03-01,13,18,0.581,3442.0,193.3,191.2,7.0,9.0,4.0,191.0,193.0,3442.0,4.0,,short_stay,0.581,-0.5430045221302259,5.2533200006173,2026-03
39282,2026-04-01,19,11,0.367,2190.0,204.2,199.1,12.0,2.0,4.0,199.0,204.0,2190.0,4.0,,short_stay,0.367,-1.0023934309275668,5.293807211070151,2026-04
39282,2026-05-01,8,23,0.742,5111.0,222.2,222.2,17.0,6.0,4.0,222.0,222.0,5111.0,4.0,,short_stay,0.742,-0.2984060358147566,5.40357787720553,2026-05
39282,2026-06-01,9,21,0.7,4743.0,230.6,225.9,64.0,7.0,4.0,226.0,231.0,4743.0,4.0,,short_stay,0.7,-0.35667494393873245,5.420092423473958,2026-06
274743,2026-06-01,16,14,0.467,1849.0,134.7,132.1,1.0,14.0,30.0,132.0,135.0,1849.0,30.0,30.0,monthly,0.467,-0.7614260213132397,4.883559211528279,2026-06
18728,2025-07-01,9,22,0.71,3611.0,164.6,164.1,156.0,47.0,30.0,164.0,165.0,3611.0,30.0,30.0,monthly,0.71,-0.342490308946776,5.100475998096045,2025-07
18728,2025-08-01,6,25,0.806,4197.0,171.7,167.9,,,30.0,168.0,172.0,4197.0,30.0,30.0,monthly,0.806,-0.2156715364755087,5.123368564083496,2025-08
18728,2025-09-01,25,5,0.167,936.0,184.2,187.2,30.0,5.0,30.0,187.0,184.0,936.0,30.0,30.0,monthly,0.167,-1.7897614665653818,5.232177564043492,2025-09
18728,2025-11-01,20,10,0.333,1941.0,178.5,194.1,33.0,10.0,30.0,194.0,179.0,1941.0,30.0,30.0,monthly,0.333,-1.0996127890016931,5.268373490174964,2025-11
18728,2026-02-01,23,5,0.179,871.0,172.6,174.2,21.0,5.0,30.0,174.0,173.0,871.0,30.0,30.0,monthly,0.179,-1.720369473141382,5.160204064418402,2026-02
18728,2026-03-01,26,5,0.161,855.0,165.2,171.0,42.0,5.0,30.0,171.0,165.0,855.0,30.0,30.0,monthly,0.161,-1.8263509139976741,5.14166355650266,2026-03
18728,2026-06-01,21,9,0.3,1517.0,173.9,168.6,90.0,65.0,30.0,169.0,174.0,1517.0,30.0,30.0,monthly,0.3,-1.2039728043259361,5.127529045567755,2026-06
16580,2025-07-01,1,30,0.968,7164.0,235.6,238.8,14.0,3.0,1.0,239.0,236.0,7164.0,2.0,2.0,short_stay,0.968,-0.03252319170556006,5.475626381518447,2025-07
16580,2025-08-01,6,25,0.806,5470.0,208.3,218.8,46.0,5.0,1.0,219.0,208.0,5470.0,2.0,2.0,short_stay,0.806,-0.2156715364755087,5.388158070547826,2025-08
16580,2025-09-01,3,27,0.9,6652.0,249.6,246.4,74.0,5.0,1.0,246.0,250.0,6652.0,2.0,2.0,short_stay,0.9,-0.10536051565782628,5.506956231659364,2025-09
16580,2025-10-01,0,31,1.0,8011.0,258.4,258.4,80.0,3.0,1.0,258.0,258.0,8011.0,2.0,2.0,short_stay,1.0,0.0,5.554508771908447,2025-10
16580,2025-11-01,18,12,0.4,3058.0,233.5,254.8,42.0,2.0,1.0,255.0,234.0,3058.0,2.0,2.0,short_stay,0.4,-0.916290731874155,5.540478923698008,2025-11
16580,2025-12-01,5,26,0.839,6503.0,250.7,250.1,62.0,3.0,1.0,250.0,251.0,6503.0,2.0,2.0,short_stay,0.839,-0.1755445725149309,5.521860837883573,2025-12
16580,2026-01-01,8,23,0.742,3539.0,154.5,153.9,19.0,5.0,2.0,154.0,155.0,3539.0,2.0,2.0,short_stay,0.742,-0.2984060358147566,5.0363030408448335,2026-01
16580,2026-02-01,4,24,0.857,3967.0,159.9,165.3,24.0,6.0,2.0,165.0,160.0,3967.0,2.0,2.0,short_stay,0.857,-0.15431736038435728,5.107762004826979,2026-02
16580,2026-03-01,4,27,0.871,4579.0,171.0,169.6,15.0,3.0,2.0,170.0,171.0,4579.0,2.0,2.0,short_stay,0.871,-0.13811330212963427,5.133442723357803,2026-03
16580,2026-04-01,9,21,0.7,4800.0,225.5,228.6,18.0,3.0,2.0,229.0,226.0,4800.0,2.0,2.0,short_stay,0.7,-0.35667494393873245,5.43197375136071,2026-04
16580,2026-05-01,26,5,0.161,1291.0,255.8,258.2,55.0,3.0,2.0,258.0,256.0,1291.0,2.0,2.0,short_stay,0.161,-1.8263509139976741,5.553734478412542,2026-05
16580,2026-06-01,25,5,0.167,1389.0,275.2,277.8,158.0,5.0,2.0,278.0,275.0,1389.0,2.0,2.0,short_stay,0.167,-1.7897614665653818,5.626901430320244,2026-06
301034,2025-07-01,0,31,1.0,2912.0,93.9,93.9,,,30.0,94.0,94.0,2912.0,30.0,30.0,monthly,1.0,0.0,4.542230386214217,2025-07
301034,2025-08-01,0,31,1.0,2853.0,92.0,92.0,,,30.0,92.0,92.0,2853.0,30.0,30.0,monthly,1.0,0.0,4.5217885770490405,2025-08
301034,2025-09-01,29,1,0.033,84.0,91.4,84.0,,,30.0,84.0,91.0,84.0,30.0,30.0,monthly,0.033,-3.4112477175156566,4.430816798843313,2025-09
310524,2025-07-01,7,24,0.774,3829.0,159.6,159.5,14.0,4.0,2.0,160.0,160.0,3829.0,2.0,2.0,short_stay,0.774,-0.2561834053924099,5.072043922224899,2025-07
310524,2025-08-01,14,17,0.548,2802.0,162.1,164.8,13.0,2.0,2.0,165.0,162.0,2802.0,2.0,2.0,short_stay,0.548,-0.6014799920341214,5.1047326174753715,2025-08
310524,2025-09-01,4,26,0.867,4130.0,159.3,158.8,68.0,4.0,2.0,159.0,159.0,4130.0,2.0,2.0,short_stay,0.867,-0.1427163022015952,5.067645548813036,2025-09
310524,2025-10-01,2,29,0.935,4912.0,169.0,169.4,53.0,3.0,2.0,169.0,169.0,4912.0,2.0,2.0,short_stay,0.935,-0.06720874969344999,5.132262782217954,2025-10
310524,2025-11-01,12,18,0.6,3083.0,166.8,171.3,26.0,3.0,2.0,171.0,167.0,3083.0,2.0,2.0,short_stay,0.6,-0.5108256237659907,5.143416405330075,2025-11
310524,2025-12-01,12,19,0.613,3082.0,161.0,162.2,66.0,2.0,2.0,162.0,161.0,3082.0,2.0,2.0,short_stay,0.613,-0.48939034304592566,5.088830141681313,2025-12
310524,2026-01-01,24,7,0.226,1186.0,166.8,169.4,25.0,6.0,2.0,169.0,167.0,1186.0,2.0,2.0,short_stay,0.226,-1.487220279709851,5.132262782217954,2026-01
310524,2026-02-01,26,2,0.071,371.0,172.7,185.5,2.0,2.0,2.0,186.0,173.0,371.0,2.0,2.0,short_stay,0.071,-2.645075401940822,5.22305488204749,2026-02
310524,2026-04-01,13,17,0.567,3091.0,180.2,181.8,46.0,5.0,2.0,182.0,180.0,3091.0,2.0,2.0,short_stay,0.567,-0.5673959752543851,5.202907181743378,2026-04
310524,2026-05-01,11,20,0.645,3437.0,177.6,171.8,45.0,5.0,2.0,172.0,178.0,3437.0,2.0,2.0,short_stay,0.645,-0.43850496218636453,5.146331009550155,2026-05
310524,2026-06-01,24,6,0.2,985.0,174.3,164.2,70.0,3.0,2.0,164.0,174.0,985.0,2.0,2.0,short_stay,0.2,-1.6094379124341003,5.101085197018328,2026-06
773885,2025-07-01,0,31,1.0,4688.0,151.2,151.2,,,30.0,151.0,151.0,4688.0,30.0,30.0,monthly,1.0,0.0,5.018603463745433,2025-07
773885,2025-08-01,0,31,1.0,4528.0,146.1,146.1,15.0,54.0,30.0,146.0,146.0,4528.0,30.0,30.0,monthly,1.0,0.0,4.984291318756654,2025-08
773885,2025-09-01,4,26,0.867,3731.0,143.0,143.5,,,30.0,144.0,143.0,3731.0,30.0,30.0,monthly,0.867,-0.1427163022015952,4.966335035199676,2025-09
232612,2025-07-01,0,31,1.0,4279.0,138.0,138.0,45.0,2.0,2.0,138.0,138.0,4279.0,2.0,3.0,short_stay,1.0,0.0,4.927253685157205,2025-07
232612,2025-08-01,0,31,1.0,5059.0,163.2,163.2,93.0,5.0,2.0,163.0,163.0,5059.0,2.0,3.0,short_stay,1.0,0.0,5.094976442530006,2025-08
232612,2025-09-01,1,29,0.967,4547.0,156.8,156.8,132.0,8.0,2.0,157.0,157.0,4547.0,2.0,3.0,short_stay,0.967,-0.033556783528842754,5.054971107916307,2025-09
232612,2025-10-01,2,29,0.935,4152.0,143.4,143.2,104.0,4.0,2.0,143.0,143.0,4152.0,2.0,3.0,short_stay,0.935,-0.06720874969344999,4.964242254526545,2025-10
232612,2025-11-01,0,30,1.0,3968.0,132.3,132.3,115.0,3.0,2.0,132.0,132.0,3968.0,2.0,3.0,short_stay,1.0,0.0,4.88507207112091,2025-11
232612,2025-12-01,1,30,0.968,4268.0,142.3,142.3,181.0,4.0,2.0,142.0,142.0,4268.0,2.0,3.0,short_stay,0.968,-0.03252319170556006,4.957937505095806,2025-12
232612,2026-01-01,2,29,0.935,3767.0,129.8,129.9,89.0,5.0,3.0,130.0,130.0,3767.0,2.0,3.0,short_stay,0.935,-0.06720874969344999,4.866764923676554,2026-01
232612,2026-02-01,7,21,0.75,3215.0,148.9,153.1,75.0,3.0,2.0,153.0,149.0,3215.0,2.0,3.0,short_stay,0.75,-0.2876820724517809,5.031091302663638,2026-02
232612,2026-03-01,4,27,0.871,4197.0,154.0,155.4,176.0,6.0,2.0,155.0,154.0,4197.0,2.0,3.0,short_stay,0.871,-0.13811330212963427,5.046002437933547,2026-03
232612,2026-04-01,4,26,0.867,3844.0,147.0,147.8,194.0,3.0,2.0,148.0,147.0,3844.0,2.0,3.0,short_stay,0.867,-0.1427163022015952,4.995860008514102,2026-04
232612,2026-05-01,8,23,0.742,3654.0,160.2,158.9,191.0,5.0,3.0,159.0,160.0,3654.0,2.0,3.0,short_stay,0.742,-0.2984060358147566,5.0682750735426705,2026-05
232612,2026-06-01,18,12,0.4,2036.0,170.8,169.7,186.0,3.0,2.0,170.0,171.0,2036.0,2.0,3.0,short_stay,0.4,-0.916290731874155,5.134032172240181,2026-06
940116,2025-07-01,15,16,0.516,821.0,52.3,51.3,90.0,1.0,30.0,51.0,52.0,821.0,30.0,30.0,monthly,0.516,-0.6616485135005743,3.937690752176724,2025-07
940116,2025-09-01,15,15,0.5,881.0,54.9,58.7,61.0,7.0,30.0,59.0,55.0,881.0,30.0,30.0,monthly,0.5,-0.6931471805599453,4.072439726834051,2025-09
940116,2025-10-01,15,16,0.516,966.0,60.9,60.4,1.0,16.0,30.0,60.0,61.0,966.0,30.0,30.0,monthly,0.516,-0.6616485135005743,4.100989104940769,2025-10
940116,2025-11-01,14,16,0.533,1064.0,62.6,66.5,1.0,16.0,30.0,67.0,63.0,1064.0,30.0,30.0,monthly,0.533,-0.6292338548162925,4.197201947661808,2025-11
940116,2026-02-01,20,8,0.286,490.0,60.0,61.2,165.0,8.0,30.0,61.0,60.0,490.0,30.0,30.0,monthly,0.286,-1.2517634681622845,4.11414718951828,2026-02
940116,2026-04-01,2,28,0.933,1817.0,64.8,64.9,1.0,35.0,30.0,65.0,65.0,1817.0,30.0,30.0,monthly,0.933,-0.06935007813479317,4.1728476237100445,2026-04
940116,2026-05-01,24,7,0.226,421.0,58.8,60.1,,,30.0,60.0,59.0,421.0,30.0,30.0,monthly,0.226,-1.487220279709851,4.096009841541162,2026-05
58059,2025-08-01,12,19,0.613,887.0,45.5,46.7,178.0,25.0,30.0,47.0,46.0,887.0,30.0,30.0,monthly,0.613,-0.48939034304592566,3.8437441646748516,2025-08
58059,2025-09-01,0,30,1.0,1444.0,48.1,48.1,79.0,50.0,30.0,48.0,48.0,1444.0,30.0,30.0,monthly,1.0,0.0,3.8732821771117156,2025-09
58059,2025-10-01,3,28,0.903,1354.0,48.6,48.4,12.0,29.0,30.0,48.0,49.0,1354.0,30.0,30.0,monthly,0.903,-0.10203272556515161,3.879499813722586,2025-10
58059,2025-11-01,3,27,0.9,1353.0,50.2,50.1,,,30.0,50.0,50.0,1353.0,30.0,30.0,monthly,0.9,-0.10536051565782628,3.914021008090819,2025-11
58059,2025-12-01,24,7,0.226,348.0,50.7,49.7,108.0,7.0,30.0,50.0,51.0,348.0,30.0,30.0,monthly,0.226,-1.487220279709851,3.906004933102583,2025-12
100186,2025-07-01,1,30,0.968,4593.0,153.1,153.1,61.0,47.0,30.0,153.0,153.0,4593.0,30.0,30.0,monthly,0.968,-0.03252319170556006,5.031091302663638,2025-07
100186,2025-08-01,7,24,0.774,3631.0,151.7,151.3,115.0,21.0,30.0,151.0,152.0,3631.0,30.0,30.0,monthly,0.774,-0.2561834053924099,5.01926462079431,2025-08
100186,2025-09-01,16,14,0.467,1955.0,136.7,139.6,,,30.0,140.0,137.0,1955.0,30.0,30.0,monthly,0.467,-0.7614260213132397,4.938781190328272,2025-09
100186,2025-10-01,22,9,0.29,1141.0,133.7,126.8,112.0,10.0,30.0,127.0,134.0,1141.0,30.0,30.0,monthly,0.29,-1.2378743560016174,4.842611042003125,2025-10
100186,2025-11-01,1,29,0.967,3406.0,117.8,117.4,18.0,17.0,30.0,117.0,118.0,3406.0,30.0,30.0,monthly,0.967,-0.033556783528842754,4.765586907393996,2025-11
100186,2025-12-01,0,31,1.0,3976.0,128.3,128.3,129.0,25.0,30.0,128.0,128.0,3976.0,30.0,30.0,monthly,1.0,0.0,4.8543712716215905,2025-12
100186,2026-01-01,25,6,0.194,723.0,126.3,120.5,123.0,5.0,30.0,121.0,126.0,723.0,30.0,30.0,monthly,0.194,-1.6398971199188088,4.791649752930709,2026-01
100186,2026-03-01,29,2,0.065,293.0,139.7,146.5,1.0,1.0,30.0,147.0,140.0,293.0,30.0,30.0,monthly,0.065,-2.7333680090865,4.987025428457122,2026-03
100186,2026-04-01,17,13,0.433,1892.0,143.4,145.5,117.0,13.0,30.0,146.0,143.0,1892.0,30.0,30.0,monthly,0.433,-0.8370175509796473,4.980176086611547,2026-04
100186,2026-05-01,7,24,0.774,3477.0,146.5,144.9,67.0,24.0,30.0,145.0,147.0,3477.0,30.0,30.0,monthly,0.774,-0.2561834053924099,4.976043849326636,2026-05
100186,2026-06-01,5,25,0.833,3587.0,141.3,143.5,,,30.0,144.0,141.0,3587.0,30.0,30.0,monthly,0.833,-0.1827216368152944,4.966335035199676,2026-06
227495,2025-07-01,0,31,1.0,5789.0,186.7,186.7,,,30.0,187.0,187.0,5789.0,30.0,30.0,monthly,1.0,0.0,5.2295030505476765,2025-07
227495,2025-08-01,4,27,0.871,4403.0,160.0,163.1,11.0,30.0,30.0,163.0,160.0,4403.0,30.0,30.0,monthly,0.871,-0.13811330212963427,5.094363509626968,2025-08
227495,2025-09-01,6,24,0.8,3209.0,133.0,133.7,77.0,25.0,30.0,134.0,133.0,3209.0,30.0,30.0,monthly,0.8,-0.2231435513142097,4.895598484107897,2025-09
227495,2025-10-01,26,5,0.161,713.0,131.0,142.6,,,30.0,143.0,131.0,713.0,30.0,30.0,monthly,0.161,-1.8263509139976741,4.960043507980195,2025-10
162493,2025-07-01,25,6,0.194,3195.0,540.6,532.5,1.0,6.0,31.0,533.0,541.0,3195.0,31.0,31.0,monthly,0.194,-1.6398971199188088,6.277582897583581,2025-07
162493,2026-02-01,22,6,0.214,3642.0,588.9,607.0,1.0,6.0,31.0,607.0,589.0,3642.0,31.0,31.0,monthly,0.214,-1.5417792639602856,6.408528791059498,2026-02
29013,2025-07-01,0,31,1.0,2398.0,77.4,77.4,,,30.0,77.0,77.0,2398.0,30.0,30.0,monthly,1.0,0.0,4.3489867805956814,2025-07
29013,2025-08-01,2,29,0.935,2312.0,79.6,79.7,48.0,44.0,30.0,80.0,80.0,2312.0,30.0,30.0,monthly,0.935,-0.06720874969344999,4.378269585796169,2025-08
29013,2025-09-01,2,28,0.933,2168.0,77.3,77.4,94.0,15.0,30.0,77.0,77.0,2168.0,30.0,30.0,monthly,0.933,-0.06935007813479317,4.3489867805956814,2025-09
29013,2025-10-01,28,3,0.097,235.0,77.8,78.3,,,30.0,78.0,78.0,235.0,30.0,30.0,monthly,0.097,-2.333044300478754,4.360547602996758,2025-10
29013,2025-11-01,8,22,0.733,1666.0,76.0,75.7,145.0,45.0,30.0,76.0,76.0,1666.0,30.0,30.0,monthly,0.733,-0.3106095770954856,4.3267781604434035,2025-11
29013,2025-12-01,8,23,0.742,1621.0,66.5,70.5,,,30.0,71.0,67.0,1621.0,30.0,30.0,monthly,0.742,-0.2984060358147566,4.255612709818223,2025-12
29013,2026-01-01,24,7,0.226,421.0,59.3,60.1,97.0,7.0,30.0,60.0,59.0,421.0,30.0,30.0,monthly,0.226,-1.487220279709851,4.096009841541162,2026-01
29013,2026-04-01,1,29,0.967,1682.0,58.1,58.0,172.0,45.0,30.0,58.0,58.0,1682.0,30.0,30.0,monthly,0.967,-0.033556783528842754,4.060443010546419,2026-04
29013,2026-05-01,0,31,1.0,1864.0,60.1,60.1,22.0,31.0,30.0,60.0,60.0,1864.0,30.0,30.0,monthly,1.0,0.0,4.096009841541162,2026-05
29013,2026-06-01,14,16,0.533,1017.0,64.4,63.6,,,30.0,64.0,64.0,1017.0,30.0,30.0,monthly,0.533,-0.6292338548162925,4.152613470346076,2026-06
819228,2026-06-01,16,14,0.467,1147.0,80.9,81.9,5.0,35.0,30.0,82.0,81.0,1147.0,30.0,30.0,monthly,0.467,-0.7614260213132397,4.405498990859024,2026-06
272026,2025-07-01,5,26,0.839,2257.0,86.7,86.8,24.0,31.0,95.0,87.0,87.0,2257.0,30.0,36.0,monthly,0.839,-0.1755445725149309,4.463606621666305,2025-07
272026,2025-08-01,21,10,0.323,843.0,83.6,84.3,,,30.0,84.0,84.0,843.0,30.0,36.0,monthly,0.323,-1.1301029557594804,4.4343818650078095,2025-08
115535,2026-06-01,20,10,0.333,466.0,46.1,46.6,9.0,269.0,30.0,47.0,46.0,466.0,30.0,30.0,monthly,0.333,-1.0996127890016931,3.8416005411316,2026-06
170761,2025-07-01,7,24,0.774,2712.0,111.7,113.0,64.0,2.0,1.0,113.0,112.0,2712.0,1.0,2.0,short_stay,0.774,-0.2561834053924099,4.727387818712341,2025-07
170761,2025-08-01,6,25,0.806,2784.0,110.8,111.4,50.0,3.0,2.0,111.0,111.0,2784.0,1.0,2.0,short_stay,0.806,-0.2156715364755087,4.713127327493184,2025-08
170761,2025-09-01,3,27,0.9,3304.0,122.6,122.4,102.0,3.0,2.0,122.0,123.0,3304.0,1.0,2.0,short_stay,0.9,-0.10536051565782628,4.807294370078226,2025-09
170761,2025-10-01,3,28,0.903,3380.0,120.2,120.7,101.0,3.0,2.0,121.0,120.0,3380.0,1.0,2.0,short_stay,0.903,-0.10203272556515161,4.793308128103486,2025-10
170761,2025-11-01,4,26,0.867,2774.0,106.4,106.7,79.0,4.0,2.0,107.0,106.0,2774.0,1.0,2.0,short_stay,0.867,-0.1427163022015952,4.670021158307708,2025-11
170761,2025-12-01,0,31,1.0,3735.0,120.5,120.5,69.0,2.0,2.0,121.0,121.0,3735.0,1.0,2.0,short_stay,1.0,0.0,4.791649752930709,2025-12
170761,2026-01-01,12,19,0.613,2209.0,117.8,116.3,40.0,9.0,2.0,116.0,118.0,2209.0,1.0,2.0,short_stay,0.613,-0.48939034304592566,4.7561730595246186,2026-01
170761,2026-02-01,19,9,0.321,1143.0,129.3,127.0,12.0,4.0,2.0,127.0,129.0,1143.0,1.0,2.0,short_stay,0.321,-1.1363141558521213,4.844187086458591,2026-02
170761,2026-03-01,6,25,0.806,3242.0,131.4,129.7,37.0,3.0,2.0,130.0,131.0,3242.0,1.0,2.0,short_stay,0.806,-0.2156715364755087,4.865224091322398,2026-03
170761,2026-04-01,7,23,0.767,3119.0,135.7,135.6,63.0,2.0,2.0,136.0,136.0,3119.0,1.0,2.0,short_stay,0.767,-0.26526847761488087,4.909709375506295,2026-04
170761,2026-05-01,2,29,0.935,3780.0,130.8,130.3,110.0,3.0,2.0,130.0,131.0,3780.0,1.0,2.0,short_stay,0.935,-0.06720874969344999,4.869839484130799,2026-05
170761,2026-06-01,6,24,0.8,4319.0,185.7,180.0,96.0,3.0,2.0,180.0,186.0,4319.0,1.0,2.0,short_stay,0.8,-0.2231435513142097,5.19295685089021,2026-06
748118,2025-07-01,19,12,0.387,3249.0,273.4,270.8,28.0,10.0,17.0,271.0,273.0,3249.0,3.0,,short_stay,0.387,-0.9493305859523552,5.60138054103812,2025-07
748118,2025-08-01,28,3,0.097,862.0,281.5,287.3,51.0,3.0,3.0,287.0,282.0,862.0,3.0,,short_stay,0.097,-2.333044300478754,5.660526965985244,2025-08
748118,2025-09-01,16,14,0.467,3847.0,272.8,274.8,88.0,4.0,2.0,275.0,273.0,3847.0,3.0,,short_stay,0.467,-0.7614260213132397,5.616043560348194,2025-09
748118,2025-12-01,25,6,0.194,1594.0,266.8,265.7,12.0,4.0,3.0,266.0,267.0,1594.0,3.0,,short_stay,0.194,-1.6398971199188088,5.582367852765768,2025-12
748118,2026-01-01,29,2,0.065,544.0,272.2,272.0,,,3.0,272.0,272.0,544.0,3.0,,short_stay,0.065,-2.7333680090865,5.605802066295998,2026-01
748118,2026-03-01,26,5,0.161,1808.0,355.2,361.6,18.0,2.0,3.0,362.0,355.0,1808.0,3.0,,short_stay,0.161,-1.8263509139976741,5.890538628518022,2026-03
748118,2026-05-01,26,5,0.161,1830.0,368.5,366.0,87.0,5.0,3.0,366.0,369.0,1830.0,3.0,,short_stay,0.161,-1.8263509139976741,5.902633333401366,2026-05
748118,2026-06-01,19,11,0.367,4072.0,370.4,370.2,55.0,3.0,3.0,370.0,370.0,4072.0,3.0,,short_stay,0.367,-1.0023934309275668,5.914043400139397,2026-06
645075,2025-07-01,5,26,0.839,4821.0,185.9,185.4,91.0,4.0,2.0,185.0,186.0,4821.0,2.0,2.0,short_stay,0.839,-0.1755445725149309,5.2225156531317545,2025-07
645075,2025-08-01,2,29,0.935,5240.0,180.5,180.7,127.0,7.0,2.0,181.0,181.0,5240.0,2.0,2.0,short_stay,0.935,-0.06720874969344999,5.196838197598183,2025-08
645075,2025-09-01,0,30,1.0,5778.0,192.6,192.6,164.0,7.0,2.0,193.0,193.0,5778.0,2.0,2.0,short_stay,1.0,0.0,5.260615499364025,2025-09
645075,2025-10-01,3,28,0.903,5028.0,178.9,179.6,167.0,4.0,2.0,180.0,179.0,5028.0,2.0,2.0,short_stay,0.903,-0.10203272556515161,5.190732155868099,2025-10
645075,2025-11-01,5,25,0.833,4438.0,180.0,177.5,86.0,2.0,2.0,178.0,180.0,4438.0,2.0,2.0,short_stay,0.833,-0.1827216368152944,5.178970608915471,2025-11
645075,2025-12-01,4,27,0.871,4832.0,179.1,179.0,127.0,2.0,2.0,179.0,179.0,4832.0,2.0,2.0,short_stay,0.871,-0.13811330212963427,5.187385805840755,2025-12
645075,2026-01-01,25,6,0.194,1082.0,180.3,180.3,12.0,3.0,2.0,180.0,180.0,1082.0,2.0,2.0,short_stay,0.194,-1.6398971199188088,5.194622130209272,2026-01
645075,2026-02-01,11,17,0.607,3384.0,194.0,199.1,61.0,8.0,2.0,199.0,194.0,3384.0,2.0,2.0,short_stay,0.607,-0.4992264879226388,5.293807211070151,2026-02
645075,2026-03-01,0,31,1.0,6128.0,197.7,197.7,68.0,3.0,2.0,198.0,198.0,6128.0,2.0,2.0,short_stay,1.0,0.0,5.286750730176571,2026-03
645075,2026-04-01,1,29,0.967,5590.0,193.0,192.8,137.0,4.0,2.0,193.0,193.0,5590.0,2.0,2.0,short_stay,0.967,-0.033556783528842754,5.261653382176445,2026-04
645075,2026-05-01,1,30,0.968,5581.0,186.3,186.0,114.0,11.0,2.0,186.0,186.0,5581.0,2.0,2.0,short_stay,0.968,-0.03252319170556006,5.225746673713202,2026-05
645075,2026-06-01,5,25,0.833,5127.0,205.8,205.1,93.0,8.0,2.0,205.0,206.0,5127.0,2.0,2.0,short_stay,0.833,-0.1827216368152944,5.323497665078335,2026-06
292800,2025-08-01,15,16,0.516,3887.0,245.0,242.9,153.0,23.0,90.0,243.0,245.0,3887.0,90.0,88.0,monthly,0.516,-0.6616485135005743,5.492649836008127,2025-08
292800,2025-09-01,0,30,1.0,7090.0,236.3,236.3,,,90.0,236.0,236.0,7090.0,90.0,88.0,monthly,1.0,0.0,5.465102184192863,2025-09
292800,2025-10-01,16,15,0.484,3646.0,243.3,243.1,1.0,15.0,90.0,243.0,243.0,3646.0,90.0,88.0,monthly,0.484,-0.7256703722655053,5.493472881322077,2025-10
292800,2025-12-01,1,30,0.968,7323.0,243.9,244.1,48.0,30.0,90.0,244.0,244.0,7323.0,90.0,88.0,monthly,0.968,-0.03252319170556006,5.497577977398914,2025-12
292800,2026-01-01,12,19,0.613,4690.0,240.0,246.8,8.0,17.0,90.0,247.0,240.0,4690.0,90.0,88.0,monthly,0.613,-0.48939034304592566,5.508578292031233,2026-01
292800,2026-02-01,13,15,0.536,3946.0,272.6,263.1,,,90.0,263.0,273.0,3946.0,90.0,88.0,monthly,0.536,-0.623621117911335,5.572534188046247,2026-02
55959,2025-07-01,0,31,1.0,5846.0,188.6,188.6,,,4.0,189.0,189.0,5846.0,4.0,,short_stay,1.0,0.0,5.239628370199357,2025-07
55959,2025-08-01,11,20,0.645,3730.0,184.2,186.5,18.0,3.0,4.0,187.0,184.0,3730.0,4.0,,short_stay,0.645,-0.43850496218636453,5.2284312390838705,2025-08
55959,2025-09-01,1,29,0.967,5506.0,189.7,189.9,26.0,6.0,4.0,190.0,190.0,5506.0,4.0,,short_stay,0.967,-0.033556783528842754,5.24649761781824,2025-09
55959,2025-10-01,3,28,0.903,5337.0,190.5,190.6,20.0,10.0,4.0,191.0,191.0,5337.0,4.0,,short_stay,0.903,-0.10203272556515161,5.250176991220101,2025-10
55959,2025-11-01,0,30,1.0,6172.0,205.7,205.7,14.0,3.0,4.0,206.0,206.0,6172.0,4.0,,short_stay,1.0,0.0,5.326418796658912,2025-11
55959,2025-12-01,4,27,0.871,5697.0,212.2,211.0,22.0,4.0,4.0,211.0,212.0,5697.0,4.0,,short_stay,0.871,-0.13811330212963427,5.351858133476067,2025-12
55959,2026-01-01,0,31,1.0,5735.0,185.0,185.0,46.0,31.0,4.0,185.0,185.0,5735.0,4.0,,short_stay,1.0,0.0,5.220355825078324,2026-01
55959,2026-02-01,2,26,0.929,5126.0,197.0,197.2,17.0,16.0,4.0,197.0,197.0,5126.0,4.0,,short_stay,0.929,-0.07364654016829848,5.284218442168535,2026-02
55959,2026-03-01,12,19,0.613,3626.0,192.0,190.8,19.0,9.0,4.0,191.0,192.0,3626.0,4.0,,short_stay,0.613,-0.48939034304592566,5.251225759014186,2026-03
55959,2026-04-01,14,16,0.533,3171.0,202.9,198.2,,,4.0,198.0,203.0,3171.0,4.0,,short_stay,0.533,-0.6292338548162925,5.289276621895888,2026-04
747316,2025-08-01,2,29,0.935,2314.0,79.8,79.8,47.0,47.0,30.0,80.0,80.0,2314.0,30.0,30.0,monthly,0.935,-0.06720874969344999,4.379523504455763,2025-08
747316,2025-09-01,9,21,0.7,1674.0,78.4,79.7,4.0,3.0,30.0,80.0,78.0,1674.0,30.0,30.0,monthly,0.7,-0.35667494393873245,4.378269585796169,2025-09
747316,2025-10-01,25,6,0.194,451.0,76.3,75.2,1.0,6.0,30.0,75.0,76.0,451.0,30.0,30.0,monthly,0.194,-1.6398971199188088,4.320151230955794,2025-10
747316,2025-11-01,24,6,0.2,493.0,80.7,82.2,1.0,6.0,30.0,82.0,81.0,493.0,30.0,30.0,monthly,0.2,-1.6094379124341003,4.409155302062135,2025-11
747316,2025-12-01,25,6,0.194,513.0,85.2,85.5,1.0,6.0,30.0,86.0,85.0,513.0,30.0,30.0,monthly,0.194,-1.6398971199188088,4.448516375942715,2025-12
747316,2026-03-01,16,15,0.484,1289.0,84.3,85.9,90.0,46.0,30.0,86.0,84.0,1289.0,30.0,30.0,monthly,0.484,-0.7256703722655053,4.45318382899021,2026-03
747316,2026-04-01,0,30,1.0,2576.0,85.9,85.9,,,30.0,86.0,86.0,2576.0,30.0,30.0,monthly,1.0,0.0,4.45318382899021,2026-04
747316,2026-05-01,9,22,0.71,1902.0,84.8,86.5,96.0,16.0,30.0,87.0,85.0,1902.0,30.0,30.0,monthly,0.71,-0.342490308946776,4.460144413937834,2026-05
747316,2026-06-01,17,13,0.433,1171.0,91.4,90.1,45.0,114.0,30.0,90.0,91.0,1171.0,30.0,30.0,monthly,0.433,-0.8370175509796473,4.500920164614292,2026-06
107630,2025-11-01,29,1,0.033,188.0,189.0,188.0,1.0,19.0,30.0,188.0,189.0,188.0,30.0,38.0,monthly,0.033,-3.4112477175156566,5.236441962829949,2025-11
107630,2025-12-01,13,18,0.581,3370.0,187.2,187.2,,,30.0,187.0,187.0,3370.0,30.0,38.0,monthly,0.581,-0.5430045221302259,5.232177564043492,2025-12
288726,2025-07-01,0,31,1.0,2964.0,95.6,95.6,,,30.0,96.0,96.0,2964.0,30.0,30.0,monthly,1.0,0.0,4.560172820057356,2025-07
288726,2025-08-01,23,8,0.258,770.0,93.3,96.2,,,30.0,96.0,93.0,770.0,30.0,30.0,monthly,0.258,-1.3547956940605197,4.566429357671661,2025-08
288726,2025-09-01,29,1,0.033,87.0,87.3,87.0,1.0,1.0,30.0,87.0,87.0,87.0,30.0,30.0,monthly,0.033,-3.4112477175156566,4.465908118654584,2025-09
288726,2026-03-01,30,1,0.032,93.0,92.7,93.0,1.0,1.0,30.0,93.0,93.0,93.0,30.0,30.0,monthly,0.032,-3.4420193761824103,4.532599493153256,2026-03
288726,2026-06-01,25,5,0.167,559.0,113.0,111.8,17.0,5.0,30.0,112.0,113.0,559.0,30.0,30.0,monthly,0.167,-1.7897614665653818,4.716711560720999,2026-06
753687,2025-07-01,15,16,0.516,2413.0,150.4,150.8,33.0,3.0,3.0,151.0,150.0,2413.0,1.0,3.0,short_stay,0.516,-0.6616485135005743,5.015954455573856,2025-07
753687,2025-08-01,8,23,0.742,3549.0,154.1,154.3,79.0,5.0,3.0,154.0,154.0,3549.0,1.0,3.0,short_stay,0.742,-0.2984060358147566,5.038898759369115,2025-08
753687,2025-09-01,5,25,0.833,3986.0,159.4,159.4,116.0,4.0,3.0,159.0,159.0,3986.0,1.0,3.0,short_stay,0.833,-0.1827216368152944,5.071416766356115,2025-09
753687,2025-10-01,6,25,0.806,4462.0,178.5,178.5,134.0,5.0,3.0,179.0,179.0,4462.0,1.0,3.0,short_stay,0.806,-0.2156715364755087,5.184588601219693,2025-10
753687,2025-11-01,8,22,0.733,3564.0,161.5,162.0,81.0,8.0,3.0,162.0,162.0,3564.0,1.0,3.0,short_stay,0.733,-0.3106095770954856,5.087596335232384,2025-11
753687,2025-12-01,10,21,0.677,3330.0,157.4,158.6,179.0,4.0,3.0,159.0,157.0,3330.0,1.0,3.0,short_stay,0.677,-0.390084006069862,5.066385309200747,2025-12
753687,2026-01-01,0,31,1.0,5422.0,174.9,174.9,114.0,31.0,3.0,175.0,175.0,5422.0,1.0,3.0,short_stay,1.0,0.0,5.164214382024556,2026-01
753687,2026-02-01,0,28,1.0,4777.0,170.6,170.6,44.0,5.0,3.0,171.0,171.0,4777.0,1.0,3.0,short_stay,1.0,0.0,5.139321635057579,2026-02
753687,2026-03-01,11,20,0.645,3378.0,170.6,168.9,39.0,3.0,3.0,169.0,171.0,3378.0,1.0,3.0,short_stay,0.645,-0.43850496218636453,5.129306823813755,2026-03
753687,2026-04-01,4,26,0.867,4343.0,166.9,167.0,113.0,5.0,3.0,167.0,167.0,4343.0,1.0,3.0,short_stay,0.867,-0.1427163022015952,5.117993812416755,2026-04
753687,2026-05-01,6,25,0.806,4249.0,168.3,170.0,125.0,4.0,3.0,170.0,168.0,4249.0,1.0,3.0,short_stay,0.806,-0.2156715364755087,5.135798437050262,2026-05
753687,2026-06-01,16,14,0.467,2522.0,178.1,180.1,157.0,3.0,3.0,180.0,178.0,2522.0,1.0,3.0,short_stay,0.467,-0.7614260213132397,5.19351225218191,2026-06
487684,2025-09-01,24,6,0.2,1865.0,299.0,310.8,1.0,6.0,150.0,311.0,299.0,1865.0,150.0,,monthly,0.2,-1.6094379124341003,5.739149618493492,2025-09
487684,2026-03-01,29,2,0.065,639.0,339.5,319.5,1.0,6.0,150.0,320.0,340.0,639.0,150.0,,monthly,0.065,-2.7333680090865,5.766757273817589,2026-03
487684,2026-04-01,26,4,0.133,1393.0,345.7,348.2,,,150.0,348.0,346.0,1393.0,150.0,,monthly,0.133,-2.017406150760383,5.8527770273340884,2026-04
411918,2026-04-01,10,20,0.667,2874.0,140.2,143.7,144.0,20.0,30.0,144.0,140.0,2874.0,30.0,30.0,monthly,0.667,-0.4049652330665133,4.967727793084979,2026-04
411918,2026-05-01,29,2,0.065,299.0,141.0,149.5,203.0,6.0,30.0,150.0,141.0,299.0,30.0,30.0,monthly,0.065,-2.7333680090865,5.0072963928307415,2026-05
411918,2026-06-01,13,17,0.567,2553.0,150.3,150.2,282.0,32.0,30.0,150.0,150.0,2553.0,30.0,30.0,monthly,0.567,-0.5673959752543851,5.011967739330034,2026-06
727512,2025-08-01,29,2,0.065,844.0,441.8,422.0,73.0,2.0,1.0,422.0,442.0,844.0,1.0,1.0,short_stay,0.065,-2.7333680090865,6.045005314036012,2025-08
727512,2025-09-01,16,14,0.467,7144.0,524.3,510.3,8.0,7.0,1.0,510.0,524.0,7144.0,1.0,1.0,short_stay,0.467,-0.7614260213132397,6.234998788069926,2025-09
727512,2025-10-01,25,6,0.194,3115.0,507.0,519.2,9.0,3.0,1.0,519.0,507.0,3115.0,1.0,1.0,short_stay,0.194,-1.6398971199188088,6.252289165389881,2025-10
736187,2025-08-01,15,16,0.516,916.0,57.3,57.2,12.0,76.0,30.0,57.0,57.0,916.0,30.0,30.0,monthly,0.516,-0.6616485135005743,4.046553898385752,2025-08
736187,2025-09-01,0,30,1.0,1910.0,63.7,63.7,,,30.0,64.0,64.0,1910.0,30.0,30.0,monthly,1.0,0.0,4.154184562578117,2025-09
736187,2025-10-01,1,30,0.968,1798.0,59.9,59.9,,,30.0,60.0,60.0,1798.0,30.0,30.0,monthly,0.968,-0.03252319170556006,4.092676505121403,2025-10
736187,2025-11-01,3,27,0.9,1520.0,56.1,56.3,97.0,29.0,30.0,56.0,56.0,1520.0,30.0,30.0,monthly,0.9,-0.10536051565782628,4.030694535145645,2025-11
736187,2025-12-01,0,31,1.0,1679.0,54.2,54.2,,,30.0,54.0,54.0,1679.0,30.0,30.0,monthly,1.0,0.0,3.9926809084456005,2025-12
736187,2026-01-01,5,26,0.839,1423.0,54.3,54.7,11.0,26.0,30.0,55.0,54.0,1423.0,30.0,30.0,monthly,0.839,-0.1755445725149309,4.001863709427935,2026-01
216080,2025-07-01,25,6,0.194,815.0,135.3,135.8,11.0,3.0,30.0,136.0,135.0,815.0,30.0,,monthly,0.194,-1.6398971199188088,4.911183215124596,2025-07
216080,2025-08-01,23,8,0.258,1092.0,137.1,136.5,48.0,4.0,30.0,137.0,137.0,1092.0,30.0,,monthly,0.258,-1.3547956940605197,4.916324614625014,2025-08
645693,2025-07-01,7,24,0.774,2153.0,81.9,89.7,16.0,12.0,30.0,90.0,82.0,2153.0,30.0,30.0,monthly,0.774,-0.2561834053924099,4.49647076906475,2025-07
645693,2025-08-01,9,22,0.71,2268.0,102.1,103.1,,,30.0,103.0,102.0,2268.0,30.0,30.0,monthly,0.71,-0.342490308946776,4.635699391022914,2025-08
645693,2025-11-01,5,25,0.833,1730.0,69.7,69.2,40.0,52.0,30.0,69.0,70.0,1730.0,30.0,30.0,monthly,0.833,-0.1827216368152944,4.237000862623624,2025-11
645693,2025-12-01,4,27,0.871,1867.0,69.5,69.1,,,30.0,69.0,70.0,1867.0,30.0,30.0,monthly,0.871,-0.13811330212963427,4.235554730773624,2025-12
199733,2025-09-01,16,14,0.467,1892.0,131.4,135.1,17.0,46.0,30.0,135.0,131.0,1892.0,30.0,30.0,monthly,0.467,-0.7614260213132397,4.906015244966153,2025-09
199733,2025-10-01,0,31,1.0,4210.0,135.8,135.8,,,30.0,136.0,136.0,4210.0,30.0,30.0,monthly,1.0,0.0,4.911183215124596,2025-10
199733,2025-11-01,29,1,0.033,136.0,131.9,136.0,,,30.0,136.0,132.0,136.0,30.0,30.0,monthly,0.033,-3.4112477175156566,4.912654885736052,2025-11
151199,2025-07-01,9,22,0.71,5052.0,226.9,229.6,14.0,10.0,2.0,230.0,227.0,5052.0,2.0,2.0,short_stay,0.71,-0.342490308946776,5.436338664445412,2025-07
151199,2025-08-01,4,27,0.871,7109.0,262.7,263.3,20.0,7.0,2.0,263.0,263.0,7109.0,2.0,2.0,short_stay,0.871,-0.13811330212963427,5.573294066502264,2025-08
151199,2025-09-01,1,29,0.967,8353.0,287.6,288.0,35.0,5.0,2.0,288.0,288.0,8353.0,2.0,2.0,short_stay,0.967,-0.033556783528842754,5.662960480135946,2025-09
151199,2025-10-01,1,30,0.968,9518.0,317.7,317.3,45.0,4.0,2.0,317.0,318.0,9518.0,2.0,2.0,short_stay,0.968,-0.03252319170556006,5.75984769858915,2025-10
151199,2025-11-01,10,20,0.667,6114.0,305.0,305.7,33.0,2.0,1.0,306.0,305.0,6114.0,2.0,2.0,short_stay,0.667,-0.4049652330665133,5.722604228896789,2025-11
151199,2025-12-01,3,28,0.903,9379.0,338.5,335.0,47.0,2.0,1.0,335.0,339.0,9379.0,2.0,2.0,short_stay,0.903,-0.10203272556515161,5.814130531825066,2025-12
151199,2026-01-01,8,23,0.742,4586.0,198.4,199.4,54.0,2.0,2.0,199.0,198.0,4586.0,2.0,2.0,short_stay,0.742,-0.2984060358147566,5.295312857527738,2026-01
151199,2026-02-01,13,15,0.536,3496.0,229.1,233.1,28.0,2.0,1.0,233.0,229.0,3496.0,2.0,2.0,short_stay,0.536,-0.623621117911335,5.4514675460417115,2026-02
151199,2026-03-01,15,16,0.516,3807.0,248.4,237.9,67.0,3.0,1.0,238.0,248.0,3807.0,2.0,2.0,short_stay,0.516,-0.6616485135005743,5.471850417308912,2026-03
151199,2026-04-01,1,29,0.967,7524.0,258.8,259.4,91.0,3.0,1.0,259.0,259.0,7524.0,2.0,2.0,short_stay,0.967,-0.033556783528842754,5.5583712718823435,2026-04
151199,2026-05-01,8,23,0.742,6745.0,291.0,293.3,82.0,3.0,2.0,293.0,291.0,6745.0,2.0,2.0,short_stay,0.742,-0.2984060358147566,5.681195975983405,2026-05
151199,2026-06-01,1,29,0.967,8582.0,295.9,295.9,111.0,3.0,2.0,296.0,296.0,8582.0,2.0,2.0,short_stay,0.967,-0.033556783528842754,5.690021559406164,2026-06
57166,2025-07-01,10,21,0.677,2395.0,115.1,114.0,40.0,62.0,30.0,114.0,115.0,2395.0,30.0,30.0,monthly,0.677,-0.390084006069862,4.736198448394496,2025-07
57166,2025-08-01,0,31,1.0,3573.0,115.3,115.3,,,30.0,115.0,115.0,3573.0,30.0,30.0,monthly,1.0,0.0,4.747537427275013,2025-08
57166,2025-09-01,7,23,0.767,2960.0,131.3,128.7,10.0,24.0,30.0,129.0,131.0,2960.0,30.0,30.0,monthly,0.767,-0.26526847761488087,4.857484114602081,2025-09
57166,2025-10-01,16,15,0.484,1880.0,123.5,125.3,,,30.0,125.0,124.0,1880.0,30.0,30.0,monthly,0.484,-0.7256703722655053,4.8307108619020225,2025-10
57166,2026-02-01,12,16,0.571,1909.0,118.6,119.3,1.0,18.0,30.0,119.0,119.0,1909.0,30.0,30.0,monthly,0.571,-0.5603660693261269,4.78164132910387,2026-02
57166,2026-03-01,25,6,0.194,761.0,128.2,126.8,33.0,1.0,30.0,127.0,128.0,761.0,30.0,30.0,monthly,0.194,-1.6398971199188088,4.842611042003125,2026-03
57166,2026-04-01,29,1,0.033,149.0,140.9,149.0,18.0,1.0,30.0,149.0,141.0,149.0,30.0,30.0,monthly,0.033,-3.4112477175156566,5.003946305945459,2026-04
57166,2026-05-01,26,5,0.161,749.0,148.2,149.8,32.0,1.0,30.0,150.0,148.0,749.0,30.0,30.0,monthly,0.161,-1.8263509139976741,5.00930107108312,2026-05
57874,2025-07-01,26,5,0.161,624.0,120.0,124.8,191.0,30.0,30.0,125.0,120.0,624.0,30.0,30.0,monthly,0.161,-1.8263509139976741,4.826712455935327,2025-07
57874,2025-08-01,0,31,1.0,3896.0,125.7,125.7,31.0,6.0,30.0,126.0,126.0,3896.0,30.0,30.0,monthly,1.0,0.0,4.8338981155962015,2025-08
57874,2025-09-01,0,30,1.0,3675.0,122.5,122.5,70.0,16.0,30.0,123.0,123.0,3675.0,30.0,30.0,monthly,1.0,0.0,4.808111029984782,2025-09
57874,2025-10-01,2,29,0.935,3493.0,121.2,120.4,70.0,26.0,30.0,120.0,121.0,3493.0,30.0,30.0,monthly,0.935,-0.06720874969344999,4.79081953287472,2025-10
57874,2025-11-01,10,20,0.667,2318.0,119.1,115.9,48.0,21.0,30.0,116.0,119.0,2318.0,30.0,30.0,monthly,0.667,-0.4049652330665133,4.752727750345706,2025-11
57874,2025-12-01,25,6,0.194,709.0,115.1,118.2,70.0,5.0,30.0,118.0,115.0,709.0,30.0,30.0,monthly,0.194,-1.6398971199188088,4.772378104971998,2025-12
255476,2025-07-01,20,11,0.355,1087.0,99.0,98.8,1.0,11.0,30.0,99.0,99.0,1087.0,30.0,,monthly,0.355,-1.0356374895067213,4.593097604753822,2025-07
255476,2025-09-01,24,6,0.2,596.0,98.5,99.3,1.0,6.0,30.0,99.0,99.0,596.0,30.0,,monthly,0.2,-1.6094379124341003,4.598145571051127,2025-09
255476,2025-10-01,19,12,0.387,1198.0,100.8,99.8,1.0,12.0,30.0,100.0,101.0,1198.0,30.0,,monthly,0.387,-0.9493305859523552,4.603168183317418,2025-10
255476,2025-11-01,17,13,0.433,1426.0,103.4,109.7,1.0,13.0,30.0,110.0,103.0,1426.0,30.0,,monthly,0.433,-0.8370175509796473,4.697749367281185,2025-11
255476,2026-01-01,30,1,0.032,120.0,108.5,120.0,1.0,1.0,30.0,120.0,109.0,120.0,30.0,,monthly,0.032,-3.4420193761824103,4.787491742782046,2026-01
34760,2025-07-01,0,31,1.0,2139.0,69.0,69.0,,,30.0,69.0,69.0,2139.0,30.0,30.0,monthly,1.0,0.0,4.23410650459726,2025-07
34760,2025-08-01,23,8,0.258,568.0,70.7,71.0,6.0,21.0,30.0,71.0,71.0,568.0,30.0,30.0,monthly,0.258,-1.3547956940605197,4.2626798770413155,2025-08
34760,2025-09-01,0,30,1.0,2115.0,70.5,70.5,,,30.0,71.0,71.0,2115.0,30.0,30.0,monthly,1.0,0.0,4.255612709818223,2025-09
34760,2025-10-01,1,30,0.968,2108.0,70.2,70.3,48.0,33.0,30.0,70.0,70.0,2108.0,30.0,30.0,monthly,0.968,-0.03252319170556006,4.252771798816619,2025-10
34760,2025-11-01,23,7,0.233,483.0,69.2,69.0,,,30.0,69.0,69.0,483.0,30.0,30.0,monthly,0.233,-1.4567168254164364,4.23410650459726,2025-11
34760,2026-01-01,16,15,0.484,1013.0,68.3,67.5,1.0,15.0,30.0,68.0,68.0,1013.0,30.0,30.0,monthly,0.484,-0.7256703722655053,4.212127597878484,2026-01
816888,2025-07-01,4,27,0.871,2012.0,74.5,74.5,62.0,17.0,30.0,75.0,75.0,2012.0,30.0,30.0,monthly,0.871,-0.13811330212963427,4.310799125385514,2025-07
816888,2025-08-01,2,29,0.935,2135.0,73.7,73.6,21.0,63.0,30.0,74.0,74.0,2135.0,30.0,30.0,monthly,0.935,-0.06720874969344999,4.298645025734831,2025-08
816888,2025-09-01,0,30,1.0,2687.0,89.6,89.6,,,30.0,90.0,90.0,2687.0,30.0,30.0,monthly,1.0,0.0,4.4953553199808844,2025-09
816888,2025-10-01,7,24,0.774,2213.0,91.2,92.2,1.0,25.0,30.0,92.0,91.0,2213.0,30.0,30.0,monthly,0.774,-0.2561834053924099,4.523960130562548,2025-10
816888,2025-11-01,5,25,0.833,2165.0,88.9,86.6,1.0,126.0,30.0,87.0,89.0,2165.0,30.0,30.0,monthly,0.833,-0.1827216368152944,4.461299815568389,2025-11
816888,2025-12-01,0,31,1.0,3132.0,101.0,101.0,,,30.0,101.0,101.0,3132.0,30.0,30.0,monthly,1.0,0.0,4.61512051684126,2025-12
816888,2026-01-01,0,31,1.0,3110.0,100.3,100.3,,,30.0,100.0,100.0,3110.0,30.0,30.0,monthly,1.0,0.0,4.60816569496789,2026-01
816888,2026-02-01,0,28,1.0,2780.0,99.3,99.3,,,30.0,99.0,99.0,2780.0,30.0,30.0,monthly,1.0,0.0,4.598145571051127,2026-02
816888,2026-03-01,8,23,0.742,2293.0,100.2,99.7,,,30.0,100.0,100.0,2293.0,30.0,30.0,monthly,0.742,-0.2984060358147566,4.602165676967792,2026-03
816888,2026-04-01,0,30,1.0,2996.0,99.9,99.9,135.0,30.0,30.0,100.0,100.0,2996.0,30.0,30.0,monthly,1.0,0.0,4.604169685654508,2026-04
816888,2026-06-01,15,15,0.5,1711.0,109.4,114.1,67.0,15.0,30.0,114.0,109.0,1711.0,30.0,30.0,monthly,0.5,-0.6931471805599453,4.73707525686803,2026-06
302705,2025-07-01,1,30,0.968,2180.0,72.6,72.7,,,30.0,73.0,73.0,2180.0,30.0,30.0,monthly,0.968,-0.03252319170556006,4.286341384539473,2025-07
302705,2025-08-01,1,30,0.968,2179.0,72.6,72.6,227.0,63.0,30.0,73.0,73.0,2179.0,30.0,30.0,monthly,0.968,-0.03252319170556006,4.28496492183075,2025-08
302705,2025-09-01,0,30,1.0,2213.0,73.8,73.8,,,30.0,74.0,74.0,2213.0,30.0,30.0,monthly,1.0,0.0,4.301358731606427,2025-09
302705,2025-10-01,0,31,1.0,2238.0,72.2,72.2,59.0,25.0,30.0,72.0,72.0,2238.0,30.0,30.0,monthly,1.0,0.0,4.279440045898781,2025-10
302705,2025-11-01,7,23,0.767,1647.0,73.9,71.6,,,30.0,72.0,74.0,1647.0,30.0,30.0,monthly,0.767,-0.26526847761488087,4.2710950739666,2025-11
613528,2025-07-01,3,28,0.903,3448.0,122.6,123.1,163.0,7.0,2.0,123.0,123.0,3448.0,2.0,2.0,short_stay,0.903,-0.10203272556515161,4.812997033190408,2025-07
613528,2025-08-01,0,31,1.0,4424.0,142.7,142.7,148.0,10.0,2.0,143.0,143.0,4424.0,2.0,2.0,short_stay,1.0,0.0,4.960744524482791,2025-08
613528,2025-09-01,1,29,0.967,3954.0,136.0,136.3,121.0,3.0,2.0,136.0,136.0,3954.0,2.0,2.0,short_stay,0.967,-0.033556783528842754,4.914858338702487,2025-09
613528,2025-10-01,2,29,0.935,4749.0,163.7,163.8,202.0,4.0,2.0,164.0,164.0,4749.0,2.0,2.0,short_stay,0.935,-0.06720874969344999,5.098646171418969,2025-10
613528,2025-11-01,1,29,0.967,4120.0,142.1,142.1,138.0,2.0,1.0,142.0,142.0,4120.0,2.0,2.0,short_stay,0.967,-0.033556783528842754,4.956531035103055,2025-11
613528,2025-12-01,2,29,0.935,4377.0,150.1,150.9,177.0,3.0,2.0,151.0,150.0,4377.0,2.0,2.0,short_stay,0.935,-0.06720874969344999,5.016617365773803,2025-12
613528,2026-01-01,7,24,0.774,3129.0,129.3,130.4,67.0,4.0,2.0,130.0,129.0,3129.0,2.0,2.0,short_stay,0.774,-0.2561834053924099,4.870606649492553,2026-01
613528,2026-02-01,5,23,0.821,2499.0,110.2,108.7,199.0,4.0,2.0,109.0,110.0,2499.0,2.0,2.0,short_stay,0.821,-0.1972321695297089,4.688591794127164,2026-02
613528,2026-03-01,2,29,0.935,3370.0,115.8,116.2,151.0,4.0,2.0,116.0,116.0,3370.0,2.0,2.0,short_stay,0.935,-0.06720874969344999,4.755312844417811,2026-03
613528,2026-04-01,1,29,0.967,4055.0,139.4,139.8,177.0,4.0,2.0,140.0,139.0,4055.0,2.0,2.0,short_stay,0.967,-0.033556783528842754,4.94021282979971,2026-04
613528,2026-05-01,1,30,0.968,3885.0,129.6,129.5,261.0,4.0,2.0,130.0,130.0,3885.0,2.0,2.0,short_stay,0.968,-0.03252319170556006,4.863680881139593,2026-05
613528,2026-06-01,15,15,0.5,2060.0,136.7,137.3,159.0,2.0,3.0,137.0,137.0,2060.0,2.0,2.0,short_stay,0.5,-0.6931471805599453,4.922168312773925,2026-06
886808,2025-07-01,3,28,0.903,2339.0,84.0,83.5,54.0,3.0,1.0,84.0,84.0,2339.0,1.0,1.0,short_stay,0.903,-0.10203272556515161,4.42484663185681,2025-07
886808,2025-08-01,1,30,0.968,2589.0,86.3,86.3,49.0,2.0,1.0,86.0,86.0,2589.0,1.0,1.0,short_stay,0.968,-0.03252319170556006,4.457829598089382,2025-08
886808,2025-09-01,0,30,1.0,2403.0,80.1,80.1,90.0,2.0,1.0,80.0,80.0,2403.0,1.0,1.0,short_stay,1.0,0.0,4.383275854074314,2025-09
886808,2025-10-01,0,31,1.0,2670.0,86.1,86.1,77.0,2.0,1.0,86.0,86.0,2670.0,1.0,1.0,short_stay,1.0,0.0,4.455509411433685,2025-10
886808,2025-11-01,0,30,1.0,2414.0,80.5,80.5,66.0,3.0,1.0,81.0,81.0,2414.0,1.0,1.0,short_stay,1.0,0.0,4.388257184424518,2025-11
886808,2025-12-01,0,31,1.0,2547.0,82.2,82.2,53.0,2.0,1.0,82.0,82.0,2547.0,1.0,1.0,short_stay,1.0,0.0,4.409155302062135,2025-12
886808,2026-01-01,4,27,0.871,2100.0,78.4,77.8,29.0,3.0,1.0,78.0,78.0,2100.0,1.0,1.0,short_stay,0.871,-0.13811330212963427,4.354141431184346,2026-01
886808,2026-02-01,6,22,0.786,1969.0,87.6,89.5,46.0,3.0,1.0,90.0,88.0,1969.0,1.0,1.0,short_stay,0.786,-0.24079848655293046,4.4942386252808095,2026-02
886808,2026-03-01,3,28,0.903,2570.0,91.3,91.8,42.0,3.0,1.0,92.0,91.0,2570.0,1.0,1.0,short_stay,0.903,-0.10203272556515161,4.519612297626445,2026-03
886808,2026-04-01,2,28,0.933,2710.0,97.5,96.8,59.0,3.0,1.0,97.0,98.0,2710.0,1.0,1.0,short_stay,0.933,-0.06935007813479317,4.572646994282532,2026-04
886808,2026-05-01,0,31,1.0,3043.0,98.2,98.2,47.0,4.0,1.0,98.0,98.0,3043.0,1.0,1.0,short_stay,1.0,0.0,4.58700621536042,2026-05
886808,2026-06-01,3,27,0.9,2602.0,96.6,96.4,71.0,2.0,1.0,96.0,97.0,2602.0,1.0,1.0,short_stay,0.9,-0.10536051565782628,4.5685062016165,2026-06
783202,2025-07-01,6,25,0.806,9173.0,359.6,366.9,11.0,4.0,1.0,367.0,360.0,9173.0,1.0,,short_stay,0.806,-0.2156715364755087,5.9050893313612365,2025-07
783202,2025-08-01,7,24,0.774,7241.0,302.9,301.7,6.0,4.0,1.0,302.0,303.0,7241.0,1.0,,short_stay,0.774,-0.2561834053924099,5.709433146165015,2025-08
783202,2025-09-01,0,30,1.0,11541.0,384.7,384.7,15.0,3.0,1.0,385.0,385.0,11541.0,1.0,,short_stay,1.0,0.0,5.95246380975825,2025-09
783202,2025-10-01,2,29,0.935,11052.0,380.9,381.1,16.0,3.0,1.0,381.0,381.0,11052.0,1.0,,short_stay,0.935,-0.06720874969344999,5.943061807879815,2025-10
783202,2025-11-01,0,30,1.0,11573.0,385.8,385.8,20.0,3.0,1.0,386.0,386.0,11573.0,1.0,,short_stay,1.0,0.0,5.955319100471629,2025-11
783202,2025-12-01,1,30,0.968,11680.0,388.5,389.3,38.0,4.0,1.0,389.0,389.0,11680.0,1.0,,short_stay,0.968,-0.03252319170556006,5.96435025461641,2025-12
783202,2026-01-01,8,23,0.742,6283.0,272.3,273.2,13.0,2.0,1.0,273.0,272.0,6283.0,1.0,,short_stay,0.742,-0.2984060358147566,5.610204127696635,2026-01
783202,2026-02-01,2,26,0.929,10042.0,383.7,386.2,10.0,4.0,1.0,386.0,384.0,10042.0,1.0,,short_stay,0.929,-0.07364654016829848,5.956355369994414,2026-02
783202,2026-03-01,4,27,0.871,11724.0,438.8,434.2,19.0,3.0,1.0,434.0,439.0,11724.0,1.0,,short_stay,0.871,-0.13811330212963427,6.073505257444191,2026-03
783202,2026-04-01,4,26,0.867,12338.0,474.4,474.5,21.0,5.0,1.0,475.0,474.0,12338.0,1.0,,short_stay,0.867,-0.1427163022015952,6.162261618049983,2026-04
783202,2026-05-01,9,22,0.71,9734.0,438.6,442.5,32.0,6.0,1.0,443.0,439.0,9734.0,1.0,,short_stay,0.71,-0.342490308946776,6.092440464447984,2026-05
783202,2026-06-01,5,25,0.833,10882.0,438.3,435.3,49.0,5.0,1.0,435.0,438.0,10882.0,1.0,,short_stay,0.833,-0.1827216368152944,6.076035448558252,2026-06
12940,2025-10-01,0,31,1.0,3587.0,115.7,115.7,49.0,45.0,30.0,116.0,116.0,3587.0,30.0,30.0,monthly,1.0,0.0,4.751000634199631,2025-10
12940,2025-11-01,8,22,0.733,2523.0,114.2,114.7,54.0,23.0,30.0,115.0,114.0,2523.0,30.0,30.0,monthly,0.733,-0.3106095770954856,4.742320024135325,2025-11
12940,2025-12-01,16,15,0.484,1664.0,113.1,110.9,,,30.0,111.0,113.0,1664.0,30.0,30.0,monthly,0.484,-0.7256703722655053,4.7086288943563215,2025-12
148825,2025-07-01,0,31,1.0,3532.0,113.9,113.9,,,30.0,114.0,114.0,3532.0,31.0,31.0,monthly,1.0,0.0,4.735320870453137,2025-07
148825,2025-08-01,10,21,0.677,2541.0,123.2,121.0,7.0,10.0,30.0,121.0,123.0,2541.0,31.0,31.0,monthly,0.677,-0.390084006069862,4.795790545596741,2025-08
148825,2025-09-01,3,27,0.9,3566.0,132.6,132.1,,,31.0,132.0,133.0,3566.0,31.0,31.0,monthly,0.9,-0.10536051565782628,4.883559211528279,2025-09
148825,2025-10-01,10,21,0.677,3015.0,139.9,143.6,65.0,43.0,31.0,144.0,140.0,3015.0,31.0,31.0,monthly,0.677,-0.390084006069862,4.9670316566141235,2025-10
148825,2025-11-01,5,25,0.833,3638.0,147.2,145.5,102.0,3.0,31.0,146.0,147.0,3638.0,31.0,31.0,monthly,0.833,-0.1827216368152944,4.980176086611547,2025-11
148825,2025-12-01,5,26,0.839,3502.0,137.1,134.7,25.0,40.0,31.0,135.0,137.0,3502.0,31.0,31.0,monthly,0.839,-0.1755445725149309,4.903050083416319,2025-12
148825,2026-01-01,13,18,0.581,2670.0,149.9,148.3,1.0,2.0,31.0,148.0,150.0,2670.0,31.0,31.0,monthly,0.581,-0.5430045221302259,4.999237249143887,2026-01
148825,2026-02-01,24,4,0.143,613.0,150.9,153.2,1.0,2.0,31.0,153.0,151.0,613.0,31.0,31.0,monthly,0.143,-1.9449106487222299,5.0317442573064906,2026-02
148825,2026-03-01,28,3,0.097,459.0,155.3,153.0,1.0,1.0,31.0,153.0,155.0,459.0,31.0,31.0,monthly,0.097,-2.333044300478754,5.030437921392435,2026-03
148825,2026-04-01,27,3,0.1,457.0,153.1,152.3,1.0,1.0,31.0,152.0,153.0,457.0,31.0,31.0,monthly,0.1,-2.3025850929940455,5.025852259901116,2026-04
387666,2025-07-01,0,31,1.0,2353.0,75.9,75.9,,,30.0,76.0,76.0,2353.0,30.0,30.0,monthly,1.0,0.0,4.3294166844015844,2025-07
387666,2025-08-01,13,18,0.581,1486.0,70.1,82.6,17.0,18.0,30.0,83.0,70.0,1486.0,30.0,30.0,monthly,0.581,-0.5430045221302259,4.414009680526933,2025-08
387666,2025-09-01,29,1,0.033,94.0,67.7,94.0,,,30.0,94.0,68.0,94.0,30.0,30.0,monthly,0.033,-3.4112477175156566,4.543294782270004,2025-09
387666,2026-03-01,29,2,0.065,120.0,59.4,60.0,1.0,2.0,30.0,60.0,59.0,120.0,30.0,30.0,monthly,0.065,-2.7333680090865,4.0943445622221,2026-03
387666,2026-04-01,28,2,0.067,117.0,59.9,58.5,1.0,2.0,30.0,59.0,60.0,117.0,30.0,30.0,monthly,0.067,-2.703062659591171,4.069026754237811,2026-04
387666,2026-05-01,29,2,0.065,112.0,59.6,56.0,1.0,2.0,30.0,56.0,60.0,112.0,30.0,30.0,monthly,0.065,-2.7333680090865,4.02535169073515,2026-05
1039984,2025-07-01,0,31,1.0,3976.0,128.3,128.3,,,30.0,128.0,128.0,3976.0,30.0,30.0,monthly,1.0,0.0,4.8543712716215905,2025-07
1039984,2025-08-01,30,1,0.032,126.0,126.7,126.0,130.0,30.0,30.0,126.0,127.0,126.0,30.0,30.0,monthly,0.032,-3.4420193761824103,4.836281906951478,2025-08
1039984,2025-09-01,0,30,1.0,3811.0,127.0,127.0,99.0,1.0,30.0,127.0,127.0,3811.0,30.0,30.0,monthly,1.0,0.0,4.844187086458591,2025-09
1039984,2025-10-01,0,31,1.0,3960.0,127.7,127.7,131.0,31.0,30.0,128.0,128.0,3960.0,30.0,30.0,monthly,1.0,0.0,4.8496837630384935,2025-10
9357,2025-07-01,25,6,0.194,1043.0,174.9,173.8,38.0,6.0,30.0,174.0,175.0,1043.0,30.0,30.0,monthly,0.194,-1.6398971199188088,5.157905212831292,2025-07
9357,2025-12-01,24,7,0.226,1220.0,174.4,174.3,1.0,7.0,30.0,174.0,174.0,1220.0,30.0,30.0,monthly,0.226,-1.487220279709851,5.160777952525975,2025-12
1026683,2025-07-01,0,31,1.0,2812.0,90.7,90.7,38.0,40.0,2.0,91.0,91.0,2812.0,2.0,2.0,short_stay,1.0,0.0,4.507557357121091,2025-07
1026683,2025-08-01,8,23,0.742,2062.0,89.6,89.7,6.0,7.0,2.0,90.0,90.0,2062.0,2.0,2.0,short_stay,0.742,-0.2984060358147566,4.49647076906475,2025-08
1026683,2025-09-01,5,25,0.833,2158.0,86.1,86.3,52.0,5.0,2.0,86.0,86.0,2158.0,2.0,2.0,short_stay,0.833,-0.1827216368152944,4.457829598089382,2025-09
1026683,2025-10-01,7,24,0.774,2163.0,89.8,90.1,48.0,5.0,2.0,90.0,90.0,2163.0,2.0,2.0,short_stay,0.774,-0.2561834053924099,4.500920164614292,2025-10
1026683,2025-11-01,5,25,0.833,2348.0,93.4,93.9,23.0,4.0,2.0,94.0,93.0,2348.0,2.0,2.0,short_stay,0.833,-0.1827216368152944,4.542230386214217,2025-11
1026683,2025-12-01,4,27,0.871,2443.0,90.4,90.5,38.0,3.0,2.0,91.0,90.0,2443.0,2.0,2.0,short_stay,0.871,-0.13811330212963427,4.505349850705881,2025-12
1026683,2026-02-01,5,23,0.821,2211.0,94.7,96.1,39.0,28.0,2.0,96.0,95.0,2211.0,2.0,2.0,short_stay,0.821,-0.1972321695297089,4.565389315976247,2026-02
1026683,2026-03-01,14,17,0.548,1684.0,100.5,99.1,13.0,2.0,2.0,99.0,101.0,1684.0,2.0,2.0,short_stay,0.548,-0.6014799920341214,4.596129441335942,2026-03
1026683,2026-04-01,12,18,0.6,1862.0,102.2,103.4,43.0,5.0,2.0,103.0,102.0,1862.0,2.0,2.0,short_stay,0.6,-0.5108256237659907,4.638604962074329,2026-04
1026683,2026-05-01,9,22,0.71,2363.0,107.2,107.4,37.0,2.0,2.0,107.0,107.0,2363.0,2.0,2.0,short_stay,0.71,-0.342490308946776,4.676560182074764,2026-05
1026683,2026-06-01,2,28,0.933,3031.0,107.7,108.2,48.0,2.0,2.0,108.0,108.0,3031.0,2.0,2.0,short_stay,0.933,-0.06935007813479317,4.6839813664123815,2026-06
1038802,2025-12-01,26,5,0.161,363.0,76.4,72.6,71.0,5.0,30.0,73.0,76.0,363.0,0.0,0.0,short_stay,0.161,-1.8263509139976741,4.28496492183075,2025-12
1038802,2026-06-01,18,12,0.4,1086.0,91.5,90.5,1.0,93.0,30.0,91.0,92.0,1086.0,0.0,0.0,short_stay,0.4,-0.916290731874155,4.505349850705881,2026-06
919830,2025-09-01,18,12,0.4,4826.0,401.7,402.2,86.0,6.0,30.0,402.0,402.0,4826.0,8.0,8.0,short_stay,0.4,-0.916290731874155,5.996949477338552,2025-09
919830,2026-05-01,27,4,0.129,1702.0,419.3,425.5,163.0,4.0,30.0,426.0,419.0,1702.0,8.0,8.0,short_stay,0.129,-2.047942874620465,6.053264948013429,2026-05
919830,2026-06-01,16,14,0.467,5974.0,427.8,426.7,181.0,14.0,30.0,427.0,428.0,5974.0,8.0,8.0,short_stay,0.467,-0.7614260213132397,6.056081190193955,2026-06
1101035,2025-07-01,0,31,1.0,7190.0,231.9,231.9,31.0,31.0,30.0,232.0,232.0,7190.0,30.0,,monthly,1.0,0.0,5.446306244261486,2025-07
1101035,2025-08-01,27,4,0.129,932.0,236.4,233.0,1.0,1.0,30.0,233.0,236.0,932.0,30.0,,monthly,0.129,-2.047942874620465,5.4510384535657,2025-08
1101035,2025-12-01,3,28,0.903,6797.0,243.4,242.8,1.0,29.0,30.0,243.0,243.0,6797.0,30.0,,monthly,0.903,-0.10203272556515161,5.492238059185343,2025-12
1101035,2026-01-01,29,2,0.065,499.0,240.3,249.5,1.0,1.0,30.0,250.0,240.0,499.0,30.0,,monthly,0.065,-2.7333680090865,5.519458915191573,2026-01
1101035,2026-03-01,26,5,0.161,1175.0,231.3,235.0,1.0,5.0,30.0,235.0,231.0,1175.0,30.0,,monthly,0.161,-1.8263509139976741,5.459585514144159,2026-03
1101035,2026-04-01,13,17,0.567,3865.0,228.6,227.4,34.0,17.0,30.0,227.0,229.0,3865.0,30.0,,monthly,0.567,-0.5673959752543851,5.426710581316436,2026-04
1101035,2026-06-01,24,6,0.2,1434.0,231.7,239.0,81.0,27.0,30.0,239.0,232.0,1434.0,30.0,,monthly,0.2,-1.6094379124341003,5.476463551931511,2026-06
279857,2025-07-01,6,25,0.806,32896.0,1324.9,1315.8,69.0,5.0,2.0,1316.0,1325.0,32896.0,1.0,4.0,short_stay,0.806,-0.2156715364755087,7.182200124651898,2025-07
279857,2025-08-01,11,20,0.645,26765.0,1349.7,1338.2,128.0,5.0,3.0,1338.0,1350.0,26765.0,1.0,4.0,short_stay,0.645,-0.43850496218636453,7.199080706348717,2025-08
279857,2025-09-01,7,23,0.767,31400.0,1346.7,1365.2,154.0,4.0,2.0,1365.0,1347.0,31400.0,1.0,4.0,short_stay,0.767,-0.26526847761488087,7.219056217032552,2025-09
279857,2025-10-01,4,27,0.871,38903.0,1449.3,1440.9,177.0,4.0,2.0,1441.0,1449.0,38903.0,1.0,4.0,short_stay,0.871,-0.13811330212963427,7.273023197338889,2025-10
279857,2025-11-01,11,19,0.633,26785.0,1390.8,1409.7,179.0,4.0,4.0,1410.0,1391.0,26785.0,1.0,4.0,short_stay,0.633,-0.45728485683796083,7.25113219477688,2025-11
279857,2025-12-01,13,18,0.581,25522.0,1421.1,1417.9,277.0,4.0,3.0,1418.0,1421.0,25522.0,1.0,4.0,short_stay,0.581,-0.5430045221302259,7.256932182743513,2025-12
279857,2026-01-01,16,15,0.484,17880.0,1081.4,1192.0,60.0,3.0,3.0,1192.0,1081.0,17880.0,1.0,4.0,short_stay,0.484,-0.7256703722655053,7.083387847625295,2026-01
279857,2026-02-01,10,18,0.643,20193.0,1070.5,1121.8,137.0,3.0,4.0,1122.0,1071.0,20193.0,1.0,4.0,short_stay,0.643,-0.44161055474451766,7.0226898170742365,2026-02
279857,2026-03-01,2,29,0.935,44314.0,1527.2,1528.1,72.0,4.0,4.0,1528.0,1527.0,44314.0,1.0,4.0,short_stay,0.935,-0.06720874969344999,7.331780412611211,2026-03
279857,2026-04-01,20,10,0.333,15185.0,1510.4,1518.5,124.0,4.0,3.0,1519.0,1510.0,15185.0,1.0,4.0,short_stay,0.333,-1.0996127890016931,7.325478284485803,2026-04
279857,2026-05-01,11,20,0.645,30023.0,1484.8,1501.2,197.0,3.0,3.0,1501.0,1485.0,30023.0,1.0,4.0,short_stay,0.645,-0.43850496218636453,7.3140200672608655,2026-05
279857,2026-06-01,11,19,0.633,29944.0,1556.6,1576.0,122.0,3.0,3.0,1576.0,1557.0,29944.0,1.0,4.0,short_stay,0.633,-0.45728485683796083,7.362645270417825,2026-06
82638,2025-07-01,0,31,1.0,4984.0,160.8,160.8,,,30.0,161.0,161.0,4984.0,30.0,30.0,monthly,1.0,0.0,5.080161356744866,2025-07
82638,2025-08-01,25,6,0.194,937.0,157.5,156.2,1.0,2.0,30.0,156.0,158.0,937.0,30.0,30.0,monthly,0.194,-1.6398971199188088,5.051137237405586,2025-08
82638,2025-11-01,17,13,0.433,2274.0,171.6,174.9,1.0,13.0,30.0,175.0,172.0,2274.0,30.0,30.0,monthly,0.433,-0.8370175509796473,5.164214382024556,2025-11
82638,2025-12-01,29,2,0.065,325.0,167.6,162.5,1.0,2.0,30.0,163.0,168.0,325.0,30.0,30.0,monthly,0.065,-2.7333680090865,5.090678001769792,2025-12
82638,2026-01-01,29,2,0.065,319.0,160.0,159.5,1.0,2.0,30.0,160.0,160.0,319.0,30.0,30.0,monthly,0.065,-2.7333680090865,5.072043922224899,2026-01
82638,2026-02-01,15,13,0.464,1684.0,143.2,129.5,1.0,19.0,30.0,130.0,143.0,1684.0,30.0,30.0,monthly,0.464,-0.7678707267558817,4.863680881139593,2026-02
82638,2026-03-01,19,12,0.387,1668.0,139.5,139.0,9.0,22.0,30.0,139.0,140.0,1668.0,30.0,30.0,monthly,0.387,-0.9493305859523552,4.9344739331306915,2026-03
82638,2026-04-01,12,18,0.6,2944.0,161.1,163.6,37.0,2.0,30.0,164.0,161.0,2944.0,30.0,30.0,monthly,0.6,-0.5108256237659907,5.097424424168647,2026-04
826685,2025-08-01,23,8,0.258,434.0,52.8,54.2,1.0,8.0,30.0,54.0,53.0,434.0,30.0,30.0,monthly,0.258,-1.3547956940605197,3.9926809084456005,2025-08
826685,2025-09-01,29,1,0.033,51.0,51.8,51.0,22.0,1.0,30.0,51.0,52.0,51.0,30.0,30.0,monthly,0.033,-3.4112477175156566,3.9318256327243257,2025-09
826685,2026-03-01,29,2,0.065,112.0,54.5,56.0,7.0,2.0,30.0,56.0,55.0,112.0,30.0,30.0,monthly,0.065,-2.7333680090865,4.02535169073515,2026-03
826685,2026-04-01,0,30,1.0,1693.0,56.4,56.4,23.0,30.0,30.0,56.0,56.0,1693.0,30.0,30.0,monthly,1.0,0.0,4.032469158504013,2026-04
826685,2026-05-01,1,30,0.968,1574.0,52.4,52.5,,,30.0,53.0,52.0,1574.0,30.0,30.0,monthly,0.968,-0.03252319170556006,3.960813169597578,2026-05
49048,2025-07-01,5,26,0.839,2463.0,94.3,94.7,,,30.0,95.0,94.0,2463.0,30.0,30.0,monthly,0.839,-0.1755445725149309,4.550714000192032,2025-07
49048,2025-08-01,7,24,0.774,2136.0,89.6,89.0,113.0,30.0,30.0,89.0,90.0,2136.0,30.0,30.0,monthly,0.774,-0.2561834053924099,4.48863636973214,2025-08
49048,2025-09-01,0,30,1.0,2380.0,79.3,79.3,49.0,31.0,30.0,79.0,79.0,2380.0,30.0,30.0,monthly,1.0,0.0,4.373238128640803,2025-09
49048,2025-10-01,24,7,0.226,635.0,90.0,90.7,,,30.0,91.0,90.0,635.0,30.0,30.0,monthly,0.226,-1.487220279709851,4.507557357121091,2025-10
781865,2025-07-01,12,19,0.613,2098.0,111.5,110.4,34.0,20.0,30.0,110.0,112.0,2098.0,30.0,30.0,monthly,0.613,-0.48939034304592566,4.704110133842995,2025-07
781865,2025-08-01,17,14,0.452,1581.0,114.1,112.9,56.0,13.0,30.0,113.0,114.0,1581.0,30.0,30.0,monthly,0.452,-0.7940730991499059,4.726502471155617,2025-08
781865,2025-09-01,27,3,0.1,327.0,107.8,109.0,85.0,3.0,30.0,109.0,108.0,327.0,30.0,30.0,monthly,0.1,-2.3025850929940455,4.6913478822291435,2025-09
781865,2026-01-01,28,3,0.097,343.0,112.6,114.3,1.0,19.0,30.0,114.0,113.0,343.0,30.0,30.0,monthly,0.097,-2.333044300478754,4.738826570800765,2026-01
781865,2026-02-01,9,19,0.679,2440.0,129.3,128.4,29.0,21.0,30.0,128.0,129.0,2440.0,30.0,30.0,monthly,0.679,-0.3871341514234409,4.855150391255861,2026-02
781865,2026-03-01,13,18,0.581,2415.0,136.5,134.2,,,30.0,134.0,137.0,2415.0,30.0,30.0,monthly,0.581,-0.5430045221302259,4.8993312245375815,2026-03
66251,2025-07-01,2,29,0.935,8836.0,298.3,304.7,6.0,29.0,30.0,305.0,298.0,8836.0,30.0,,monthly,0.935,-0.06720874969344999,5.719327685991663,2025-07
66251,2025-08-01,8,23,0.742,6037.0,270.3,262.5,,,30.0,263.0,270.0,6037.0,30.0,,monthly,0.742,-0.2984060358147566,5.570251082031678,2025-08
66251,2025-10-01,11,20,0.645,3485.0,172.4,174.2,84.0,35.0,30.0,174.0,172.0,3485.0,30.0,,monthly,0.645,-0.43850496218636453,5.160204064418402,2025-10
66251,2025-11-01,8,22,0.733,3967.0,180.7,180.3,1.0,7.0,30.0,180.0,181.0,3967.0,30.0,,monthly,0.733,-0.3106095770954856,5.194622130209272,2025-11
66251,2026-02-01,13,15,0.536,3327.0,227.0,221.8,16.0,15.0,30.0,222.0,227.0,3327.0,30.0,,monthly,0.536,-0.623621117911335,5.401776074916267,2026-02
249704,2025-07-01,0,31,1.0,4698.0,151.5,151.5,,,30.0,152.0,152.0,4698.0,30.0,30.0,monthly,1.0,0.0,5.020585624949423,2025-07
249704,2025-08-01,28,3,0.097,407.0,133.5,135.7,,,30.0,136.0,134.0,407.0,30.0,30.0,monthly,0.097,-2.333044300478754,4.9104465668408235,2025-08
249704,2026-06-01,19,11,0.367,1529.0,139.0,139.0,28.0,30.0,30.0,139.0,139.0,1529.0,30.0,30.0,monthly,0.367,-1.0023934309275668,4.9344739331306915,2026-06
31994,2025-07-01,5,26,0.839,3157.0,121.0,121.4,88.0,8.0,2.0,121.0,121.0,3157.0,2.0,3.0,short_stay,0.839,-0.1755445725149309,4.799090878625398,2025-07
31994,2025-08-01,9,22,0.71,2655.0,119.8,120.7,207.0,4.0,2.0,121.0,120.0,2655.0,2.0,3.0,short_stay,0.71,-0.342490308946776,4.793308128103486,2025-08
31994,2025-09-01,1,29,0.967,3590.0,123.7,123.8,91.0,3.0,2.0,124.0,124.0,3590.0,2.0,3.0,short_stay,0.967,-0.033556783528842754,4.818667360250496,2025-09
31994,2025-10-01,4,27,0.871,3407.0,126.1,126.2,111.0,3.0,11.0,126.0,126.0,3407.0,2.0,3.0,short_stay,0.871,-0.13811330212963427,4.837867950107113,2025-10
31994,2025-11-01,13,17,0.567,2154.0,125.2,126.7,72.0,3.0,2.0,127.0,125.0,2154.0,2.0,3.0,short_stay,0.567,-0.5673959752543851,4.841822087327094,2025-11
31994,2025-12-01,4,27,0.871,3514.0,129.7,130.1,108.0,4.0,2.0,130.0,130.0,3514.0,2.0,3.0,short_stay,0.871,-0.13811330212963427,4.86830338551846,2025-12
31994,2026-01-01,28,3,0.097,369.0,124.9,123.0,6.0,2.0,2.0,123.0,125.0,369.0,2.0,3.0,short_stay,0.097,-2.333044300478754,4.812184355372417,2026-01
31994,2026-02-01,13,15,0.536,2019.0,131.2,134.6,51.0,4.0,2.0,135.0,131.0,2019.0,2.0,3.0,short_stay,0.536,-0.623621117911335,4.902307417210627,2026-02
31994,2026-03-01,17,14,0.452,1937.0,136.6,138.4,19.0,3.0,2.0,138.0,137.0,1937.0,2.0,3.0,short_stay,0.452,-0.7940730991499059,4.93014804318357,2026-03
31994,2026-04-01,11,19,0.633,2663.0,138.9,140.2,88.0,4.0,2.0,140.0,139.0,2663.0,2.0,3.0,short_stay,0.633,-0.45728485683796083,4.94306997460049,2026-04
31994,2026-05-01,8,23,0.742,3221.0,144.2,140.0,108.0,5.0,2.0,140.0,144.0,3221.0,2.0,3.0,short_stay,0.742,-0.2984060358147566,4.941642422609304,2026-05
31994,2026-06-01,27,3,0.1,408.0,137.9,136.0,73.0,3.0,2.0,136.0,138.0,408.0,2.0,3.0,short_stay,0.1,-2.3025850929940455,4.912654885736052,2026-06
658366,2025-07-01,0,31,1.0,9386.0,302.8,302.8,,,30.0,303.0,303.0,9386.0,30.0,30.0,monthly,1.0,0.0,5.713072521563293,2025-07
658366,2025-08-01,7,24,0.774,4888.0,201.5,203.7,18.0,30.0,30.0,204.0,202.0,4888.0,30.0,30.0,monthly,0.774,-0.2561834053924099,5.31664832323276,2025-08
658366,2025-09-01,0,30,1.0,5688.0,189.6,189.6,18.0,30.0,30.0,190.0,190.0,5688.0,30.0,30.0,monthly,1.0,0.0,5.244916589820922,2025-09
658366,2025-10-01,0,31,1.0,5675.0,183.1,183.1,3.0,17.0,30.0,183.0,183.0,5675.0,30.0,30.0,monthly,1.0,0.0,5.210032451680465,2025-10
658366,2026-01-01,8,23,0.742,3059.0,132.8,133.0,29.0,37.0,30.0,133.0,133.0,3059.0,30.0,30.0,monthly,0.742,-0.2984060358147566,4.890349128221754,2026-01
658366,2026-02-01,14,14,0.5,2457.0,184.9,175.5,,,30.0,176.0,185.0,2457.0,30.0,30.0,monthly,0.5,-0.6931471805599453,5.167639042905921,2026-02
94783,2025-07-01,7,24,0.774,3794.0,158.5,158.1,100.0,7.0,6.0,158.0,159.0,3794.0,4.0,7.0,short_stay,0.774,-0.2561834053924099,5.0632277442154265,2025-07
94783,2025-08-01,4,27,0.871,4299.0,159.3,159.2,240.0,11.0,7.0,159.0,159.0,4299.0,4.0,7.0,short_stay,0.871,-0.13811330212963427,5.0701612734102826,2025-08
94783,2025-09-01,6,24,0.8,3809.0,158.4,158.7,211.0,8.0,6.0,159.0,158.0,3809.0,4.0,7.0,short_stay,0.8,-0.2231435513142097,5.0670156275323635,2025-09
94783,2025-10-01,6,25,0.806,4005.0,160.9,160.2,248.0,6.0,6.0,160.0,161.0,4005.0,4.0,7.0,short_stay,0.806,-0.2156715364755087,5.076423034634259,2025-10
94783,2025-11-01,12,18,0.6,2879.0,158.2,159.9,30.0,6.0,6.0,160.0,158.0,2879.0,4.0,7.0,short_stay,0.6,-0.5108256237659907,5.074548619839908,2025-11
94783,2025-12-01,4,27,0.871,4439.0,166.1,164.4,111.0,7.0,6.0,164.0,166.0,4439.0,4.0,7.0,short_stay,0.871,-0.13811330212963427,5.10230248262208,2025-12
94783,2026-01-01,29,2,0.065,311.0,159.9,155.5,6.0,2.0,6.0,156.0,160.0,311.0,4.0,7.0,short_stay,0.065,-2.7333680090865,5.0466457316192885,2026-01
94783,2026-02-01,6,22,0.786,4193.0,190.3,190.6,35.0,7.0,7.0,191.0,190.0,4193.0,4.0,7.0,short_stay,0.786,-0.24079848655293046,5.250176991220101,2026-02
94783,2026-03-01,7,24,0.774,4760.0,199.4,198.3,47.0,10.0,7.0,198.0,199.0,4760.0,4.0,7.0,short_stay,0.774,-0.2561834053924099,5.28978103552575,2026-03
94783,2026-04-01,4,26,0.867,5188.0,200.8,199.5,53.0,7.0,7.0,200.0,201.0,5188.0,4.0,7.0,short_stay,0.867,-0.1427163022015952,5.295814236329918,2026-04
94783,2026-05-01,2,29,0.935,5753.0,198.9,198.4,70.0,5.0,5.0,198.0,199.0,5753.0,4.0,7.0,short_stay,0.935,-0.06720874969344999,5.290285194850773,2026-05
94783,2026-06-01,5,25,0.833,5217.0,207.3,208.7,80.0,3.0,7.0,209.0,207.0,5217.0,4.0,7.0,short_stay,0.833,-0.1827216368152944,5.340897814083155,2026-06
699472,2025-07-01,8,23,0.742,5548.0,240.9,241.2,116.0,3.0,3.0,241.0,241.0,5548.0,1.0,,short_stay,0.742,-0.2984060358147566,5.485626464853031,2025-07
699472,2025-08-01,10,21,0.677,5113.0,243.5,243.5,119.0,2.0,3.0,244.0,244.0,5113.0,1.0,,short_stay,0.677,-0.390084006069862,5.495116942522644,2025-08
699472,2025-09-01,3,27,0.9,6609.0,244.9,244.8,77.0,4.0,3.0,245.0,245.0,6609.0,1.0,,short_stay,0.9,-0.10536051565782628,5.500441550638171,2025-09
699472,2025-10-01,3,28,0.903,6734.0,240.5,240.5,170.0,4.0,3.0,241.0,241.0,6734.0,1.0,,short_stay,0.903,-0.10203272556515161,5.482720089545816,2025-10
699472,2025-11-01,3,27,0.9,6433.0,237.6,238.3,73.0,4.0,3.0,238.0,238.0,6433.0,1.0,,short_stay,0.9,-0.10536051565782628,5.473530384104697,2025-11
699472,2025-12-01,7,24,0.774,5971.0,248.9,248.8,306.0,7.0,3.0,249.0,249.0,5971.0,1.0,,short_stay,0.774,-0.2561834053924099,5.516649360865024,2025-12
699472,2026-01-01,14,17,0.548,4189.0,243.6,246.4,13.0,4.0,3.0,246.0,244.0,4189.0,1.0,,short_stay,0.548,-0.6014799920341214,5.506956231659364,2026-01
699472,2026-02-01,9,19,0.679,5174.0,275.4,272.3,42.0,3.0,3.0,272.0,275.0,5174.0,1.0,,short_stay,0.679,-0.3871341514234409,5.606904399679714,2026-02
699472,2026-03-01,13,18,0.581,4955.0,274.7,275.3,19.0,3.0,2.0,275.0,275.0,4955.0,1.0,,short_stay,0.581,-0.5430045221302259,5.617861412148562,2026-03
699472,2026-04-01,8,22,0.733,6054.0,276.5,275.2,52.0,3.0,2.0,275.0,277.0,6054.0,1.0,,short_stay,0.733,-0.3106095770954856,5.617498106059188,2026-04
699472,2026-05-01,4,27,0.871,7542.0,279.1,279.3,49.0,5.0,3.0,279.0,279.0,7542.0,1.0,,short_stay,0.871,-0.13811330212963427,5.632286472951131,2026-05
699472,2026-06-01,3,27,0.9,7390.0,273.7,273.7,92.0,3.0,2.0,274.0,274.0,7390.0,1.0,,short_stay,0.9,-0.10536051565782628,5.612032616046633,2026-06
209310,2025-07-01,17,14,0.452,815.0,57.8,58.2,247.0,14.0,30.0,58.0,58.0,815.0,30.0,30.0,monthly,0.452,-0.7940730991499059,4.063885354737392,2025-07
209310,2025-08-01,2,29,0.935,1818.0,62.7,62.7,109.0,29.0,30.0,63.0,63.0,1818.0,30.0,30.0,monthly,0.935,-0.06720874969344999,4.138361447638875,2025-08
209310,2025-09-01,0,30,1.0,2202.0,73.4,73.4,92.0,1.0,30.0,73.0,73.0,2202.0,30.0,30.0,monthly,1.0,0.0,4.29592393562047,2025-09
209310,2025-10-01,1,30,0.968,2174.0,72.6,72.5,60.0,30.0,30.0,73.0,73.0,2174.0,30.0,30.0,monthly,0.968,-0.03252319170556006,4.283586561860629,2025-10
1101224,2025-07-01,15,16,0.516,2093.0,131.1,130.8,29.0,45.0,30.0,131.0,131.0,2093.0,30.0,,monthly,0.516,-0.6616485135005743,4.873669439023098,2025-07
1101224,2025-08-01,2,29,0.935,4039.0,139.3,139.3,,,30.0,139.0,139.0,4039.0,30.0,,monthly,0.935,-0.06720874969344999,4.93662988078576,2025-08
1101224,2025-09-01,1,29,0.967,3893.0,134.1,134.2,76.0,29.0,30.0,134.0,134.0,3893.0,30.0,,monthly,0.967,-0.033556783528842754,4.8993312245375815,2025-09
1101224,2025-11-01,3,27,0.9,3472.0,128.3,128.6,140.0,45.0,30.0,129.0,128.0,3472.0,30.0,,monthly,0.9,-0.10536051565782628,4.856706811803519,2025-11
1101224,2025-12-01,8,23,0.742,3166.0,136.4,137.7,43.0,30.0,30.0,138.0,136.0,3166.0,30.0,,monthly,0.742,-0.2984060358147566,4.925077405734609,2025-12
1101224,2026-01-01,3,28,0.903,3862.0,138.0,137.9,1.0,17.0,30.0,138.0,138.0,3862.0,30.0,,monthly,0.903,-0.10203272556515161,4.926528784799256,2026-01
1101224,2026-02-01,13,15,0.536,2256.0,152.5,150.4,1.0,6.0,30.0,150.0,153.0,2256.0,30.0,,monthly,0.536,-0.623621117911335,5.0132984115157395,2026-02
1101224,2026-03-01,4,27,0.871,4561.0,167.8,168.9,7.0,6.0,30.0,169.0,168.0,4561.0,30.0,,monthly,0.871,-0.13811330212963427,5.129306823813755,2026-03
1101224,2026-04-01,0,30,1.0,4923.0,164.1,164.1,,,30.0,164.0,164.0,4923.0,30.0,,monthly,1.0,0.0,5.100475998096045,2026-04
1101224,2026-05-01,1,30,0.968,5007.0,166.7,166.9,18.0,6.0,30.0,167.0,167.0,5007.0,30.0,,monthly,0.968,-0.03252319170556006,5.11739483066779,2026-05
1101224,2026-06-01,29,1,0.033,184.0,171.2,184.0,,,30.0,184.0,171.0,184.0,30.0,,monthly,0.033,-3.4112477175156566,5.214935757608986,2026-06
973535,2025-07-01,5,26,0.839,2066.0,79.6,79.5,,,30.0,80.0,80.0,2066.0,30.0,30.0,monthly,0.839,-0.1755445725149309,4.375757021660286,2025-07
973535,2025-08-01,1,30,0.968,2529.0,84.4,84.3,67.0,30.0,30.0,84.0,84.0,2529.0,30.0,30.0,monthly,0.968,-0.03252319170556006,4.4343818650078095,2025-08
973535,2025-09-01,6,24,0.8,2177.0,90.8,90.7,1.0,24.0,30.0,91.0,91.0,2177.0,30.0,30.0,monthly,0.8,-0.2231435513142097,4.507557357121091,2025-09
854396,2025-07-01,30,1,0.032,47.0,49.3,47.0,,,31.0,47.0,49.0,47.0,30.0,31.0,monthly,0.032,-3.4420193761824103,3.8501476017100584,2025-07
854396,2026-06-01,14,16,0.533,695.0,43.9,43.4,3.0,107.0,31.0,43.0,44.0,695.0,30.0,31.0,monthly,0.533,-0.6292338548162925,3.770459441106359,2026-06
1217318,2026-04-01,15,15,0.5,1130.0,75.2,75.3,,,,75.0,75.0,1130.0,30.0,,monthly,0.5,-0.6931471805599453,4.321480134805848,2026-04
1217318,2026-05-01,0,31,1.0,2265.0,73.1,73.1,,,,73.0,73.0,2265.0,30.0,,monthly,1.0,0.0,4.291828366755733,2026-05
1217318,2026-06-01,0,30,1.0,2156.0,71.9,71.9,1.0,48.0,,72.0,72.0,2156.0,30.0,,monthly,1.0,0.0,4.275276264727001,2026-06
54508,2025-07-01,5,26,0.839,2662.0,102.4,102.4,83.0,8.0,3.0,102.0,102.0,2662.0,3.0,3.0,short_stay,0.839,-0.1755445725149309,4.628886712605407,2025-07
54508,2025-08-01,1,30,0.968,3174.0,105.8,105.8,52.0,7.0,3.0,106.0,106.0,3174.0,3.0,3.0,short_stay,0.968,-0.03252319170556006,4.661550519424199,2025-08
54508,2025-09-01,0,30,1.0,3532.0,117.7,117.7,142.0,16.0,3.0,118.0,118.0,3532.0,3.0,3.0,short_stay,1.0,0.0,4.768139014266231,2025-09
54508,2025-10-01,6,25,0.806,3048.0,120.5,121.9,67.0,4.0,3.0,122.0,121.0,3048.0,3.0,3.0,short_stay,0.806,-0.2156715364755087,4.803201036487226,2025-10
54508,2025-11-01,3,27,0.9,2773.0,103.1,102.7,39.0,3.0,3.0,103.0,103.0,2773.0,3.0,3.0,short_stay,0.9,-0.10536051565782628,4.631812116934513,2025-11
54508,2025-12-01,2,29,0.935,3072.0,105.8,105.9,181.0,5.0,3.0,106.0,106.0,3072.0,3.0,3.0,short_stay,0.935,-0.06720874969344999,4.662495252607361,2025-12
54508,2026-01-01,26,5,0.161,506.0,99.4,101.2,16.0,14.0,3.0,101.0,99.0,506.0,3.0,3.0,short_stay,0.161,-1.8263509139976741,4.617098756853365,2026-01
54508,2026-02-01,0,28,1.0,3217.0,114.9,114.9,10.0,6.0,3.0,115.0,115.0,3217.0,3.0,3.0,short_stay,1.0,0.0,4.74406218485471,2026-02
54508,2026-03-01,9,22,0.71,2861.0,126.6,130.0,105.0,11.0,3.0,130.0,127.0,2861.0,3.0,3.0,short_stay,0.71,-0.342490308946776,4.867534450455582,2026-03
54508,2026-04-01,5,25,0.833,3360.0,134.1,134.4,163.0,3.0,3.0,134.0,134.0,3360.0,3.0,3.0,short_stay,0.833,-0.1827216368152944,4.900820428089049,2026-04
54508,2026-05-01,5,26,0.839,3164.0,122.4,121.7,43.0,3.0,3.0,122.0,122.0,3164.0,3.0,3.0,short_stay,0.839,-0.1755445725149309,4.801558999993482,2026-05
54508,2026-06-01,4,26,0.867,3323.0,127.6,127.8,86.0,3.0,3.0,128.0,128.0,3323.0,3.0,3.0,short_stay,0.867,-0.1427163022015952,4.850466541943434,2026-06
8490,2025-08-01,26,5,0.161,816.0,164.8,163.2,196.0,1.0,30.0,163.0,165.0,816.0,30.0,30.0,monthly,0.161,-1.8263509139976741,5.094976442530006,2025-08
8490,2025-09-01,28,2,0.067,326.0,163.6,163.0,,,30.0,163.0,164.0,326.0,30.0,30.0,monthly,0.067,-2.703062659591171,5.093750200806762,2025-09
8490,2025-11-01,26,4,0.133,644.0,159.8,161.0,162.0,4.0,30.0,161.0,160.0,644.0,30.0,30.0,monthly,0.133,-2.017406150760383,5.081404364984463,2025-11
8490,2025-12-01,30,1,0.032,160.0,162.1,160.0,168.0,1.0,30.0,160.0,162.0,160.0,30.0,30.0,monthly,0.032,-3.4420193761824103,5.075173815233827,2025-12
8490,2026-01-01,25,6,0.194,983.0,164.4,163.8,28.0,3.0,30.0,164.0,164.0,983.0,30.0,30.0,monthly,0.194,-1.6398971199188088,5.098646171418969,2026-01
8490,2026-02-01,27,1,0.036,188.0,188.9,188.0,256.0,11.0,30.0,188.0,189.0,188.0,30.0,30.0,monthly,0.036,-3.3242363405260273,5.236441962829949,2026-02
8490,2026-03-01,21,10,0.323,1892.0,185.2,189.2,,,30.0,189.0,185.0,1892.0,30.0,30.0,monthly,0.323,-1.1301029557594804,5.2428046566177775,2026-03
8490,2026-04-01,24,6,0.2,1093.0,184.6,182.2,122.0,6.0,30.0,182.0,185.0,1093.0,30.0,30.0,monthly,0.2,-1.6094379124341003,5.205104984825858,2026-04
8490,2026-05-01,22,9,0.29,1673.0,185.6,185.9,150.0,4.0,30.0,186.0,186.0,1673.0,30.0,30.0,monthly,0.29,-1.2378743560016174,5.225208894727398,2026-05
8490,2026-06-01,28,2,0.067,370.0,187.9,185.0,17.0,2.0,30.0,185.0,188.0,370.0,30.0,30.0,monthly,0.067,-2.703062659591171,5.220355825078324,2026-06
606269,2025-07-01,0,31,1.0,4627.0,149.3,149.3,55.0,43.0,30.0,149.0,149.0,4627.0,30.0,30.0,monthly,1.0,0.0,5.005957704545144,2025-07
606269,2025-08-01,6,25,0.806,3955.0,157.4,158.2,,,30.0,158.0,157.0,3955.0,30.0,30.0,monthly,0.806,-0.2156715364755087,5.063860055333554,2025-08
606269,2025-09-01,1,29,0.967,4376.0,151.0,150.9,138.0,30.0,30.0,151.0,151.0,4376.0,30.0,30.0,monthly,0.967,-0.033556783528842754,5.016617365773803,2025-09
606269,2025-10-01,1,30,0.968,4135.0,137.7,137.8,87.0,31.0,30.0,138.0,138.0,4135.0,30.0,30.0,monthly,0.968,-0.03252319170556006,4.925803358579558,2025-10
606269,2025-11-01,11,19,0.633,2699.0,139.3,142.1,16.0,11.0,30.0,142.0,139.0,2699.0,30.0,30.0,monthly,0.633,-0.45728485683796083,4.956531035103055,2025-11
606269,2025-12-01,26,5,0.161,711.0,142.8,142.2,,,30.0,142.0,143.0,711.0,30.0,30.0,monthly,0.161,-1.8263509139976741,4.95723451736914,2025-12
606269,2026-03-01,17,14,0.452,2574.0,182.0,183.9,64.0,33.0,30.0,184.0,182.0,2574.0,30.0,30.0,monthly,0.452,-0.7940730991499059,5.214392131610276,2026-03
606269,2026-04-01,11,19,0.633,3449.0,180.7,181.5,,,30.0,182.0,181.0,3449.0,30.0,30.0,monthly,0.633,-0.45728485683796083,5.201255653704905,2026-04
606269,2026-05-01,18,13,0.419,2326.0,182.1,178.9,62.0,6.0,30.0,179.0,182.0,2326.0,30.0,30.0,monthly,0.419,-0.8698843590599994,5.186826990514674,2026-05
305245,2025-08-01,17,14,0.452,3222.0,232.4,230.1,46.0,14.0,30.0,230.0,232.0,3222.0,30.0,30.0,monthly,0.452,-0.7940730991499059,5.43851399704132,2025-08
305245,2026-06-01,20,10,0.333,2325.0,233.0,232.5,7.0,20.0,30.0,233.0,233.0,2325.0,30.0,30.0,monthly,0.333,-1.0996127890016931,5.448890225027411,2026-06
189135,2025-08-01,25,6,0.194,1047.0,175.7,174.5,6.0,2.0,2.0,175.0,176.0,1047.0,2.0,2.0,short_stay,0.194,-1.6398971199188088,5.161924741642482,2025-08
189135,2025-09-01,11,19,0.633,3287.0,171.9,173.0,32.0,4.0,2.0,173.0,172.0,3287.0,2.0,2.0,short_stay,0.633,-0.45728485683796083,5.153291594497779,2025-09
189135,2025-10-01,19,12,0.387,2049.0,170.1,170.8,40.0,2.0,2.0,171.0,170.0,2049.0,2.0,2.0,short_stay,0.387,-0.9493305859523552,5.14049328135447,2025-10
189135,2025-11-01,15,15,0.5,2642.0,178.8,176.1,21.0,6.0,2.0,176.0,179.0,2642.0,2.0,2.0,short_stay,0.5,-0.6931471805599453,5.17105201550216,2025-11
189135,2025-12-01,11,20,0.645,3660.0,181.9,183.0,38.0,3.0,2.0,183.0,182.0,3660.0,2.0,2.0,short_stay,0.645,-0.43850496218636453,5.209486152841421,2025-12
189135,2026-01-01,30,1,0.032,186.0,176.2,186.0,,,2.0,186.0,176.0,186.0,2.0,2.0,short_stay,0.032,-3.4420193761824103,5.225746673713202,2026-01
189135,2026-03-01,29,2,0.065,390.0,198.6,195.0,40.0,2.0,2.0,195.0,199.0,390.0,2.0,2.0,short_stay,0.065,-2.7333680090865,5.272999558563747,2026-03
189135,2026-04-01,23,7,0.233,1394.0,201.8,199.1,55.0,2.0,2.0,199.0,202.0,1394.0,2.0,2.0,short_stay,0.233,-1.4567168254164364,5.293807211070151,2026-04
189135,2026-05-01,16,15,0.484,3183.0,212.6,212.2,15.0,3.0,2.0,212.0,213.0,3183.0,2.0,2.0,short_stay,0.484,-0.7256703722655053,5.357529226179882,2026-05
189135,2026-06-01,12,18,0.6,4132.0,229.4,229.6,40.0,3.0,2.0,230.0,229.0,4132.0,2.0,2.0,short_stay,0.6,-0.5108256237659907,5.436338664445412,2026-06
804194,2025-07-01,11,20,0.645,2889.0,143.5,144.4,33.0,2.0,3.0,144.0,144.0,2889.0,2.0,3.0,short_stay,0.645,-0.43850496218636453,4.972587226458726,2025-07
804194,2025-08-01,0,31,1.0,4622.0,149.1,149.1,29.0,6.0,3.0,149.0,149.0,4622.0,2.0,3.0,short_stay,1.0,0.0,5.004617221770693,2025-08
804194,2025-09-01,3,27,0.9,3854.0,142.5,142.7,135.0,5.0,2.0,143.0,143.0,3854.0,2.0,3.0,short_stay,0.9,-0.10536051565782628,4.960744524482791,2025-09
804194,2025-10-01,1,30,0.968,4395.0,146.3,146.5,120.0,4.0,2.0,147.0,146.0,4395.0,2.0,3.0,short_stay,0.968,-0.03252319170556006,4.987025428457122,2025-10
804194,2025-11-01,4,26,0.867,3418.0,131.5,131.5,45.0,4.0,2.0,132.0,132.0,3418.0,2.0,3.0,short_stay,0.867,-0.1427163022015952,4.879006851617819,2025-11
804194,2025-12-01,2,29,0.935,4081.0,140.5,140.7,101.0,5.0,3.0,141.0,141.0,4081.0,2.0,3.0,short_stay,0.935,-0.06720874969344999,4.946629964120343,2025-12
804194,2026-01-01,25,6,0.194,734.0,116.4,122.3,26.0,3.0,3.0,122.0,116.0,734.0,2.0,3.0,short_stay,0.194,-1.6398971199188088,4.8064770426931265,2026-01
804194,2026-02-01,10,18,0.643,2217.0,122.5,123.2,3.0,4.0,3.0,123.0,123.0,2217.0,2.0,3.0,short_stay,0.643,-0.44161055474451766,4.81380905109942,2026-02
804194,2026-03-01,17,14,0.452,1897.0,135.5,135.5,25.0,4.0,3.0,136.0,136.0,1897.0,2.0,3.0,short_stay,0.452,-0.7940730991499059,4.908971640319756,2026-03
804194,2026-04-01,8,22,0.733,3371.0,153.8,153.2,28.0,4.0,2.0,153.0,154.0,3371.0,2.0,3.0,short_stay,0.733,-0.3106095770954856,5.0317442573064906,2026-04
804194,2026-05-01,8,23,0.742,3701.0,161.3,160.9,67.0,3.0,2.0,161.0,161.0,3701.0,2.0,3.0,short_stay,0.742,-0.2984060358147566,5.080783053998338,2026-05
804194,2026-06-01,25,5,0.167,825.0,175.3,165.0,132.0,1.0,2.0,165.0,175.0,825.0,2.0,3.0,short_stay,0.167,-1.7897614665653818,5.10594547390058,2026-06
753991,2025-07-01,0,31,1.0,3433.0,110.7,110.7,,,30.0,111.0,111.0,3433.0,30.0,30.0,monthly,1.0,0.0,4.706823839714591,2025-07
753991,2025-08-01,13,18,0.581,1977.0,110.1,109.8,199.0,8.0,30.0,110.0,110.0,1977.0,30.0,30.0,monthly,0.581,-0.5430045221302259,4.69866052907543,2025-08
753991,2025-09-01,28,2,0.067,220.0,112.6,110.0,,,30.0,110.0,113.0,220.0,30.0,30.0,monthly,0.067,-2.703062659591171,4.700480365792417,2025-09
753991,2026-01-01,20,11,0.355,1168.0,106.6,106.2,115.0,21.0,30.0,106.0,107.0,1168.0,30.0,30.0,monthly,0.355,-1.0356374895067213,4.665324108807838,2026-01
753991,2026-02-01,0,28,1.0,3022.0,107.9,107.9,,,30.0,108.0,108.0,3022.0,30.0,30.0,monthly,1.0,0.0,4.681204872264089,2026-02
753991,2026-03-01,9,22,0.71,2648.0,119.7,120.4,15.0,20.0,30.0,120.0,120.0,2648.0,30.0,30.0,monthly,0.71,-0.342490308946776,4.79081953287472,2026-03
753991,2026-04-01,28,2,0.067,256.0,121.6,128.0,,,30.0,128.0,122.0,256.0,30.0,30.0,monthly,0.067,-2.703062659591171,4.852030263919617,2026-04
83243,2025-07-01,30,1,0.032,76.0,75.6,76.0,,,30.0,76.0,76.0,76.0,30.0,30.0,monthly,0.032,-3.4420193761824103,4.330733340286331,2025-07
83243,2025-08-01,6,25,0.806,1828.0,73.1,73.1,203.0,20.0,30.0,73.0,73.0,1828.0,30.0,30.0,monthly,0.806,-0.2156715364755087,4.291828366755733,2025-08
83243,2025-09-01,12,18,0.6,1261.0,68.9,70.1,41.0,18.0,30.0,70.0,69.0,1261.0,30.0,30.0,monthly,0.6,-0.5108256237659907,4.249922794040544,2025-09
83243,2025-10-01,15,16,0.516,1263.0,78.2,78.9,,,30.0,79.0,78.0,1263.0,30.0,30.0,monthly,0.516,-0.6616485135005743,4.368181227851829,2025-10
83243,2025-11-01,29,1,0.033,83.0,80.4,83.0,3.0,1.0,30.0,83.0,80.0,83.0,30.0,30.0,monthly,0.033,-3.4112477175156566,4.418840607796598,2025-11
83243,2026-06-01,29,1,0.033,68.0,68.8,68.0,53.0,1.0,30.0,68.0,69.0,68.0,30.0,30.0,monthly,0.033,-3.4112477175156566,4.219507705176107,2026-06
1331960,2025-08-01,5,26,0.839,3137.0,122.3,120.7,230.0,26.0,30.0,121.0,122.0,3137.0,30.0,30.0,monthly,0.839,-0.1755445725149309,4.793308128103486,2025-08
1331960,2026-01-01,28,3,0.097,374.0,126.5,124.7,1.0,3.0,30.0,125.0,127.0,374.0,30.0,30.0,monthly,0.097,-2.333044300478754,4.825910852685991,2026-01
1331960,2026-02-01,23,5,0.179,773.0,150.6,154.6,20.0,4.0,30.0,155.0,151.0,773.0,30.0,30.0,monthly,0.179,-1.720369473141382,5.040841136153322,2026-02
1331960,2026-03-01,6,25,0.806,3936.0,158.1,157.4,1.0,30.0,30.0,157.0,158.0,3936.0,30.0,30.0,monthly,0.806,-0.2156715364755087,5.058790335983303,2026-03
1331960,2026-04-01,9,21,0.7,3316.0,158.5,157.9,36.0,17.0,30.0,158.0,159.0,3316.0,30.0,30.0,monthly,0.7,-0.35667494393873245,5.061961921261596,2026-04
1331960,2026-05-01,5,26,0.839,4129.0,159.3,158.8,,,30.0,159.0,159.0,4129.0,30.0,30.0,monthly,0.839,-0.1755445725149309,5.067645548813036,2026-05
1331960,2026-06-01,13,17,0.567,2697.0,162.0,158.6,32.0,30.0,30.0,159.0,162.0,2697.0,30.0,30.0,monthly,0.567,-0.5673959752543851,5.066385309200747,2026-06
56859,2025-12-01,19,12,0.387,609.0,52.3,50.8,5.0,18.0,30.0,51.0,52.0,609.0,30.0,30.0,monthly,0.387,-0.9493305859523552,3.927896354584436,2025-12
56859,2026-01-01,6,25,0.806,1367.0,56.1,54.7,,,30.0,55.0,56.0,1367.0,30.0,30.0,monthly,0.806,-0.2156715364755087,4.001863709427935,2026-01
56859,2026-06-01,15,15,0.5,1493.0,98.6,99.5,4.0,45.0,30.0,100.0,99.0,1493.0,30.0,30.0,monthly,0.5,-0.6931471805599453,4.600157644164547,2026-06
1087215,2025-08-01,15,16,0.516,4641.0,295.6,290.1,59.0,14.0,30.0,290.0,296.0,4641.0,30.0,30.0,monthly,0.516,-0.6616485135005743,5.670225691127358,2025-08
1087215,2025-09-01,0,30,1.0,8833.0,294.4,294.4,88.0,31.0,30.0,294.0,294.0,8833.0,30.0,30.0,monthly,1.0,0.0,5.684939386854721,2025-09
1087215,2025-10-01,2,29,0.935,8939.0,308.2,308.2,,,30.0,308.0,308.0,8939.0,30.0,30.0,monthly,0.935,-0.06720874969344999,5.730748922886015,2025-10
1087215,2026-02-01,26,2,0.071,652.0,328.5,326.0,13.0,1.0,30.0,326.0,329.0,652.0,30.0,30.0,monthly,0.071,-2.645075401940822,5.786897381366708,2026-02
1087215,2026-03-01,7,24,0.774,7974.0,329.9,332.2,9.0,31.0,30.0,332.0,330.0,7974.0,30.0,30.0,monthly,0.774,-0.2561834053924099,5.8057371971791945,2026-03
1087215,2026-04-01,12,18,0.6,5922.0,329.3,329.0,43.0,3.0,30.0,329.0,329.0,5922.0,30.0,30.0,monthly,0.6,-0.5108256237659907,5.796057750765372,2026-04
1087215,2026-05-01,1,30,0.968,9793.0,326.4,326.4,93.0,30.0,30.0,326.0,326.0,9793.0,30.0,30.0,monthly,0.968,-0.03252319170556006,5.788123623089952,2026-05
1087215,2026-06-01,11,19,0.633,6156.0,322.4,324.0,37.0,7.0,30.0,324.0,322.0,6156.0,30.0,30.0,monthly,0.633,-0.45728485683796083,5.780743515792329,2026-06
60611,2025-07-01,0,31,1.0,3710.0,119.7,119.7,,,30.0,120.0,120.0,3710.0,30.0,30.0,monthly,1.0,0.0,4.784988612563928,2025-07
60611,2025-08-01,29,2,0.065,248.0,120.9,124.0,,,30.0,124.0,121.0,248.0,30.0,30.0,monthly,0.065,-2.7333680090865,4.820281565605037,2025-08
302309,2025-11-01,25,5,0.167,1055.0,210.3,211.0,132.0,45.0,30.0,211.0,210.0,1055.0,30.0,30.0,monthly,0.167,-1.7897614665653818,5.351858133476067,2025-11
302309,2025-12-01,0,31,1.0,6500.0,209.7,209.7,,,30.0,210.0,210.0,6500.0,30.0,30.0,monthly,1.0,0.0,5.345677937907874,2025-12
302309,2026-01-01,22,9,0.29,1931.0,212.5,214.6,,,30.0,215.0,213.0,1931.0,30.0,30.0,monthly,0.29,-1.2378743560016174,5.368775830196598,2026-01
6990,2025-10-01,3,28,0.903,2058.0,73.5,73.5,105.0,22.0,30.0,74.0,74.0,2058.0,30.0,30.0,monthly,0.903,-0.10203272556515161,4.297285406218791,2025-10
6990,2025-11-01,5,25,0.833,1748.0,70.3,69.9,113.0,12.0,30.0,70.0,70.0,1748.0,30.0,30.0,monthly,0.833,-0.1827216368152944,4.247065649239764,2025-11
6990,2025-12-01,2,29,0.935,2060.0,71.1,71.0,44.0,35.0,30.0,71.0,71.0,2060.0,30.0,30.0,monthly,0.935,-0.06720874969344999,4.2626798770413155,2025-12
6990,2026-01-01,0,31,1.0,2423.0,78.2,78.2,19.0,31.0,30.0,78.0,78.0,2423.0,30.0,30.0,monthly,1.0,0.0,4.359269647551265,2026-01
6990,2026-02-01,18,10,0.357,731.0,75.2,73.1,,,30.0,73.0,75.0,731.0,30.0,30.0,monthly,0.357,-1.030019497202498,4.291828366755733,2026-02
16338,2026-03-01,1,30,0.968,1723.0,57.4,57.4,,,,57.0,57.0,1723.0,30.0,,monthly,0.968,-0.03252319170556006,4.050044303325521,2026-03
16338,2026-04-01,0,30,1.0,1761.0,58.7,58.7,,,,59.0,59.0,1761.0,30.0,,monthly,1.0,0.0,4.072439726834051,2026-04
16338,2026-05-01,0,31,1.0,1878.0,60.6,60.6,,,,61.0,61.0,1878.0,30.0,,monthly,1.0,0.0,4.104294893075269,2026-05
16338,2026-06-01,4,26,0.867,1569.0,60.3,60.3,1.0,14.0,,60.0,60.0,1569.0,30.0,,monthly,0.867,-0.1427163022015952,4.09933210373314,2026-06
263888,2025-07-01,0,31,1.0,7819.0,252.2,252.2,,,30.0,252.0,252.0,7819.0,-73.9756,-73.9756,short_stay,1.0,0.0,5.5302224235308195,2025-07
263888,2025-08-01,0,31,1.0,7608.0,245.4,245.4,75.0,33.0,30.0,245.0,245.0,7608.0,-73.9756,-73.9756,short_stay,1.0,0.0,5.502889532276811,2025-08
263888,2025-09-01,1,29,0.967,6357.0,219.3,219.2,142.0,87.0,30.0,219.0,219.0,6357.0,-73.9756,-73.9756,short_stay,0.967,-0.033556783528842754,5.389984555073861,2025-09
263888,2025-10-01,0,31,1.0,6553.0,211.4,211.4,,,30.0,211.0,211.0,6553.0,-73.9756,-73.9756,short_stay,1.0,0.0,5.353752073436137,2025-10
263888,2025-11-01,0,30,1.0,6223.0,207.4,207.4,,,30.0,207.0,207.0,6223.0,-73.9756,-73.9756,short_stay,1.0,0.0,5.334649295795427,2025-11
263888,2025-12-01,20,11,0.355,2155.0,189.5,195.9,181.0,5.0,30.0,196.0,190.0,2155.0,-73.9756,-73.9756,short_stay,0.355,-1.0356374895067213,5.277604324950495,2025-12
263888,2026-03-01,30,1,0.032,294.0,293.6,294.0,38.0,1.0,30.0,294.0,294.0,294.0,-73.9756,-73.9756,short_stay,0.032,-3.4420193761824103,5.683579767338681,2026-03
263888,2026-04-01,28,2,0.067,603.0,297.7,301.5,1.0,2.0,30.0,302.0,298.0,603.0,-73.9756,-73.9756,short_stay,0.067,-2.703062659591171,5.70877001616724,2026-04
281851,2025-08-01,22,9,0.29,1059.0,123.5,117.7,43.0,9.0,30.0,118.0,124.0,1059.0,30.0,,monthly,0.29,-1.2378743560016174,4.768139014266231,2025-08
281851,2025-09-01,9,21,0.7,1962.0,93.6,93.4,1.0,27.0,30.0,93.0,94.0,1962.0,30.0,,monthly,0.7,-0.35667494393873245,4.536891345234797,2025-09
281851,2025-10-01,3,28,0.903,2881.0,103.9,102.9,1.0,28.0,30.0,103.0,104.0,2881.0,30.0,,monthly,0.903,-0.10203272556515161,4.633757642840004,2025-10
281851,2025-11-01,24,6,0.2,715.0,101.3,119.2,,,30.0,119.0,101.0,715.0,30.0,,monthly,0.2,-1.6094379124341003,4.7808027546312495,2025-11
281851,2026-04-01,25,5,0.167,572.0,111.2,114.4,112.0,5.0,30.0,114.0,111.0,572.0,30.0,,monthly,0.167,-1.7897614665653818,4.739701078945697,2026-04
540057,2026-04-01,18,12,0.4,1740.0,145.1,145.0,9.0,12.0,30.0,145.0,145.0,1740.0,30.0,30.0,monthly,0.4,-0.916290731874155,4.976733742420574,2026-04
433414,2025-08-01,17,14,0.452,2163.0,155.3,154.5,110.0,14.0,30.0,155.0,155.0,2163.0,30.0,30.0,monthly,0.452,-0.7940730991499059,5.0401940963378005,2025-08
433414,2025-09-01,0,30,1.0,4718.0,157.3,157.3,125.0,30.0,30.0,157.0,157.0,4718.0,30.0,30.0,monthly,1.0,0.0,5.058154810064233,2025-09
433414,2025-10-01,10,21,0.677,3274.0,156.5,155.9,195.0,35.0,30.0,156.0,157.0,3274.0,30.0,30.0,monthly,0.677,-0.390084006069862,5.049214776063731,2025-10
433414,2025-11-01,2,28,0.933,4044.0,143.9,144.4,51.0,30.0,30.0,144.0,144.0,4044.0,30.0,30.0,monthly,0.933,-0.06935007813479317,4.972587226458726,2025-11
433414,2025-12-01,14,17,0.548,2505.0,147.4,147.4,51.0,1.0,30.0,147.0,147.0,2505.0,30.0,30.0,monthly,0.548,-0.6014799920341214,4.993149979755236,2025-12
433414,2026-01-01,0,31,1.0,4464.0,144.0,144.0,156.0,40.0,30.0,144.0,144.0,4464.0,30.0,30.0,monthly,1.0,0.0,4.969813299576001,2026-01
433414,2026-02-01,19,9,0.321,1310.0,138.9,145.6,,,30.0,146.0,139.0,1310.0,30.0,30.0,monthly,0.321,-1.1363141558521213,4.980863135762585,2026-02
433414,2026-03-01,14,17,0.548,2432.0,141.8,143.1,57.0,23.0,30.0,143.0,142.0,2432.0,30.0,30.0,monthly,0.548,-0.6014799920341214,4.963543686562405,2026-03
433414,2026-04-01,0,30,1.0,4532.0,151.1,151.1,50.0,1.0,30.0,151.0,151.0,4532.0,30.0,30.0,monthly,1.0,0.0,5.017941869278694,2026-04
433414,2026-05-01,1,30,0.968,4581.0,152.8,152.7,69.0,30.0,30.0,153.0,153.0,4581.0,30.0,30.0,monthly,0.968,-0.03252319170556006,5.028475212224587,2026-05
552639,2025-07-01,2,29,0.935,7149.0,245.6,246.5,233.0,4.0,2.0,247.0,246.0,7149.0,2.0,3.0,short_stay,0.935,-0.06720874969344999,5.5073619934827445,2025-07
552639,2025-08-01,0,31,1.0,7708.0,248.6,248.6,227.0,4.0,2.0,249.0,249.0,7708.0,2.0,3.0,short_stay,1.0,0.0,5.515845179076611,2025-08
552639,2025-09-01,2,28,0.933,7616.0,272.4,272.0,195.0,4.0,2.0,272.0,272.0,7616.0,2.0,3.0,short_stay,0.933,-0.06935007813479317,5.605802066295998,2025-09
552639,2025-10-01,1,30,0.968,7922.0,263.8,264.1,225.0,4.0,2.0,264.0,264.0,7922.0,2.0,3.0,short_stay,0.968,-0.03252319170556006,5.576327819303087,2025-10
552639,2025-11-01,3,27,0.9,7054.0,262.3,261.3,121.0,3.0,3.0,261.0,262.0,7054.0,2.0,3.0,short_stay,0.9,-0.10536051565782628,5.565669172526567,2025-11
552639,2025-12-01,0,31,1.0,7598.0,245.1,245.1,182.0,5.0,2.0,245.0,245.0,7598.0,2.0,3.0,short_stay,1.0,0.0,5.501666290534067,2025-12
552639,2026-01-01,3,28,0.903,5681.0,200.3,202.9,107.0,4.0,3.0,203.0,200.0,5681.0,2.0,3.0,short_stay,0.903,-0.10203272556515161,5.312713246831769,2026-01
552639,2026-02-01,6,22,0.786,4490.0,203.4,204.1,150.0,3.0,2.0,204.0,203.0,4490.0,2.0,3.0,short_stay,0.786,-0.24079848655293046,5.318610069815799,2026-02
552639,2026-03-01,3,28,0.903,6624.0,235.5,236.6,197.0,4.0,3.0,237.0,236.0,6624.0,2.0,3.0,short_stay,0.903,-0.10203272556515161,5.466370951544286,2026-03
552639,2026-04-01,6,24,0.8,6594.0,273.4,274.8,190.0,4.0,2.0,275.0,273.0,6594.0,2.0,3.0,short_stay,0.8,-0.2231435513142097,5.616043560348194,2026-04
552639,2026-05-01,2,29,0.935,8212.0,283.5,283.2,157.0,2.0,2.0,283.0,284.0,8212.0,2.0,3.0,short_stay,0.935,-0.06720874969344999,5.6461533618195645,2026-05
552639,2026-06-01,4,26,0.867,7280.0,279.5,280.0,222.0,3.0,2.0,280.0,280.0,7280.0,2.0,3.0,short_stay,0.867,-0.1427163022015952,5.634789603169249,2026-06
1361017,2025-07-01,16,15,0.484,2043.0,138.4,136.2,91.0,30.0,30.0,136.0,138.0,2043.0,30.0,30.0,monthly,0.484,-0.7256703722655053,4.9141243937154115,2025-07
1361017,2025-08-01,1,30,0.968,3814.0,127.3,127.1,57.0,15.0,30.0,127.0,127.0,3814.0,30.0,30.0,monthly,0.968,-0.03252319170556006,4.844974178195408,2025-08
1361017,2025-09-01,23,7,0.233,945.0,132.2,135.0,36.0,22.0,30.0,135.0,132.0,945.0,30.0,30.0,monthly,0.233,-1.4567168254164364,4.90527477843843,2025-09
1361017,2025-10-01,16,15,0.484,2029.0,137.9,135.3,,,30.0,135.0,138.0,2029.0,30.0,30.0,monthly,0.484,-0.7256703722655053,4.907494535176743,2025-10
848718,2025-07-01,4,27,0.871,4865.0,178.4,180.2,46.0,9.0,4.0,180.0,178.0,4865.0,4.0,4.0,short_stay,0.871,-0.13811330212963427,5.194067345174237,2025-07
848718,2025-08-01,10,21,0.677,3762.0,175.8,179.1,54.0,7.0,4.0,179.0,176.0,3762.0,4.0,4.0,short_stay,0.677,-0.390084006069862,5.187944309066666,2025-08
848718,2025-09-01,3,27,0.9,4792.0,177.3,177.5,99.0,6.0,4.0,178.0,177.0,4792.0,4.0,4.0,short_stay,0.9,-0.10536051565782628,5.178970608915471,2025-09
848718,2025-10-01,0,31,1.0,5052.0,163.0,163.0,92.0,4.0,4.0,163.0,163.0,5052.0,4.0,4.0,short_stay,1.0,0.0,5.093750200806762,2025-10
848718,2025-11-01,0,30,1.0,5254.0,175.1,175.1,19.0,5.0,4.0,175.0,175.0,5254.0,4.0,4.0,short_stay,1.0,0.0,5.165357239291806,2025-11
848718,2025-12-01,6,25,0.806,4410.0,176.6,176.4,80.0,4.0,4.0,176.0,177.0,4410.0,4.0,4.0,short_stay,0.806,-0.2156715364755087,5.172754143572691,2025-12
848718,2026-01-01,15,16,0.516,2763.0,171.0,172.7,3.0,4.0,4.0,173.0,171.0,2763.0,4.0,4.0,short_stay,0.516,-0.6616485135005743,5.1515559851526325,2026-01
848718,2026-02-01,12,16,0.571,2939.0,186.3,183.7,3.0,3.0,4.0,184.0,186.0,2939.0,4.0,4.0,short_stay,0.571,-0.5603660693261269,5.21330399222108,2026-02
848718,2026-03-01,18,13,0.419,2699.0,205.3,207.6,15.0,8.0,4.0,208.0,205.0,2699.0,4.0,4.0,short_stay,0.419,-0.8698843590599994,5.335613151291733,2026-03
848718,2026-04-01,8,22,0.733,4652.0,211.6,211.5,14.0,6.0,4.0,212.0,212.0,4652.0,4.0,4.0,short_stay,0.733,-0.3106095770954856,5.354224998486333,2026-04
848718,2026-05-01,14,17,0.548,3559.0,211.2,209.4,41.0,4.0,4.0,209.0,211.0,3559.0,4.0,4.0,short_stay,0.548,-0.6014799920341214,5.3442462984364365,2026-05
848718,2026-06-01,24,6,0.2,2037.0,311.3,339.5,19.0,6.0,4.0,340.0,311.0,2037.0,4.0,4.0,short_stay,0.2,-1.6094379124341003,5.827473946998751,2026-06
783341,2026-07-01,0,31,1.0,2852.0,92.0,92.0,,,30.0,92.0,92.0,2852.0,30.0,,monthly,1.0,0.0,4.5217885770490405,2026-07
783341,2026-08-01,0,31,1.0,2894.0,93.4,93.4,,,30.0,93.0,93.0,2894.0,30.0,,monthly,1.0,0.0,4.536891345234797,2026-08
783341,2026-09-01,0,30,1.0,2773.0,92.4,92.4,,,30.0,92.0,92.0,2773.0,30.0,,monthly,1.0,0.0,4.526126978647638,2026-09
783341,2026-10-01,0,31,1.0,2848.0,91.9,91.9,,,30.0,92.0,92.0,2848.0,30.0,,monthly,1.0,0.0,4.520701029361642,2026-10
783341,2026-11-01,0,30,1.0,2734.0,91.1,91.1,,,30.0,91.0,91.0,2734.0,30.0,,monthly,1.0,0.0,4.511957804265912,2026-11
783341,2026-12-01,0,31,1.0,2813.0,90.7,90.7,,,30.0,91.0,91.0,2813.0,30.0,,monthly,1.0,0.0,4.507557357121091,2026-12
783341,2027-01-01,0,31,1.0,2858.0,92.2,92.2,,,30.0,92.0,92.0,2858.0,30.0,,monthly,1.0,0.0,4.523960130562548,2027-01
783341,2027-02-01,0,28,1.0,2648.0,94.6,94.6,,,30.0,95.0,95.0,2648.0,30.0,,monthly,1.0,0.0,4.549657476057832,2027-02
783341,2027-03-01,0,31,1.0,2940.0,94.8,94.8,,,30.0,95.0,95.0,2940.0,30.0,,monthly,1.0,0.0,4.551769409260976,2027-03
783341,2027-04-01,0,30,1.0,2960.0,98.7,98.7,,,30.0,99.0,99.0,2960.0,30.0,,monthly,1.0,0.0,4.592084946439436,2027-04
1157522,2026-07-01,0,31,1.0,8422.0,271.7,271.7,43.0,33.0,30.0,272.0,272.0,8422.0,30.0,30.0,monthly,1.0,0.0,5.604698516432302,2026-07
1157522,2026-08-01,17,14,0.452,3333.0,243.6,238.1,99.0,75.0,30.0,238.0,244.0,3333.0,30.0,30.0,monthly,0.452,-0.7940730991499059,5.472690753492817,2026-08
1157522,2026-09-01,0,30,1.0,7186.0,239.5,239.5,,,30.0,240.0,240.0,7186.0,30.0,30.0,monthly,1.0,0.0,5.4785534168509695,2026-09
1157522,2026-10-01,0,31,1.0,7023.0,226.5,226.5,,,30.0,227.0,227.0,7023.0,30.0,30.0,monthly,1.0,0.0,5.422744944923089,2026-10
1157522,2026-11-01,28,2,0.067,457.0,235.1,228.5,,,30.0,229.0,235.0,457.0,30.0,30.0,monthly,0.067,-2.703062659591171,5.43153621033426,2026-11
794156,2026-07-01,1,30,0.968,8374.0,279.2,279.1,199.0,30.0,30.0,279.0,279.0,8374.0,30.0,30.0,monthly,0.968,-0.03252319170556006,5.6315701405422764,2026-07
794156,2026-08-01,20,11,0.355,2996.0,268.4,272.4,230.0,11.0,30.0,272.0,268.0,2996.0,30.0,30.0,monthly,0.355,-1.0356374895067213,5.607271574275357,2026-08
794156,2026-09-01,15,15,0.5,4090.0,274.7,272.7,213.0,31.0,30.0,273.0,275.0,4090.0,30.0,30.0,monthly,0.5,-0.6931471805599453,5.608372289851543,2026-09
794156,2026-10-01,15,16,0.516,4324.0,270.2,270.2,,,30.0,270.0,270.0,4324.0,30.0,30.0,monthly,0.516,-0.6616485135005743,5.5991624255260986,2026-10
651375,2026-07-01,0,31,1.0,23256.0,750.2,750.2,69.0,71.0,30.0,750.0,750.0,23256.0,30.0,30.0,monthly,1.0,0.0,6.620339837647787,2026-07
651375,2026-08-01,0,31,1.0,23162.0,747.2,747.2,,,30.0,747.0,747.0,23162.0,30.0,30.0,monthly,1.0,0.0,6.616332886914633,2026-08
651375,2026-09-01,0,30,1.0,22835.0,761.2,761.2,,,30.0,761.0,761.0,22835.0,30.0,30.0,monthly,1.0,0.0,6.634896135421995,2026-09
651375,2026-10-01,0,31,1.0,22949.0,740.3,740.3,,,30.0,740.0,740.0,22949.0,30.0,30.0,monthly,1.0,0.0,6.607055509449053,2026-10
651375,2026-11-01,0,30,1.0,21860.0,728.7,728.7,185.0,24.0,30.0,729.0,729.0,21860.0,30.0,30.0,monthly,1.0,0.0,6.591262124676237,2026-11
651375,2026-12-01,18,13,0.419,9215.0,691.2,708.8,,,30.0,709.0,691.0,9215.0,30.0,30.0,monthly,0.419,-0.8698843590599994,6.563573399290871,2026-12
765569,2026-07-01,6,25,0.806,3948.0,157.4,157.9,274.0,25.0,30.0,158.0,157.0,3948.0,30.0,30.0,monthly,0.806,-0.2156715364755087,5.061961921261596,2026-07
765569,2026-08-01,19,12,0.387,2004.0,161.8,167.0,231.0,12.0,30.0,167.0,162.0,2004.0,30.0,30.0,monthly,0.387,-0.9493305859523552,5.117993812416755,2026-08
1457505,2026-07-01,0,31,1.0,3166.0,102.1,102.1,,,30.0,102.0,102.0,3166.0,30.0,30.0,monthly,1.0,0.0,4.625952725170619,2026-07
1457505,2026-08-01,4,27,0.871,2769.0,102.6,102.6,98.0,5.0,30.0,103.0,103.0,2769.0,30.0,30.0,monthly,0.871,-0.13811330212963427,4.630837932736669,2026-08
1457505,2026-09-01,0,30,1.0,3102.0,103.4,103.4,105.0,89.0,30.0,103.0,103.0,3102.0,30.0,30.0,monthly,1.0,0.0,4.638604962074329,2026-09
1457505,2026-10-01,0,31,1.0,3220.0,103.9,103.9,,,30.0,104.0,104.0,3220.0,30.0,30.0,monthly,1.0,0.0,4.6434288981051814,2026-10
1457505,2026-11-01,2,28,0.933,2912.0,104.0,104.0,,,30.0,104.0,104.0,2912.0,30.0,30.0,monthly,0.933,-0.06935007813479317,4.6443908991413725,2026-11
1457505,2026-12-01,0,31,1.0,3228.0,104.1,104.1,196.0,60.0,30.0,104.0,104.0,3228.0,30.0,30.0,monthly,1.0,0.0,4.645351975620923,2026-12
1457505,2027-01-01,2,29,0.935,3045.0,105.0,105.0,,,30.0,105.0,105.0,3045.0,30.0,30.0,monthly,0.935,-0.06720874969344999,4.653960350157523,2027-01
1030254,2026-07-01,0,31,1.0,2120.0,68.4,68.4,154.0,183.0,30.0,68.0,68.0,2120.0,30.0,30.0,monthly,1.0,0.0,4.225372824628505,2026-07
1030254,2026-08-01,0,31,1.0,2111.0,68.1,68.1,,,30.0,68.0,68.0,2111.0,30.0,30.0,monthly,1.0,0.0,4.220977213155467,2026-08
1030254,2026-09-01,0,30,1.0,1964.0,65.5,65.5,,,30.0,66.0,66.0,1964.0,30.0,30.0,monthly,1.0,0.0,4.182050142641207,2026-09
1030254,2026-10-01,0,31,1.0,1985.0,64.0,64.0,,,30.0,64.0,64.0,1985.0,30.0,30.0,monthly,1.0,0.0,4.1588830833596715,2026-10
1030254,2026-11-01,0,30,1.0,1937.0,64.6,64.6,,,30.0,65.0,65.0,1937.0,30.0,30.0,monthly,1.0,0.0,4.168214410788556,2026-11
1030254,2026-12-01,1,30,0.968,1979.0,66.0,66.0,,,30.0,66.0,66.0,1979.0,30.0,30.0,monthly,0.968,-0.03252319170556006,4.189654742026425,2026-12
424767,2026-07-01,3,28,0.903,6526.0,233.2,233.1,22.0,36.0,30.0,233.0,233.0,6526.0,30.0,,monthly,0.903,-0.10203272556515161,5.4514675460417115,2026-07
424767,2026-08-01,23,8,0.258,1895.0,234.8,236.9,,,30.0,237.0,235.0,1895.0,30.0,,monthly,0.258,-1.3547956940605197,5.46763811116474,2026-08
38833,2026-07-01,0,31,1.0,10178.0,328.3,328.3,172.0,31.0,2.0,328.0,328.0,10178.0,2.0,,short_stay,1.0,0.0,5.793927824507547,2026-07
38833,2026-08-01,1,30,0.968,9942.0,330.7,331.4,204.0,30.0,2.0,331.0,331.0,9942.0,2.0,,short_stay,0.968,-0.03252319170556006,5.803326104992462,2026-08
29628,2026-07-01,5,26,0.839,5902.0,227.1,227.0,85.0,3.0,2.0,227.0,227.0,5902.0,2.0,,short_stay,0.839,-0.1755445725149309,5.424950017481403,2026-07
29628,2026-08-01,10,21,0.677,3779.0,191.3,180.0,165.0,8.0,2.0,180.0,191.0,3779.0,2.0,,short_stay,0.677,-0.390084006069862,5.19295685089021,2026-08
29628,2026-09-01,11,19,0.633,3566.0,198.5,187.7,160.0,3.0,2.0,188.0,199.0,3566.0,2.0,,short_stay,0.633,-0.45728485683796083,5.234844943592463,2026-09
29628,2026-10-01,8,23,0.742,4455.0,195.4,193.7,199.0,4.0,2.0,194.0,195.0,4455.0,2.0,,short_stay,0.742,-0.2984060358147566,5.2663105704129505,2026-10
29628,2026-11-01,19,11,0.367,2162.0,193.0,196.5,176.0,3.0,2.0,197.0,193.0,2162.0,2.0,,short_stay,0.367,-1.0023934309275668,5.280662431309316,2026-11
29628,2026-12-01,15,16,0.516,3144.0,195.5,196.5,210.0,6.0,2.0,197.0,196.0,3144.0,2.0,,short_stay,0.516,-0.6616485135005743,5.280662431309316,2026-12
29628,2027-01-01,28,3,0.097,583.0,186.0,194.3,,,2.0,194.0,186.0,583.0,2.0,,short_stay,0.097,-2.333044300478754,5.269403356383394,2027-01
12937,2026-07-01,14,17,0.548,4764.0,285.8,280.2,180.0,7.0,3.0,280.0,286.0,4764.0,1.0,,short_stay,0.548,-0.6014799920341214,5.635503633902907,2026-07
12937,2026-08-01,23,8,0.258,2183.0,279.1,272.9,200.0,8.0,3.0,273.0,279.0,2183.0,1.0,,short_stay,0.258,-1.3547956940605197,5.609105427714293,2026-08
12937,2026-09-01,15,15,0.5,3974.0,263.4,264.9,228.0,3.0,3.0,265.0,263.0,3974.0,1.0,,short_stay,0.5,-0.6931471805599453,5.579352396278024,2026-09
12937,2026-10-01,20,11,0.355,3242.0,283.1,294.7,218.0,3.0,3.0,295.0,283.0,3242.0,1.0,,short_stay,0.355,-1.0356374895067213,5.685957889743649,2026-10
12937,2026-12-01,19,12,0.387,2955.0,249.8,246.2,219.0,6.0,3.0,246.0,250.0,2955.0,1.0,,short_stay,0.387,-0.9493305859523552,5.506144213750353,2026-12
12937,2027-01-01,30,1,0.032,230.0,227.5,230.0,,,3.0,230.0,228.0,230.0,1.0,,short_stay,0.032,-3.4420193761824103,5.438079308923196,2027-01
850338,2026-07-01,0,31,1.0,4948.0,159.6,159.6,136.0,184.0,30.0,160.0,160.0,4948.0,30.0,30.0,monthly,1.0,0.0,5.072670685015709,2026-07
850338,2026-08-01,0,31,1.0,4992.0,161.0,161.0,,,30.0,161.0,161.0,4992.0,30.0,30.0,monthly,1.0,0.0,5.081404364984463,2026-08
850338,2026-09-01,0,30,1.0,4779.0,159.3,159.3,,,30.0,159.0,159.0,4779.0,30.0,30.0,monthly,1.0,0.0,5.070789216916003,2026-09
850338,2026-10-01,0,31,1.0,5025.0,162.1,162.1,,,30.0,162.0,162.0,5025.0,30.0,30.0,monthly,1.0,0.0,5.08821342874163,2026-10
850338,2026-11-01,0,30,1.0,4846.0,161.5,161.5,,,30.0,162.0,162.0,4846.0,30.0,30.0,monthly,1.0,0.0,5.084505142662711,2026-11
850338,2026-12-01,0,31,1.0,5078.0,163.8,163.8,,,30.0,164.0,164.0,5078.0,30.0,30.0,monthly,1.0,0.0,5.098646171418969,2026-12
536578,2026-07-01,0,31,1.0,1710.0,55.2,55.2,98.0,31.0,30.0,55.0,55.0,1710.0,30.0,30.0,monthly,1.0,0.0,4.01096295328305,2026-07
536578,2026-08-01,0,31,1.0,1629.0,52.5,52.5,,,30.0,53.0,53.0,1629.0,30.0,30.0,monthly,1.0,0.0,3.960813169597578,2026-08
536578,2026-09-01,29,1,0.033,51.0,54.1,51.0,,,30.0,51.0,54.0,51.0,30.0,30.0,monthly,0.033,-3.4112477175156566,3.9318256327243257,2026-09
536578,2026-12-01,12,19,0.613,919.0,48.7,48.4,193.0,21.0,30.0,48.0,49.0,919.0,30.0,30.0,monthly,0.613,-0.48939034304592566,3.879499813722586,2026-12
536578,2027-01-01,29,2,0.065,96.0,46.7,48.0,,,30.0,48.0,47.0,96.0,30.0,30.0,monthly,0.065,-2.7333680090865,3.871201010907891,2027-01
531455,2026-07-01,0,31,1.0,2979.0,96.1,96.1,,,31.0,96.0,96.0,2979.0,31.0,31.0,monthly,1.0,0.0,4.565389315976247,2026-07
531455,2026-08-01,1,30,0.968,2709.0,90.3,90.3,73.0,40.0,31.0,90.0,90.0,2709.0,31.0,31.0,monthly,0.968,-0.03252319170556006,4.5031374604229395,2026-08
531455,2026-09-01,0,30,1.0,2665.0,88.8,88.8,,,31.0,89.0,89.0,2665.0,31.0,31.0,monthly,1.0,0.0,4.486386649998124,2026-09
531455,2026-10-01,29,2,0.065,156.0,75.1,78.0,,,31.0,78.0,75.0,156.0,31.0,31.0,monthly,0.065,-2.7333680090865,4.356708826689592,2026-10
1313711,2026-07-01,25,6,0.194,1717.0,257.0,286.2,24.0,3.0,1.0,286.0,257.0,1717.0,1.0,1.0,short_stay,0.194,-1.6398971199188088,5.65669086712235,2026-07
1313711,2026-09-01,12,18,0.6,3859.0,212.1,214.4,69.0,18.0,1.0,214.0,212.0,3859.0,1.0,1.0,short_stay,0.6,-0.5108256237659907,5.367843429196647,2026-09
253332,2026-07-01,17,14,0.452,3260.0,216.2,232.9,134.0,14.0,3.0,233.0,216.0,3260.0,3.0,3.0,short_stay,0.452,-0.7940730991499059,5.450609176890295,2026-07
1354973,2026-07-01,8,23,0.742,8948.0,394.5,389.0,69.0,5.0,4.0,389.0,395.0,8948.0,1.0,5.0,short_stay,0.742,-0.2984060358147566,5.963579343618446,2026-07
1354973,2026-08-01,20,11,0.355,3093.0,279.2,281.2,155.0,5.0,5.0,281.0,279.0,3093.0,1.0,5.0,short_stay,0.355,-1.0356374895067213,5.63906615993651,2026-08
1354973,2026-09-01,2,28,0.933,7892.0,282.5,281.9,122.0,6.0,4.0,282.0,283.0,7892.0,1.0,5.0,short_stay,0.933,-0.06935007813479317,5.641552398120067,2026-09
1354973,2026-10-01,8,23,0.742,6236.0,270.8,271.1,129.0,4.0,4.0,271.0,271.0,6236.0,1.0,5.0,short_stay,0.742,-0.2984060358147566,5.60248775650462,2026-10
266449,2026-07-01,0,31,1.0,5759.0,185.8,185.8,166.0,38.0,60.0,186.0,186.0,5759.0,30.0,33.0,monthly,1.0,0.0,5.224670826379739,2026-07
266449,2026-08-01,19,12,0.387,2112.0,171.8,176.0,88.0,2.0,37.0,176.0,172.0,2112.0,30.0,33.0,monthly,0.387,-0.9493305859523552,5.170483995038151,2026-08
266449,2026-09-01,6,24,0.8,3902.0,163.3,162.6,92.0,75.0,30.0,163.0,163.0,3902.0,30.0,33.0,monthly,0.8,-0.2231435513142097,5.0912931971137105,2026-09
266449,2026-10-01,0,31,1.0,4971.0,160.4,160.4,,,30.0,160.0,160.0,4971.0,30.0,33.0,monthly,1.0,0.0,5.077670695432414,2026-10
266449,2026-11-01,10,20,0.667,3275.0,165.5,163.8,,,30.0,164.0,166.0,3275.0,30.0,33.0,monthly,0.667,-0.4049652330665133,5.098646171418969,2026-11
150804,2026-07-01,1,30,0.968,15953.0,531.9,531.8,241.0,10.0,4.0,532.0,532.0,15953.0,4.0,4.0,short_stay,0.968,-0.03252319170556006,6.276267478808919,2026-07
150804,2026-08-01,8,23,0.742,12092.0,525.0,525.7,159.0,8.0,4.0,526.0,525.0,12092.0,4.0,4.0,short_stay,0.742,-0.2984060358147566,6.264730707825403,2026-08
150804,2026-09-01,4,26,0.867,13262.0,510.8,510.1,158.0,6.0,4.0,510.0,511.0,13262.0,4.0,4.0,short_stay,0.867,-0.1427163022015952,6.234606784928881,2026-09
150804,2026-10-01,23,8,0.258,4354.0,536.1,544.2,265.0,7.0,4.0,544.0,536.0,4354.0,4.0,4.0,short_stay,0.258,-1.3547956940605197,6.299316826349146,2026-10
150804,2026-12-01,27,4,0.129,2120.0,529.4,530.0,225.0,4.0,4.0,530.0,529.0,2120.0,4.0,4.0,short_stay,0.129,-2.047942874620465,6.272877006546167,2026-12
528485,2026-07-01,0,31,1.0,2302.0,74.3,74.3,97.0,45.0,30.0,74.0,74.0,2302.0,30.0,30.0,monthly,1.0,0.0,4.308110951723713,2026-07
528485,2026-08-01,16,15,0.484,1122.0,75.4,74.8,69.0,1.0,30.0,75.0,75.0,1122.0,30.0,30.0,monthly,0.484,-0.7256703722655053,4.314817884980432,2026-08
1131804,2026-07-01,1,30,0.968,4839.0,160.5,161.3,85.0,27.0,30.0,161.0,161.0,4839.0,30.0,,monthly,0.968,-0.03252319170556006,5.083265985131163,2026-07
1131804,2026-08-01,7,24,0.774,4211.0,171.5,175.5,,,30.0,176.0,172.0,4211.0,30.0,,monthly,0.774,-0.2561834053924099,5.167639042905921,2026-08
1131804,2026-11-01,21,9,0.3,1498.0,166.8,166.4,234.0,30.0,30.0,166.0,167.0,1498.0,30.0,,monthly,0.3,-1.2039728043259361,5.114394528387108,2026-11
1131804,2026-12-01,10,21,0.677,3507.0,165.6,167.0,,,30.0,167.0,166.0,3507.0,30.0,,monthly,0.677,-0.390084006069862,5.117993812416755,2026-12
773041,2026-07-01,12,19,0.613,788.0,41.6,41.5,163.0,19.0,30.0,42.0,42.0,788.0,30.0,30.0,monthly,0.613,-0.48939034304592566,3.7256934272366524,2026-07
6872,2026-07-01,0,31,1.0,2344.0,75.6,75.6,19.0,62.0,30.0,76.0,76.0,2344.0,30.0,30.0,monthly,1.0,0.0,4.3254562831854875,2026-07
6872,2026-08-01,0,31,1.0,2339.0,75.5,75.5,,,30.0,76.0,76.0,2339.0,30.0,30.0,monthly,1.0,0.0,4.324132656254979,2026-08
473980,2026-07-01,14,17,0.548,2948.0,160.4,173.4,39.0,1.0,30.0,173.0,160.0,2948.0,30.0,30.0,monthly,0.548,-0.6014799920341214,5.155601064346442,2026-07
473980,2026-10-01,1,30,0.968,5490.0,183.2,183.0,111.0,30.0,30.0,183.0,183.0,5490.0,30.0,30.0,monthly,0.968,-0.03252319170556006,5.209486152841421,2026-10
473980,2026-11-01,26,4,0.133,664.0,180.2,166.0,168.0,30.0,30.0,166.0,180.0,664.0,30.0,30.0,monthly,0.133,-2.017406150760383,5.111987788356544,2026-11
473980,2026-12-01,5,26,0.839,4103.0,157.4,157.8,,,30.0,158.0,157.0,4103.0,30.0,30.0,monthly,0.839,-0.1755445725149309,5.061328408411774,2026-12
993576,2026-07-01,28,3,0.097,811.0,264.7,270.3,,,30.0,270.0,265.0,811.0,30.0,,monthly,0.097,-2.333044300478754,5.599532453282402,2026-07
314982,2026-07-01,30,1,0.032,116.0,111.2,116.0,94.0,1.0,30.0,116.0,111.0,116.0,30.0,,monthly,0.032,-3.4420193761824103,4.7535901911063645,2026-07
314982,2026-09-01,9,21,0.7,2073.0,99.8,98.7,195.0,88.0,30.0,99.0,100.0,2073.0,30.0,,monthly,0.7,-0.35667494393873245,4.592084946439436,2026-09
314982,2026-10-01,0,31,1.0,3060.0,98.7,98.7,,,30.0,99.0,99.0,3060.0,30.0,,monthly,1.0,0.0,4.592084946439436,2026-10
314982,2026-11-01,0,30,1.0,2972.0,99.1,99.1,,,30.0,99.0,99.0,2972.0,30.0,,monthly,1.0,0.0,4.596129441335942,2026-11
314982,2026-12-01,25,6,0.194,587.0,98.8,97.8,,,30.0,98.0,99.0,587.0,30.0,,monthly,0.194,-1.6398971199188088,4.582924577040772,2026-12
838070,2026-07-01,4,27,0.871,3896.0,144.7,144.3,80.0,8.0,30.0,144.0,145.0,3896.0,30.0,30.0,monthly,0.871,-0.13811330212963427,4.971894465779825,2026-07
838070,2026-08-01,0,31,1.0,4421.0,142.6,142.6,146.0,3.0,30.0,143.0,143.0,4421.0,30.0,30.0,monthly,1.0,0.0,4.960043507980195,2026-08
838070,2026-09-01,23,7,0.233,988.0,139.7,141.1,164.0,2.0,30.0,141.0,140.0,988.0,30.0,30.0,monthly,0.233,-1.4567168254164364,4.9494688588587685,2026-09
838070,2026-10-01,16,15,0.484,2178.0,147.2,145.2,147.0,15.0,30.0,145.0,147.0,2178.0,30.0,30.0,monthly,0.484,-0.7256703722655053,4.978112102390695,2026-10
52689,2026-07-01,2,29,0.935,6668.0,222.4,229.9,73.0,17.0,11.0,230.0,222.0,6668.0,1.0,5.0,short_stay,0.935,-0.06720874969344999,5.437644431769136,2026-07
52689,2026-08-01,2,29,0.935,3872.0,134.0,133.5,96.0,5.0,22.0,134.0,134.0,3872.0,1.0,5.0,short_stay,0.935,-0.06720874969344999,4.894101477840304,2026-08
52689,2026-09-01,6,24,0.8,6489.0,269.5,270.4,139.0,6.0,3.0,270.0,270.0,6489.0,1.0,5.0,short_stay,0.8,-0.2231435513142097,5.599902344168809,2026-09
1213745,2026-07-01,12,19,0.613,3366.0,177.6,177.2,31.0,30.0,30.0,177.0,178.0,3366.0,30.0,30.0,monthly,0.613,-0.48939034304592566,5.177279038170981,2026-07
1213745,2026-08-01,20,11,0.355,1945.0,179.6,176.8,,,30.0,177.0,180.0,1945.0,30.0,30.0,monthly,0.355,-1.0356374895067213,5.175019150203543,2026-08
1035120,2026-07-01,24,7,0.226,1087.0,147.3,155.3,55.0,7.0,30.0,155.0,147.0,1087.0,30.0,30.0,monthly,0.226,-1.487220279709851,5.045358730154642,2026-07
235960,2026-07-01,15,16,0.516,2918.0,185.9,182.4,48.0,3.0,30.0,182.0,186.0,2918.0,30.0,30.0,monthly,0.516,-0.6616485135005743,5.206202077640231,2026-07
235960,2026-08-01,28,3,0.097,546.0,182.3,182.0,65.0,1.0,30.0,182.0,182.0,546.0,30.0,30.0,monthly,0.097,-2.333044300478754,5.204006687076795,2026-08
235960,2026-09-01,29,1,0.033,183.0,183.8,183.0,84.0,1.0,30.0,183.0,184.0,183.0,30.0,30.0,monthly,0.033,-3.4112477175156566,5.209486152841421,2026-09
235960,2026-11-01,25,5,0.167,906.0,179.3,181.2,156.0,5.0,30.0,181.0,179.0,906.0,30.0,30.0,monthly,0.167,-1.7897614665653818,5.199601393608879,2026-11
45936,2026-07-01,1,30,0.968,2059.0,68.6,68.6,91.0,15.0,30.0,69.0,69.0,2059.0,30.0,30.0,monthly,0.968,-0.03252319170556006,4.22829253473184,2026-07
45936,2026-09-01,0,30,1.0,2095.0,69.8,69.8,135.0,112.0,30.0,70.0,70.0,2095.0,30.0,30.0,monthly,1.0,0.0,4.2456340097683265,2026-09
45936,2026-10-01,0,31,1.0,2153.0,69.5,69.5,,,30.0,70.0,70.0,2153.0,30.0,30.0,monthly,1.0,0.0,4.241326752570746,2026-10
45936,2026-11-01,0,30,1.0,2094.0,69.8,69.8,,,30.0,70.0,70.0,2094.0,30.0,30.0,monthly,1.0,0.0,4.2456340097683265,2026-11
45936,2026-12-01,10,21,0.677,1466.0,70.2,69.8,,,30.0,70.0,70.0,1466.0,30.0,30.0,monthly,0.677,-0.390084006069862,4.2456340097683265,2026-12
267376,2026-07-01,0,31,1.0,2877.0,92.8,92.8,49.0,39.0,30.0,93.0,93.0,2877.0,30.0,30.0,monthly,1.0,0.0,4.530446639792155,2026-07
267376,2026-08-01,23,8,0.258,747.0,92.6,93.4,,,30.0,93.0,93.0,747.0,30.0,30.0,monthly,0.258,-1.3547956940605197,4.536891345234797,2026-08
191610,2026-07-01,1,30,0.968,6386.0,212.8,212.9,12.0,25.0,2.0,213.0,213.0,6386.0,1.0,2.0,short_stay,0.968,-0.03252319170556006,5.360822571899434,2026-07
191610,2026-08-01,25,6,0.194,1231.0,210.6,205.2,36.0,6.0,2.0,205.0,211.0,1231.0,1.0,2.0,short_stay,0.194,-1.6398971199188088,5.323985113296614,2026-08
191610,2026-09-01,10,20,0.667,4575.0,230.3,228.8,80.0,6.0,2.0,229.0,230.0,4575.0,1.0,2.0,short_stay,0.667,-0.4049652330665133,5.432848259505643,2026-09
191610,2026-10-01,5,26,0.839,6070.0,237.6,233.5,108.0,10.0,2.0,234.0,238.0,6070.0,1.0,2.0,short_stay,0.839,-0.1755445725149309,5.453182077108952,2026-10
191610,2026-11-01,21,9,0.3,1948.0,217.8,216.4,153.0,11.0,2.0,216.0,218.0,1948.0,1.0,2.0,short_stay,0.3,-1.2039728043259361,5.377128546972327,2026-11
191610,2026-12-01,17,14,0.452,3190.0,223.2,227.9,,,2.0,228.0,223.0,3190.0,1.0,2.0,short_stay,0.452,-0.7940730991499059,5.4289069362516384,2026-12
958444,2026-07-01,5,26,0.839,2792.0,107.2,107.4,34.0,26.0,30.0,107.0,107.0,2792.0,30.0,30.0,monthly,0.839,-0.1755445725149309,4.676560182074764,2026-07
958444,2026-08-01,9,22,0.71,2333.0,105.9,106.0,58.0,11.0,30.0,106.0,106.0,2333.0,30.0,30.0,monthly,0.71,-0.342490308946776,4.663439094112067,2026-08
230877,2026-07-01,6,25,0.806,4599.0,183.7,184.0,118.0,16.0,30.0,184.0,184.0,4599.0,30.0,28.0,monthly,0.806,-0.2156715364755087,5.214935757608986,2026-07
230877,2026-08-01,23,8,0.258,1477.0,183.5,184.6,,,30.0,185.0,184.0,1477.0,30.0,28.0,monthly,0.258,-1.3547956940605197,5.218191322068752,2026-08
1100421,2026-07-01,3,28,0.903,6041.0,215.9,215.8,37.0,34.0,30.0,216.0,216.0,6041.0,30.0,,monthly,0.903,-0.10203272556515161,5.374352052824034,2026-07
1100421,2026-08-01,25,6,0.194,1295.0,203.9,215.8,,,30.0,216.0,204.0,1295.0,30.0,,monthly,0.194,-1.6398971199188088,5.374352052824034,2026-08
15385,2026-07-01,19,12,0.387,880.0,73.9,73.3,194.0,80.0,31.0,73.0,74.0,880.0,31.0,31.0,monthly,0.387,-0.9493305859523552,4.294560608892605,2026-07
15385,2026-08-01,0,31,1.0,2285.0,73.7,73.7,,,31.0,74.0,74.0,2285.0,31.0,31.0,monthly,1.0,0.0,4.300002799195291,2026-08
15385,2026-09-01,0,30,1.0,2196.0,73.2,73.2,,,31.0,73.0,73.0,2196.0,31.0,31.0,monthly,1.0,0.0,4.293195420967266,2026-09
15385,2026-10-01,0,31,1.0,2293.0,74.0,74.0,,,31.0,74.0,74.0,2293.0,31.0,31.0,monthly,1.0,0.0,4.30406509320417,2026-10
15385,2026-11-01,0,30,1.0,2227.0,74.2,74.2,,,31.0,74.0,74.0,2227.0,31.0,31.0,monthly,1.0,0.0,4.3067641501733345,2026-11
15385,2026-12-01,5,26,0.839,1904.0,72.6,73.2,,,31.0,73.0,73.0,1904.0,31.0,31.0,monthly,0.839,-0.1755445725149309,4.293195420967266,2026-12
945297,2026-07-01,4,27,0.871,3276.0,121.4,121.3,65.0,41.0,30.0,121.0,121.0,3276.0,30.0,30.0,monthly,0.871,-0.13811330212963427,4.798266815950004,2026-07
945297,2026-08-01,17,14,0.452,1694.0,123.6,121.0,,,30.0,121.0,124.0,1694.0,30.0,30.0,monthly,0.452,-0.7940730991499059,4.795790545596741,2026-08
945297,2027-01-01,19,12,0.387,1457.0,121.5,121.4,264.0,131.0,30.0,121.0,122.0,1457.0,30.0,30.0,monthly,0.387,-0.9493305859523552,4.799090878625398,2027-01
945297,2027-02-01,0,28,1.0,3498.0,124.9,124.9,,,30.0,125.0,125.0,3498.0,30.0,30.0,monthly,1.0,0.0,4.827513417131532,2027-02
945297,2027-03-01,0,31,1.0,3842.0,123.9,123.9,,,30.0,124.0,124.0,3842.0,30.0,30.0,monthly,1.0,0.0,4.819474788635096,2027-03
945297,2027-04-01,0,30,1.0,3676.0,122.5,122.5,,,30.0,123.0,123.0,3676.0,30.0,30.0,monthly,1.0,0.0,4.808111029984782,2027-04
945297,2027-05-01,1,30,0.968,3720.0,124.1,124.0,,,30.0,124.0,124.0,3720.0,30.0,30.0,monthly,0.968,-0.03252319170556006,4.820281565605037,2027-05
302705,2026-07-01,0,31,1.0,2729.0,88.0,88.0,97.0,122.0,30.0,88.0,88.0,2729.0,30.0,30.0,monthly,1.0,0.0,4.477336814478207,2026-07
302705,2026-08-01,0,31,1.0,2817.0,90.9,90.9,,,30.0,91.0,91.0,2817.0,30.0,30.0,monthly,1.0,0.0,4.509760001183433,2026-08
302705,2026-09-01,0,30,1.0,2724.0,90.8,90.8,,,30.0,91.0,91.0,2724.0,30.0,30.0,monthly,1.0,0.0,4.508659285607248,2026-09
302705,2026-10-01,1,30,0.968,2663.0,88.7,88.8,,,30.0,89.0,89.0,2663.0,30.0,30.0,monthly,0.968,-0.03252319170556006,4.486386649998124,2026-10
886808,2026-07-01,9,22,0.71,2255.0,101.1,102.5,86.0,3.0,1.0,103.0,101.0,2255.0,1.0,1.0,short_stay,0.71,-0.342490308946776,4.629862798578463,2026-07
886808,2026-08-01,2,29,0.935,3062.0,104.8,105.6,100.0,7.0,1.0,106.0,105.0,3062.0,1.0,1.0,short_stay,0.935,-0.06720874969344999,4.659658371272161,2026-08
886808,2026-09-01,6,24,0.8,2447.0,100.6,102.0,118.0,5.0,1.0,102.0,101.0,2447.0,1.0,1.0,short_stay,0.8,-0.2231435513142097,4.624972813284271,2026-09
886808,2026-10-01,17,14,0.452,1406.0,97.9,100.4,155.0,5.0,1.0,100.0,98.0,1406.0,1.0,1.0,short_stay,0.452,-0.7940730991499059,4.609162207257629,2026-10
886808,2026-11-01,26,4,0.133,393.0,96.1,98.2,174.0,3.0,1.0,98.0,96.0,393.0,1.0,1.0,short_stay,0.133,-2.017406150760383,4.58700621536042,2026-11
886808,2026-12-01,24,7,0.226,722.0,97.5,103.1,220.0,4.0,1.0,103.0,98.0,722.0,1.0,1.0,short_stay,0.226,-1.487220279709851,4.635699391022914,2026-12
886808,2027-01-01,30,1,0.032,104.0,93.9,104.0,,,1.0,104.0,94.0,104.0,1.0,1.0,short_stay,0.032,-3.4420193761824103,4.6443908991413725,2027-01
613528,2026-07-01,2,29,0.935,4232.0,145.7,145.9,235.0,4.0,3.0,146.0,146.0,4232.0,2.0,2.0,short_stay,0.935,-0.06720874969344999,4.98292145552874,2026-07
613528,2026-08-01,3,28,0.903,3941.0,140.8,140.8,231.0,6.0,2.0,141.0,141.0,3941.0,2.0,2.0,short_stay,0.903,-0.10203272556515161,4.9473404437239425,2026-08
613528,2026-09-01,2,28,0.933,4126.0,147.8,147.4,295.0,5.0,3.0,147.0,148.0,4126.0,2.0,2.0,short_stay,0.933,-0.06935007813479317,4.993149979755236,2026-09
613528,2026-10-01,2,29,0.935,4184.0,143.7,144.3,262.0,4.0,2.0,144.0,144.0,4184.0,2.0,2.0,short_stay,0.935,-0.06720874969344999,4.971894465779825,2026-10
613528,2026-11-01,3,27,0.9,4068.0,151.0,150.7,273.0,4.0,3.0,151.0,151.0,4068.0,2.0,2.0,short_stay,0.9,-0.10536051565782628,5.01529110563245,2026-11
613528,2026-12-01,3,28,0.903,4008.0,142.7,143.1,323.0,6.0,3.0,143.0,143.0,4008.0,2.0,2.0,short_stay,0.903,-0.10203272556515161,4.963543686562405,2026-12
613528,2027-01-01,18,13,0.419,1651.0,125.7,127.0,284.0,6.0,3.0,127.0,126.0,1651.0,2.0,2.0,short_stay,0.419,-0.8698843590599994,4.844187086458591,2027-01
613528,2027-02-01,19,9,0.321,1115.0,124.8,123.9,258.0,9.0,3.0,124.0,125.0,1115.0,2.0,2.0,short_stay,0.321,-1.1363141558521213,4.819474788635096,2027-02
783202,2026-07-01,15,16,0.516,6213.0,376.3,388.3,23.0,3.0,1.0,388.0,376.0,6213.0,1.0,,short_stay,0.516,-0.6616485135005743,5.961778236737621,2026-07
783202,2026-08-01,23,8,0.258,2865.0,346.6,358.1,47.0,8.0,1.0,358.0,347.0,2865.0,1.0,,short_stay,0.258,-1.3547956940605197,5.880812277004387,2026-08
12940,2026-07-01,4,27,0.871,3554.0,131.6,131.6,128.0,33.0,30.0,132.0,132.0,3554.0,30.0,30.0,monthly,0.871,-0.13811330212963427,4.879767018891217,2026-07
12940,2026-08-01,25,6,0.194,852.0,146.3,142.0,,,30.0,142.0,146.0,852.0,30.0,30.0,monthly,0.194,-1.6398971199188088,4.955827057601261,2026-08
12940,2026-09-01,29,1,0.033,130.0,128.5,130.0,125.0,3.0,30.0,130.0,129.0,130.0,30.0,30.0,monthly,0.033,-3.4112477175156566,4.867534450455582,2026-09
12940,2026-10-01,9,22,0.71,2874.0,129.9,130.6,196.0,10.0,30.0,131.0,130.0,2874.0,30.0,30.0,monthly,0.71,-0.342490308946776,4.8721392168423305,2026-10
148825,2026-07-01,0,31,1.0,4692.0,151.4,151.4,100.0,39.0,31.0,151.0,151.0,4692.0,31.0,31.0,monthly,1.0,0.0,5.019925341003349,2026-07
148825,2026-08-01,16,15,0.484,2201.0,147.2,146.7,107.0,126.0,31.0,147.0,147.0,2201.0,31.0,31.0,monthly,0.484,-0.7256703722655053,4.9883896851489355,2026-08
148825,2026-09-01,0,30,1.0,4390.0,146.3,146.3,,,31.0,146.0,146.0,4390.0,31.0,31.0,monthly,1.0,0.0,4.9856593080260785,2026-09
148825,2026-10-01,0,31,1.0,4541.0,146.5,146.5,,,31.0,147.0,147.0,4541.0,31.0,31.0,monthly,1.0,0.0,4.987025428457122,2026-10
148825,2026-11-01,0,30,1.0,4352.0,145.1,145.1,,,31.0,145.0,145.0,4352.0,31.0,31.0,monthly,1.0,0.0,4.977423159890142,2026-11
148825,2026-12-01,3,28,0.903,4250.0,152.0,151.8,,,31.0,152.0,152.0,4250.0,31.0,31.0,monthly,0.903,-0.10203272556515161,5.02256386496153,2026-12
1039984,2026-07-01,0,31,1.0,3900.0,125.8,125.8,39.0,75.0,30.0,126.0,126.0,3900.0,30.0,30.0,monthly,1.0,0.0,4.8346933442663405,2026-07
1039984,2026-08-01,0,31,1.0,3940.0,127.1,127.1,,,30.0,127.0,127.0,3940.0,30.0,30.0,monthly,1.0,0.0,4.844974178195408,2026-08
1039984,2026-09-01,17,13,0.433,1660.0,126.9,127.7,,,30.0,128.0,127.0,1660.0,30.0,30.0,monthly,0.433,-0.8370175509796473,4.8496837630384935,2026-09
9357,2026-07-01,0,31,1.0,4797.0,154.7,154.7,198.0,31.0,30.0,155.0,155.0,4797.0,30.0,30.0,monthly,1.0,0.0,5.04148775757902,2026-07
1026683,2026-07-01,8,23,0.742,2510.0,108.6,109.1,66.0,3.0,2.0,109.0,109.0,2510.0,2.0,2.0,short_stay,0.742,-0.2984060358147566,4.692264892839025,2026-07
1038802,2026-07-01,0,31,1.0,2720.0,87.7,87.7,,,30.0,88.0,88.0,2720.0,0.0,0.0,short_stay,1.0,0.0,4.473921899378137,2026-07
1038802,2026-08-01,0,31,1.0,2632.0,84.9,84.9,,,30.0,85.0,85.0,2632.0,0.0,0.0,short_stay,1.0,0.0,4.441474093317302,2026-08
1038802,2026-09-01,11,19,0.633,1558.0,81.9,82.0,,,30.0,82.0,82.0,1558.0,0.0,0.0,short_stay,0.633,-0.45728485683796083,4.406719247264253,2026-09
279857,2026-07-01,8,23,0.742,38019.0,1673.6,1653.0,210.0,4.0,3.0,1653.0,1674.0,38019.0,1.0,4.0,short_stay,0.742,-0.2984060358147566,7.410347097821024,2026-07
279857,2026-08-01,22,9,0.29,13234.0,1490.8,1470.4,228.0,4.0,3.0,1470.0,1491.0,13234.0,1.0,4.0,short_stay,0.29,-1.2378743560016174,7.293289751601423,2026-08
279857,2026-09-01,8,22,0.733,32449.0,1476.4,1475.0,200.0,5.0,3.0,1475.0,1476.0,32449.0,1.0,4.0,short_stay,0.733,-0.3106095770954856,7.29641326877392,2026-09
279857,2026-10-01,16,15,0.484,22389.0,1509.3,1492.6,231.0,4.0,4.0,1493.0,1509.0,22389.0,1.0,4.0,short_stay,0.484,-0.7256703722655053,7.308274844697287,2026-10
279857,2026-11-01,18,12,0.4,17415.0,1464.5,1451.2,316.0,3.0,4.0,1451.0,1465.0,17415.0,1.0,4.0,short_stay,0.4,-0.916290731874155,7.280146079360872,2026-11
279857,2026-12-01,15,16,0.516,23899.0,1488.4,1493.7,323.0,4.0,4.0,1494.0,1488.0,23899.0,1.0,4.0,short_stay,0.516,-0.6616485135005743,7.309011542316247,2026-12
279857,2027-01-01,27,4,0.129,6108.0,1536.0,1527.0,359.0,4.0,4.0,1527.0,1536.0,6108.0,1.0,4.0,short_stay,0.129,-2.047942874620465,7.3310603052186325,2027-01
279857,2027-02-01,13,15,0.536,22930.0,1540.3,1528.7,316.0,15.0,4.0,1529.0,1540.0,22930.0,1.0,4.0,short_stay,0.536,-0.623621117911335,7.332172980006988,2027-02
279857,2027-03-01,9,22,0.71,33867.0,1544.5,1539.4,343.0,11.0,4.0,1539.0,1545.0,33867.0,1.0,4.0,short_stay,0.71,-0.342490308946776,7.339148009100217,2027-03
279857,2027-04-01,19,11,0.367,16883.0,1544.7,1534.8,362.0,11.0,4.0,1535.0,1545.0,16883.0,1.0,4.0,short_stay,0.367,-1.0023934309275668,7.336155358372797,2027-04
279857,2027-05-01,20,11,0.355,16888.0,1537.8,1535.3,336.0,5.0,4.0,1535.0,1538.0,16888.0,1.0,4.0,short_stay,0.355,-1.0356374895067213,7.3364810806648535,2027-05
919830,2026-07-01,19,12,0.387,4992.0,415.0,416.0,210.0,6.0,30.0,416.0,415.0,4992.0,8.0,8.0,short_stay,0.387,-0.9493305859523552,6.030685260261263,2026-07
919830,2026-10-01,24,7,0.226,2876.0,408.0,410.9,119.0,3.0,30.0,411.0,408.0,2876.0,8.0,8.0,short_stay,0.226,-1.487220279709851,6.018349875889364,2026-10
1101035,2026-07-01,0,31,1.0,7218.0,232.8,232.8,61.0,18.0,40.0,233.0,233.0,7218.0,30.0,,monthly,1.0,0.0,5.450179715857283,2026-07
1101035,2026-08-01,23,8,0.258,1849.0,221.2,231.1,,,30.0,231.0,221.0,1849.0,30.0,,monthly,0.258,-1.3547956940605197,5.442850517280335,2026-08
82638,2026-07-01,7,24,0.774,4348.0,184.9,181.2,39.0,22.0,30.0,181.0,185.0,4348.0,30.0,30.0,monthly,0.774,-0.2561834053924099,5.199601393608879,2026-07
82638,2026-08-01,11,20,0.645,3512.0,180.1,175.6,,,30.0,176.0,180.0,3512.0,30.0,30.0,monthly,0.645,-0.43850496218636453,5.168208681201016,2026-08
49048,2026-07-01,0,31,1.0,2112.0,68.1,68.1,136.0,40.0,30.0,68.0,68.0,2112.0,30.0,30.0,monthly,1.0,0.0,4.220977213155467,2026-07
49048,2026-08-01,10,21,0.677,1534.0,73.2,73.0,96.0,273.0,30.0,73.0,73.0,1534.0,30.0,30.0,monthly,0.677,-0.390084006069862,4.290459441148391,2026-08
49048,2026-09-01,0,30,1.0,2314.0,77.1,77.1,,,30.0,77.0,77.0,2314.0,30.0,30.0,monthly,1.0,0.0,4.345103280569283,2026-09
49048,2026-10-01,0,31,1.0,2397.0,77.3,77.3,,,30.0,77.0,77.0,2397.0,30.0,30.0,monthly,1.0,0.0,4.3476939555933765,2026-10
49048,2026-11-01,0,30,1.0,2204.0,73.5,73.5,,,30.0,74.0,74.0,2204.0,30.0,30.0,monthly,1.0,0.0,4.297285406218791,2026-11
49048,2026-12-01,0,31,1.0,2267.0,73.1,73.1,,,30.0,73.0,73.0,2267.0,30.0,30.0,monthly,1.0,0.0,4.291828366755733,2026-12
49048,2027-01-01,0,31,1.0,2219.0,71.6,71.6,,,30.0,72.0,72.0,2219.0,30.0,30.0,monthly,1.0,0.0,4.2710950739666,2027-01
49048,2027-02-01,0,28,1.0,2007.0,71.7,71.7,,,30.0,72.0,72.0,2007.0,30.0,30.0,monthly,1.0,0.0,4.272490747605575,2027-02
49048,2027-03-01,0,31,1.0,2280.0,73.5,73.5,,,30.0,74.0,74.0,2280.0,30.0,30.0,monthly,1.0,0.0,4.297285406218791,2027-03
49048,2027-04-01,0,30,1.0,2202.0,73.4,73.4,,,30.0,73.0,73.0,2202.0,30.0,30.0,monthly,1.0,0.0,4.29592393562047,2027-04
49048,2027-05-01,12,19,0.613,1385.0,72.8,72.9,,,30.0,73.0,73.0,1385.0,30.0,30.0,monthly,0.613,-0.48939034304592566,4.289088639014612,2027-05
781865,2026-07-01,0,31,1.0,6091.0,196.5,196.5,34.0,39.0,30.0,197.0,197.0,6091.0,30.0,30.0,monthly,1.0,0.0,5.280662431309316,2026-07
781865,2026-08-01,23,8,0.258,1239.0,141.1,154.9,,,30.0,155.0,141.0,1239.0,30.0,30.0,monthly,0.258,-1.3547956940605197,5.042779747422823,2026-08
781865,2026-09-01,26,4,0.133,529.0,133.9,132.2,92.0,34.0,30.0,132.0,134.0,529.0,30.0,30.0,monthly,0.133,-2.017406150760383,4.884315927417586,2026-09
781865,2026-10-01,1,30,0.968,3884.0,129.2,129.5,,,30.0,130.0,129.0,3884.0,30.0,30.0,monthly,0.968,-0.03252319170556006,4.863680881139593,2026-10
826685,2026-08-01,23,8,0.258,407.0,52.2,50.9,94.0,68.0,30.0,51.0,52.0,407.0,30.0,30.0,monthly,0.258,-1.3547956940605197,3.929862923556477,2026-08
826685,2026-09-01,0,30,1.0,1551.0,51.7,51.7,,,30.0,52.0,52.0,1551.0,30.0,30.0,monthly,1.0,0.0,3.9454577815143836,2026-09
826685,2026-10-01,1,30,0.968,1550.0,51.6,51.7,,,30.0,52.0,52.0,1550.0,30.0,30.0,monthly,0.968,-0.03252319170556006,3.9454577815143836,2026-10
66251,2026-07-01,11,20,0.645,4747.0,236.6,237.3,86.0,6.0,30.0,237.0,237.0,4747.0,30.0,,monthly,0.645,-0.43850496218636453,5.4693251634417175,2026-07
249704,2026-07-01,11,20,0.645,2802.0,141.0,140.1,69.0,94.0,30.0,140.0,141.0,2802.0,30.0,30.0,monthly,0.645,-0.43850496218636453,4.942356453342962,2026-07
249704,2026-08-01,0,31,1.0,4428.0,142.8,142.8,,,30.0,143.0,143.0,4428.0,30.0,30.0,monthly,1.0,0.0,4.9614450499054845,2026-08
249704,2026-09-01,0,30,1.0,4306.0,143.5,143.5,,,30.0,144.0,144.0,4306.0,30.0,30.0,monthly,1.0,0.0,4.966335035199676,2026-09
249704,2026-10-01,0,31,1.0,4413.0,142.4,142.4,,,30.0,142.0,142.0,4413.0,30.0,30.0,monthly,1.0,0.0,4.958639998977875,2026-10
249704,2026-11-01,29,1,0.033,143.0,140.8,143.0,,,30.0,143.0,141.0,143.0,30.0,30.0,monthly,0.033,-3.4112477175156566,4.962844630259907,2026-11
31994,2026-07-01,8,23,0.742,3757.0,163.2,163.3,140.0,7.0,2.0,163.0,163.0,3757.0,2.0,3.0,short_stay,0.742,-0.2984060358147566,5.095588999976419,2026-07
31994,2026-08-01,17,14,0.452,2146.0,156.0,153.3,107.0,4.0,2.0,153.0,156.0,2146.0,2.0,3.0,short_stay,0.452,-0.7940730991499059,5.0323967858777685,2026-08
31994,2026-09-01,12,18,0.6,2781.0,158.1,154.5,145.0,4.0,2.0,155.0,158.0,2781.0,2.0,3.0,short_stay,0.6,-0.5108256237659907,5.0401940963378005,2026-09
31994,2026-10-01,16,15,0.484,2405.0,158.9,160.3,209.0,5.0,2.0,160.0,159.0,2405.0,2.0,3.0,short_stay,0.484,-0.7256703722655053,5.0770470596155075,2026-10
31994,2026-11-01,20,10,0.333,1529.0,150.8,152.9,154.0,7.0,2.0,153.0,151.0,1529.0,2.0,3.0,short_stay,0.333,-1.0996127890016931,5.029784112935016,2026-11
31994,2026-12-01,6,25,0.806,3825.0,153.0,153.0,316.0,14.0,2.0,153.0,153.0,3825.0,2.0,3.0,short_stay,0.806,-0.2156715364755087,5.030437921392435,2026-12
31994,2027-01-01,30,1,0.032,154.0,149.2,154.0,341.0,1.0,2.0,154.0,149.0,154.0,2.0,3.0,short_stay,0.032,-3.4420193761824103,5.0369526024136295,2027-01
658366,2026-07-01,0,31,1.0,5865.0,189.2,189.2,55.0,17.0,30.0,189.0,189.0,5865.0,30.0,30.0,monthly,1.0,0.0,5.2428046566177775,2026-07
658366,2026-08-01,28,3,0.097,593.0,200.2,197.7,,,30.0,198.0,200.0,593.0,30.0,30.0,monthly,0.097,-2.333044300478754,5.286750730176571,2026-08
60611,2026-07-01,28,3,0.097,440.0,142.7,146.7,19.0,3.0,30.0,147.0,143.0,440.0,30.0,30.0,monthly,0.097,-2.333044300478754,4.9883896851489355,2026-07
60611,2026-08-01,22,9,0.29,1309.0,146.0,145.4,56.0,9.0,30.0,145.0,146.0,1309.0,30.0,30.0,monthly,0.29,-1.2378743560016174,4.979488565099419,2026-08
1087215,2026-07-01,6,25,0.806,8024.0,320.3,321.0,,,30.0,321.0,320.0,8024.0,30.0,30.0,monthly,0.806,-0.2156715364755087,5.771441123130016,2026-07
1087215,2026-09-01,16,14,0.467,4494.0,319.1,321.0,94.0,31.0,30.0,321.0,319.0,4494.0,30.0,30.0,monthly,0.467,-0.7614260213132397,5.771441123130016,2026-09
1087215,2026-10-01,14,17,0.548,5512.0,323.7,324.2,,,30.0,324.0,324.0,5512.0,30.0,30.0,monthly,0.548,-0.6014799920341214,5.781360609301576,2026-10
263888,2026-07-01,9,22,0.71,5556.0,261.8,252.5,162.0,18.0,30.0,253.0,262.0,5556.0,-73.9756,-73.9756,short_stay,0.71,-0.342490308946776,5.531411248715415,2026-07
263888,2026-08-01,17,14,0.452,3886.0,279.9,277.6,,,30.0,278.0,280.0,3886.0,-73.9756,-73.9756,short_stay,0.452,-0.7940730991499059,5.62618122863265,2026-08
263888,2026-09-01,7,23,0.767,6397.0,279.8,278.1,127.0,47.0,30.0,278.0,280.0,6397.0,-73.9756,-73.9756,short_stay,0.767,-0.26526847761488087,5.627980761239919,2026-09
263888,2026-10-01,7,24,0.774,6635.0,277.4,276.5,,,30.0,277.0,277.0,6635.0,-73.9756,-73.9756,short_stay,0.774,-0.2561834053924099,5.6222108209623896,2026-10
6990,2026-07-01,17,14,0.452,1236.0,85.2,88.3,160.0,14.0,30.0,88.0,85.0,1236.0,30.0,30.0,monthly,0.452,-0.7940730991499059,4.480740107609915,2026-07
6990,2026-08-01,11,20,0.645,1658.0,82.8,82.9,112.0,116.0,30.0,83.0,83.0,1658.0,30.0,30.0,monthly,0.645,-0.43850496218636453,4.417635062141249,2026-08
6990,2026-09-01,0,30,1.0,2457.0,81.9,81.9,,,30.0,82.0,82.0,2457.0,30.0,30.0,monthly,1.0,0.0,4.405498990859024,2026-09
6990,2026-10-01,0,31,1.0,2500.0,80.6,80.6,,,30.0,81.0,81.0,2500.0,30.0,30.0,monthly,1.0,0.0,4.389498649512583,2026-10
6990,2026-11-01,0,30,1.0,2438.0,81.3,81.3,,,30.0,81.0,81.0,2438.0,30.0,30.0,monthly,1.0,0.0,4.398146016553765,2026-11
6990,2026-12-01,26,5,0.161,407.0,80.8,81.4,,,30.0,81.0,81.0,407.0,30.0,30.0,monthly,0.161,-1.8263509139976741,4.399375273008495,2026-12
16338,2026-07-01,0,31,1.0,1862.0,60.1,60.1,19.0,184.0,30.0,60.0,60.0,1862.0,30.0,,monthly,1.0,0.0,4.096009841541162,2026-07
16338,2026-08-01,0,31,1.0,1882.0,60.7,60.7,,,30.0,61.0,61.0,1882.0,30.0,,monthly,1.0,0.0,4.1059436980654525,2026-08
16338,2026-09-01,0,30,1.0,1784.0,59.5,59.5,,,30.0,60.0,60.0,1784.0,30.0,,monthly,1.0,0.0,4.085976312551584,2026-09
16338,2026-10-01,0,31,1.0,1767.0,57.0,57.0,,,30.0,57.0,57.0,1767.0,30.0,,monthly,1.0,0.0,4.04305126783455,2026-10
16338,2026-11-01,0,30,1.0,1721.0,57.4,57.4,,,30.0,57.0,57.0,1721.0,30.0,,monthly,1.0,0.0,4.050044303325521,2026-11
16338,2026-12-01,0,31,1.0,1771.0,57.1,57.1,,,30.0,57.0,57.0,1771.0,30.0,,monthly,1.0,0.0,4.044804116661965,2026-12
540057,2026-07-01,0,31,1.0,4562.0,147.2,147.2,82.0,46.0,30.0,147.0,147.0,4562.0,30.0,30.0,monthly,1.0,0.0,4.991792206294776,2026-07
540057,2026-08-01,16,15,0.484,2184.0,144.8,145.6,,,30.0,146.0,145.0,2184.0,30.0,30.0,monthly,0.484,-0.7256703722655053,4.980863135762585,2026-08
281851,2026-07-01,0,31,1.0,3538.0,114.1,114.1,25.0,31.0,30.0,114.0,114.0,3538.0,30.0,,monthly,1.0,0.0,4.73707525686803,2026-07
433414,2026-07-01,13,18,0.581,2737.0,151.7,152.1,109.0,18.0,30.0,152.0,152.0,2737.0,30.0,30.0,monthly,0.581,-0.5430045221302259,5.024538199265247,2026-07
433414,2026-08-01,0,31,1.0,4686.0,151.2,151.2,101.0,57.0,30.0,151.0,151.0,4686.0,30.0,30.0,monthly,1.0,0.0,5.018603463745433,2026-08
433414,2026-09-01,4,26,0.867,4036.0,155.1,155.2,,,30.0,155.0,155.0,4036.0,30.0,30.0,monthly,0.867,-0.1427163022015952,5.0447146077491185,2026-09
433414,2026-10-01,17,14,0.452,2145.0,152.9,153.2,176.0,18.0,30.0,153.0,153.0,2145.0,30.0,30.0,monthly,0.452,-0.7940730991499059,5.0317442573064906,2026-10
433414,2026-11-01,7,23,0.767,3490.0,152.5,151.7,,,30.0,152.0,153.0,3490.0,30.0,30.0,monthly,0.767,-0.26526847761488087,5.021904886354487,2026-11
552639,2026-07-01,3,28,0.903,7861.0,281.3,280.8,229.0,4.0,2.0,281.0,281.0,7861.0,2.0,3.0,short_stay,0.903,-0.10203272556515161,5.637642672151656,2026-07
552639,2026-08-01,3,28,0.903,7274.0,258.0,259.8,193.0,5.0,2.0,260.0,258.0,7274.0,2.0,3.0,short_stay,0.903,-0.10203272556515161,5.559912104236499,2026-08
552639,2026-09-01,6,24,0.8,6499.0,269.1,270.8,225.0,4.0,3.0,271.0,269.0,6499.0,2.0,3.0,short_stay,0.8,-0.2231435513142097,5.60138054103812,2026-09
552639,2026-10-01,4,27,0.871,7378.0,274.2,273.3,311.0,4.0,3.0,273.0,274.0,7378.0,2.0,3.0,short_stay,0.871,-0.13811330212963427,5.610570092934022,2026-10
552639,2026-11-01,13,17,0.567,4838.0,286.4,284.6,264.0,5.0,3.0,285.0,286.0,4838.0,2.0,3.0,short_stay,0.567,-0.5673959752543851,5.651084685655752,2026-11
552639,2026-12-01,3,28,0.903,7597.0,270.9,271.3,339.0,6.0,2.0,271.0,271.0,7597.0,2.0,3.0,short_stay,0.903,-0.10203272556515161,5.603225219664886,2026-12
552639,2027-01-01,28,3,0.097,708.0,224.8,236.0,286.0,1.0,3.0,236.0,225.0,708.0,2.0,3.0,short_stay,0.097,-2.333044300478754,5.4638318050256105,2027-01
552639,2027-02-01,23,5,0.179,1133.0,224.3,226.6,287.0,5.0,3.0,227.0,224.0,1133.0,2.0,3.0,short_stay,0.179,-1.720369473141382,5.423186348593906,2027-02
552639,2027-04-01,23,7,0.233,2026.0,297.1,289.4,336.0,9.0,3.0,289.0,297.0,2026.0,2.0,3.0,short_stay,0.233,-1.4567168254164364,5.667809814197383,2027-04
552639,2027-05-01,16,15,0.484,4228.0,279.0,281.9,345.0,4.0,3.0,282.0,279.0,4228.0,2.0,3.0,short_stay,0.484,-0.7256703722655053,5.641552398120067,2027-05
552639,2027-06-01,1,29,0.967,8022.0,276.7,276.6,360.0,29.0,3.0,277.0,277.0,8022.0,2.0,3.0,short_stay,0.967,-0.033556783528842754,5.622572419230658,2027-06
848718,2026-09-01,11,19,0.633,4318.0,230.2,227.3,114.0,9.0,4.0,227.0,230.0,4318.0,4.0,4.0,short_stay,0.633,-0.45728485683796083,5.426270730858498,2026-09
848718,2026-10-01,24,7,0.226,1676.0,237.5,239.4,140.0,7.0,4.0,239.0,238.0,1676.0,4.0,4.0,short_stay,0.226,-1.487220279709851,5.478135793123873,2026-10
848718,2026-11-01,22,8,0.267,1962.0,244.1,245.2,242.0,12.0,4.0,245.0,244.0,1962.0,4.0,4.0,short_stay,0.267,-1.3205066205818874,5.5020742040620565,2026-11
848718,2026-12-01,27,4,0.129,987.0,235.4,246.8,,,4.0,247.0,235.0,987.0,4.0,4.0,short_stay,0.129,-2.047942874620465,5.508578292031233,2026-12
253800,2026-07-01,29,2,0.065,1276.0,555.1,638.0,16.0,2.0,1.0,638.0,555.0,1276.0,1.0,1.0,short_stay,0.065,-2.7333680090865,6.45833828334479,2026-07
136493,2026-07-01,5,26,0.839,10215.0,394.0,392.9,57.0,5.0,3.0,393.0,394.0,10215.0,3.0,663384.0,short_stay,0.839,-0.1755445725149309,5.973555126564414,2026-07
136493,2026-08-01,11,20,0.645,8487.0,423.6,424.4,45.0,10.0,3.0,424.0,424.0,8487.0,3.0,663384.0,short_stay,0.645,-0.43850496218636453,6.050676406739828,2026-08
136493,2026-09-01,27,3,0.1,1278.0,416.9,426.0,99.0,3.0,3.0,426.0,417.0,1278.0,3.0,663384.0,short_stay,0.1,-2.3025850929940455,6.054439346269371,2026-09
1278784,2026-07-01,0,31,1.0,2154.0,69.5,69.5,,,30.0,70.0,70.0,2154.0,30.0,30.0,monthly,1.0,0.0,4.241326752570746,2026-07
1278784,2026-08-01,9,22,0.71,1369.0,62.7,62.2,94.0,8.0,30.0,62.0,63.0,1369.0,30.0,30.0,monthly,0.71,-0.342490308946776,4.130354999745133,2026-08
1278784,2026-10-01,11,20,0.645,1306.0,64.5,65.3,166.0,16.0,30.0,65.0,65.0,1306.0,30.0,30.0,monthly,0.645,-0.43850496218636453,4.178992036282385,2026-10
1278784,2026-11-01,18,12,0.4,805.0,69.1,67.1,,,30.0,67.0,69.0,805.0,30.0,30.0,monthly,0.4,-0.916290731874155,4.206184043977636,2026-11
417685,2026-07-01,1,30,0.968,5015.0,167.6,167.2,204.0,1.0,30.0,167.0,168.0,5015.0,30.0,-73.9778,monthly,0.968,-0.03252319170556006,5.119190700650601,2026-07
417685,2026-08-01,0,31,1.0,5440.0,175.5,175.5,117.0,15.0,30.0,176.0,176.0,5440.0,30.0,-73.9778,monthly,1.0,0.0,5.167639042905921,2026-08
417685,2026-09-01,11,19,0.633,3268.0,172.3,172.0,106.0,47.0,30.0,172.0,172.0,3268.0,30.0,-73.9778,monthly,0.633,-0.45728485683796083,5.147494476813453,2026-09
417685,2026-10-01,2,29,0.935,5076.0,174.8,175.0,201.0,30.0,30.0,175.0,175.0,5076.0,30.0,-73.9778,monthly,0.935,-0.06720874969344999,5.1647859739235145,2026-10
417685,2026-11-01,0,30,1.0,5073.0,169.1,169.1,185.0,1.0,30.0,169.0,169.0,5073.0,30.0,-73.9778,monthly,1.0,0.0,5.130490255904535,2026-11
417685,2026-12-01,0,31,1.0,5212.0,168.1,168.1,157.0,90.0,30.0,168.0,168.0,5212.0,30.0,-73.9778,monthly,1.0,0.0,5.12455904041457,2026-12
417685,2027-01-01,0,31,1.0,5297.0,170.9,170.9,,,30.0,171.0,171.0,5297.0,30.0,-73.9778,monthly,1.0,0.0,5.141078590121546,2027-01
417685,2027-02-01,0,28,1.0,4678.0,167.1,167.1,,,30.0,167.0,167.0,4678.0,30.0,-73.9778,monthly,1.0,0.0,5.118592435601348,2027-02
213330,2026-07-01,14,17,0.548,4625.0,266.4,272.1,91.0,5.0,4.0,272.0,266.0,4625.0,4.0,,short_stay,0.548,-0.6014799920341214,5.6061696457892,2026-07
213330,2026-08-01,17,14,0.452,3714.0,260.1,265.3,104.0,8.0,4.0,265.0,260.0,3714.0,4.0,,short_stay,0.452,-0.7940730991499059,5.580861261143694,2026-08
213330,2026-09-01,12,18,0.6,5206.0,289.2,289.2,141.0,5.0,4.0,289.0,289.0,5206.0,4.0,,short_stay,0.6,-0.5108256237659907,5.66711849028461,2026-09
213330,2026-10-01,11,20,0.645,5783.0,299.2,289.1,185.0,6.0,4.0,289.0,299.0,5783.0,4.0,,short_stay,0.645,-0.43850496218636453,5.666772649022301,2026-10
7097,2026-07-01,0,31,1.0,7143.0,230.4,230.4,130.0,242.0,30.0,230.0,230.0,7143.0,30.0,7.0,monthly,1.0,0.0,5.439816928821736,2026-07
7097,2026-08-01,0,31,1.0,7143.0,230.4,230.4,,,30.0,230.0,230.0,7143.0,30.0,7.0,monthly,1.0,0.0,5.439816928821736,2026-08
7097,2026-09-01,0,30,1.0,6912.0,230.4,230.4,,,30.0,230.0,230.0,6912.0,30.0,7.0,monthly,1.0,0.0,5.439816928821736,2026-09
7097,2026-10-01,0,31,1.0,7173.0,231.4,231.4,,,30.0,231.0,231.0,7173.0,30.0,7.0,monthly,1.0,0.0,5.444147814759576,2026-10
7097,2026-11-01,0,30,1.0,6977.0,232.6,232.6,,,30.0,233.0,233.0,6977.0,30.0,7.0,monthly,1.0,0.0,5.449320240084564,2026-11
7097,2026-12-01,0,31,1.0,7199.0,232.2,232.2,,,30.0,232.0,232.0,7199.0,30.0,7.0,monthly,1.0,0.0,5.4475990692637914,2026-12
7097,2027-01-01,0,31,1.0,7166.0,231.2,231.2,,,30.0,231.0,231.0,7166.0,30.0,7.0,monthly,1.0,0.0,5.443283136798223,2027-01
7097,2027-02-01,1,27,0.964,6276.0,233.0,232.4,,,30.0,232.0,233.0,6276.0,30.0,7.0,monthly,0.964,-0.03666398437159147,5.448460024977757,2027-02
1117706,2026-07-01,0,31,1.0,5186.0,167.3,167.3,145.0,52.0,30.0,167.0,167.0,5186.0,30.0,30.0,monthly,1.0,0.0,5.119788607992779,2026-07
1117706,2026-08-01,0,31,1.0,5204.0,167.9,167.9,107.0,72.0,30.0,168.0,168.0,5204.0,30.0,30.0,monthly,1.0,0.0,5.123368564083496,2026-08
1117706,2026-09-01,0,30,1.0,4972.0,165.7,165.7,,,30.0,166.0,166.0,4972.0,30.0,30.0,monthly,1.0,0.0,5.1101789244325175,2026-09
1117706,2026-10-01,0,31,1.0,5161.0,166.5,166.5,,,30.0,167.0,167.0,5161.0,30.0,30.0,monthly,1.0,0.0,5.1149953094204985,2026-10
1117706,2026-11-01,29,1,0.033,162.0,164.1,162.0,,,30.0,162.0,164.0,162.0,30.0,30.0,monthly,0.033,-3.4112477175156566,5.087596335232384,2026-11
1117706,2027-02-01,26,2,0.071,315.0,158.8,157.5,259.0,34.0,30.0,158.0,159.0,315.0,30.0,30.0,monthly,0.071,-2.645075401940822,5.059425458265688,2027-02
1117706,2027-03-01,0,31,1.0,4964.0,160.1,160.1,,,30.0,160.0,160.0,4964.0,30.0,30.0,monthly,1.0,0.0,5.075798620002669,2027-03
1117706,2027-04-01,29,1,0.033,160.0,162.3,160.0,,,30.0,160.0,162.0,160.0,30.0,30.0,monthly,0.033,-3.4112477175156566,5.075173815233827,2027-04
825129,2026-07-01,0,31,1.0,2725.0,87.9,87.9,163.0,33.0,31.0,88.0,88.0,2725.0,30.0,1490833.0,monthly,1.0,0.0,4.476199804691132,2026-07
825129,2026-08-01,29,2,0.065,169.0,84.1,84.5,,,31.0,85.0,84.0,169.0,30.0,1490833.0,monthly,0.065,-2.7333680090865,4.436751534363128,2026-08
825129,2026-09-01,1,29,0.967,2448.0,84.4,84.4,136.0,99.0,31.0,84.0,84.0,2448.0,30.0,1490833.0,monthly,0.967,-0.033556783528842754,4.4355674016019115,2026-09
825129,2026-10-01,0,31,1.0,2629.0,84.8,84.8,,,31.0,85.0,85.0,2629.0,30.0,1490833.0,monthly,1.0,0.0,4.440295542797857,2026-10
825129,2026-11-01,0,30,1.0,2497.0,83.2,83.2,,,31.0,83.0,83.0,2497.0,30.0,1490833.0,monthly,1.0,0.0,4.421247347827163,2026-11
825129,2026-12-01,22,9,0.29,756.0,84.6,84.0,,,31.0,84.0,85.0,756.0,30.0,1490833.0,monthly,0.29,-1.2378743560016174,4.430816798843313,2026-12
938022,2026-07-01,28,3,0.097,1085.0,296.5,361.7,91.0,3.0,3.0,362.0,297.0,1085.0,3.0,6.0,short_stay,0.097,-2.333044300478754,5.890815138958052,2026-07
1549413,2026-07-01,21,10,0.323,1057.0,107.7,105.7,40.0,51.0,31.0,106.0,108.0,1057.0,31.0,,monthly,0.323,-1.1301029557594804,4.660604892876192,2026-07
1549413,2026-08-01,0,31,1.0,3377.0,108.9,108.9,,,31.0,109.0,109.0,3377.0,31.0,,monthly,1.0,0.0,4.690430029938915,2026-08
1549413,2026-09-01,3,27,0.9,2901.0,107.4,107.4,94.0,91.0,31.0,107.0,107.0,2901.0,31.0,,monthly,0.9,-0.10536051565782628,4.676560182074764,2026-09
1549413,2026-10-01,0,31,1.0,3385.0,109.2,109.2,,,31.0,109.0,109.0,3385.0,31.0,,monthly,1.0,0.0,4.693181063310805,2026-10
1549413,2026-11-01,0,30,1.0,3335.0,111.2,111.2,,,31.0,111.0,111.0,3335.0,31.0,,monthly,1.0,0.0,4.711330381816482,2026-11
1549413,2026-12-01,18,13,0.419,1480.0,110.2,113.8,,,31.0,114.0,110.0,1480.0,31.0,,monthly,0.419,-0.8698843590599994,4.73444252169223,2026-12
1549413,2027-02-01,3,25,0.893,2565.0,102.5,102.6,238.0,29.0,31.0,103.0,103.0,2565.0,31.0,,monthly,0.893,-0.11316869810563798,4.630837932736669,2027-02
1549413,2027-03-01,0,31,1.0,3184.0,102.7,102.7,,,31.0,103.0,103.0,3184.0,31.0,,monthly,1.0,0.0,4.631812116934513,2027-03
1549413,2027-04-01,27,3,0.1,300.0,103.0,100.0,296.0,1.0,31.0,100.0,103.0,300.0,31.0,,monthly,0.1,-2.3025850929940455,4.605170185988092,2027-04
828616,2026-07-01,18,13,0.419,1200.0,92.5,92.3,16.0,1.0,30.0,92.0,93.0,1200.0,30.0,30.0,monthly,0.419,-0.8698843590599994,4.525044141508807,2026-07
828616,2026-08-01,30,1,0.032,91.0,92.5,91.0,65.0,151.0,30.0,91.0,93.0,91.0,30.0,30.0,monthly,0.032,-3.4420193761824103,4.51085950651685,2026-08
828616,2026-09-01,0,30,1.0,2749.0,91.6,91.6,,,30.0,92.0,92.0,2749.0,30.0,30.0,monthly,1.0,0.0,4.517431271680085,2026-09
828616,2026-10-01,0,31,1.0,2807.0,90.5,90.5,,,30.0,91.0,91.0,2807.0,30.0,30.0,monthly,1.0,0.0,4.505349850705881,2026-10
828616,2026-11-01,0,30,1.0,2711.0,90.4,90.4,,,30.0,90.0,90.0,2711.0,30.0,30.0,monthly,1.0,0.0,4.504244267398131,2026-11
828616,2026-12-01,0,31,1.0,2809.0,90.6,90.6,,,30.0,91.0,91.0,2809.0,30.0,30.0,monthly,1.0,0.0,4.506454213048934,2026-12
828616,2027-01-01,3,28,0.903,2518.0,90.3,89.9,,,30.0,90.0,90.0,2518.0,30.0,30.0,monthly,0.903,-0.10203272556515161,4.498697941477575,2027-01
1533652,2026-07-01,0,31,1.0,5092.0,164.3,164.3,73.0,31.0,30.0,164.0,164.0,5092.0,30.0,30.0,monthly,1.0,0.0,5.101694025043223,2026-07
1533652,2026-08-01,0,31,1.0,4554.0,146.9,146.9,,,30.0,147.0,147.0,4554.0,30.0,30.0,monthly,1.0,0.0,4.989752083179832,2026-08
1533652,2026-09-01,21,9,0.3,1418.0,149.9,157.6,111.0,77.0,30.0,158.0,150.0,1418.0,30.0,30.0,monthly,0.3,-1.2039728043259361,5.060060177423779,2026-09
1533652,2026-10-01,0,31,1.0,4713.0,152.0,152.0,,,30.0,152.0,152.0,4713.0,30.0,30.0,monthly,1.0,0.0,5.0238805208462765,2026-10
1533652,2026-11-01,0,30,1.0,4568.0,152.3,152.3,,,30.0,152.0,152.0,4568.0,30.0,30.0,monthly,1.0,0.0,5.025852259901116,2026-11
1533652,2026-12-01,24,7,0.226,1070.0,152.1,152.9,,,30.0,153.0,152.0,1070.0,30.0,30.0,monthly,0.226,-1.487220279709851,5.029784112935016,2026-12
543792,2026-07-01,0,31,1.0,3269.0,105.5,105.5,120.0,62.0,30.0,106.0,106.0,3269.0,30.0,30.0,monthly,1.0,0.0,4.658710952916121,2026-07
543792,2026-08-01,0,31,1.0,3322.0,107.2,107.2,,,30.0,107.0,107.0,3322.0,30.0,30.0,monthly,1.0,0.0,4.674696248636701,2026-08
543792,2026-09-01,0,30,1.0,3024.0,100.8,100.8,153.0,33.0,30.0,101.0,101.0,3024.0,30.0,30.0,monthly,1.0,0.0,4.613138355637268,2026-09
543792,2026-10-01,9,22,0.71,2271.0,103.3,103.2,155.0,9.0,30.0,103.0,103.0,2271.0,30.0,30.0,monthly,0.71,-0.342490308946776,4.636668853047462,2026-10
75635,2026-07-01,16,15,0.484,2118.0,142.7,141.2,303.0,15.0,30.0,141.0,143.0,2118.0,30.0,30.0,monthly,0.484,-0.7256703722655053,4.950177325059141,2026-07
75635,2026-08-01,0,31,1.0,4276.0,137.9,137.9,136.0,15.0,30.0,138.0,138.0,4276.0,30.0,30.0,monthly,1.0,0.0,4.926528784799256,2026-08
75635,2026-09-01,2,28,0.933,3987.0,142.0,142.4,91.0,35.0,30.0,142.0,142.0,3987.0,30.0,30.0,monthly,0.933,-0.06935007813479317,4.958639998977875,2026-09
75635,2026-10-01,24,7,0.226,973.0,137.9,139.0,,,30.0,139.0,138.0,973.0,30.0,30.0,monthly,0.226,-1.487220279709851,4.9344739331306915,2026-10
75635,2026-12-01,5,26,0.839,3614.0,139.0,139.0,219.0,33.0,30.0,139.0,139.0,3614.0,30.0,30.0,monthly,0.839,-0.1755445725149309,4.9344739331306915,2026-12
75635,2027-01-01,24,7,0.226,974.0,138.7,139.1,,,30.0,139.0,139.0,974.0,30.0,30.0,monthly,0.226,-1.487220279709851,4.935193098929397,2027-01
152263,2026-07-01,10,21,0.677,7389.0,351.9,351.9,129.0,7.0,2.0,352.0,352.0,7389.0,2.0,2.0,short_stay,0.677,-0.390084006069862,5.863347044327539,2026-07
152263,2026-09-01,23,7,0.233,2431.0,345.5,347.3,154.0,7.0,2.0,347.0,346.0,2431.0,2.0,2.0,short_stay,0.233,-1.4567168254164364,5.850188959750028,2026-09
152263,2026-12-01,27,4,0.129,1339.0,342.4,334.8,193.0,4.0,2.0,335.0,342.0,1339.0,2.0,2.0,short_stay,0.129,-2.047942874620465,5.81353333861532,2026-12
318021,2026-07-01,27,4,0.129,201.0,49.5,50.2,,,30.0,50.0,50.0,201.0,30.0,30.0,monthly,0.129,-2.047942874620465,3.9160150266976834,2026-07
318021,2026-08-01,16,15,0.484,678.0,46.0,45.2,288.0,45.0,30.0,45.0,46.0,678.0,30.0,30.0,monthly,0.484,-0.7256703722655053,3.8110970868381857,2026-08
318021,2026-09-01,0,30,1.0,1421.0,47.4,47.4,,,30.0,47.0,47.0,1421.0,30.0,30.0,monthly,1.0,0.0,3.858622228701031,2026-09
318021,2026-10-01,14,17,0.548,799.0,46.9,47.0,325.0,8.0,30.0,47.0,47.0,799.0,30.0,30.0,monthly,0.548,-0.6014799920341214,3.8501476017100584,2026-10
318021,2026-11-01,2,28,0.933,1307.0,46.7,46.7,373.0,14.0,30.0,47.0,47.0,1307.0,30.0,30.0,monthly,0.933,-0.06935007813479317,3.8437441646748516,2026-11
318021,2026-12-01,29,2,0.065,99.0,50.6,49.5,295.0,2.0,30.0,50.0,51.0,99.0,30.0,30.0,monthly,0.065,-2.7333680090865,3.901972669574645,2026-12
318021,2027-04-01,0,30,1.0,1464.0,48.8,48.8,301.0,60.0,30.0,49.0,49.0,1464.0,30.0,30.0,monthly,1.0,0.0,3.8877303128591016,2027-04
318021,2027-05-01,1,30,0.968,1481.0,49.4,49.4,,,30.0,49.0,49.0,1481.0,30.0,30.0,monthly,0.968,-0.03252319170556006,3.899950424193877,2027-05
513343,2026-07-01,0,31,1.0,3476.0,112.1,112.1,19.0,39.0,30.0,112.0,112.0,3476.0,30.0,30.0,monthly,1.0,0.0,4.719391330078114,2026-07
513343,2026-08-01,14,17,0.548,1925.0,114.3,113.2,72.0,42.0,30.0,113.0,114.0,1925.0,30.0,30.0,monthly,0.548,-0.6014799920341214,4.729156165769083,2026-08
513343,2026-09-01,0,30,1.0,3315.0,110.5,110.5,,,30.0,111.0,111.0,3315.0,30.0,30.0,monthly,1.0,0.0,4.705015520957808,2026-09
513343,2026-10-01,28,3,0.097,323.0,106.3,107.7,,,30.0,108.0,106.0,323.0,30.0,30.0,monthly,0.097,-2.333044300478754,4.679349584162343,2026-10
225976,2026-08-01,25,6,0.194,439.0,74.6,73.2,237.0,131.0,30.0,73.0,75.0,439.0,30.0,30.0,monthly,0.194,-1.6398971199188088,4.293195420967266,2026-08
225976,2026-09-01,0,30,1.0,2325.0,77.5,77.5,,,30.0,78.0,78.0,2325.0,30.0,30.0,monthly,1.0,0.0,4.350277936359301,2026-09
225976,2026-10-01,0,31,1.0,2467.0,79.6,79.6,,,30.0,80.0,80.0,2467.0,30.0,30.0,monthly,1.0,0.0,4.377014092850337,2026-10
225976,2026-11-01,0,30,1.0,2321.0,77.4,77.4,,,30.0,77.0,77.0,2321.0,30.0,30.0,monthly,1.0,0.0,4.3489867805956814,2026-11
225976,2026-12-01,0,31,1.0,2357.0,76.0,76.0,,,30.0,76.0,76.0,2357.0,30.0,30.0,monthly,1.0,0.0,4.330733340286331,2026-12
225976,2027-01-01,28,3,0.097,229.0,75.9,76.3,,,30.0,76.0,76.0,229.0,30.0,30.0,monthly,0.097,-2.333044300478754,4.334672938290411,2027-01
690603,2026-07-01,12,19,0.613,3484.0,180.9,183.4,28.0,34.0,30.0,183.0,181.0,3484.0,30.0,30.0,monthly,0.613,-0.48939034304592566,5.211669559822364,2026-07
690603,2026-08-01,16,15,0.484,2932.0,195.2,195.5,,,30.0,196.0,195.0,2932.0,30.0,30.0,monthly,0.484,-0.7256703722655053,5.27556037942542,2026-08
896535,2026-07-01,0,31,1.0,4988.0,160.9,160.9,,,31.0,161.0,161.0,4988.0,31.0,31.0,monthly,1.0,0.0,5.080783053998338,2026-07
896535,2026-08-01,21,10,0.323,1543.0,154.6,154.3,157.0,14.0,31.0,154.0,155.0,1543.0,31.0,31.0,monthly,0.323,-1.1301029557594804,5.038898759369115,2026-08
896535,2026-09-01,18,12,0.4,1930.0,160.7,160.8,,,31.0,161.0,161.0,1930.0,31.0,31.0,monthly,0.4,-0.916290731874155,5.080161356744866,2026-09
896535,2026-10-01,12,19,0.613,2899.0,153.9,152.6,201.0,38.0,31.0,153.0,154.0,2899.0,31.0,31.0,monthly,0.613,-0.48939034304592566,5.027820118850356,2026-10
896535,2026-11-01,11,19,0.633,2912.0,153.9,153.3,,,31.0,153.0,154.0,2912.0,31.0,31.0,monthly,0.633,-0.45728485683796083,5.0323967858777685,2026-11
54860,2026-07-01,23,8,0.258,718.0,89.2,89.8,136.0,8.0,30.0,90.0,89.0,718.0,30.0,30.0,monthly,0.258,-1.3547956940605197,4.497584975308154,2026-07
54860,2026-08-01,19,12,0.387,1070.0,89.9,89.2,66.0,32.0,30.0,89.0,90.0,1070.0,30.0,30.0,monthly,0.387,-0.9493305859523552,4.490881039585964,2026-08
54860,2026-09-01,10,20,0.667,1788.0,89.4,89.4,,,30.0,89.0,89.0,1788.0,30.0,30.0,monthly,0.667,-0.4049652330665133,4.493120682179469,2026-09
721762,2026-07-01,1,30,0.968,3130.0,104.3,104.3,85.0,30.0,30.0,104.0,104.0,3130.0,30.0,30.0,monthly,0.968,-0.03252319170556006,4.647271362006727,2026-07
721762,2026-08-01,1,30,0.968,3120.0,104.0,104.0,308.0,29.0,30.0,104.0,104.0,3120.0,30.0,30.0,monthly,0.968,-0.03252319170556006,4.6443908991413725,2026-08
721762,2026-09-01,2,28,0.933,2867.0,102.4,102.4,,,30.0,102.0,102.0,2867.0,30.0,30.0,monthly,0.933,-0.06935007813479317,4.628886712605407,2026-09
721762,2026-10-01,0,31,1.0,3189.0,102.9,102.9,297.0,71.0,30.0,103.0,103.0,3189.0,30.0,30.0,monthly,1.0,0.0,4.633757642840004,2026-10
721762,2026-11-01,0,30,1.0,3119.0,104.0,104.0,,,30.0,104.0,104.0,3119.0,30.0,30.0,monthly,1.0,0.0,4.6443908991413725,2026-11
721762,2026-12-01,0,31,1.0,3152.0,101.7,101.7,218.0,150.0,30.0,102.0,102.0,3152.0,30.0,30.0,monthly,1.0,0.0,4.622027303054514,2026-12
721762,2027-01-01,0,31,1.0,3183.0,102.7,102.7,,,30.0,103.0,103.0,3183.0,30.0,30.0,monthly,1.0,0.0,4.631812116934513,2027-01
721762,2027-02-01,0,28,1.0,2866.0,102.4,102.4,,,30.0,102.0,102.0,2866.0,30.0,30.0,monthly,1.0,0.0,4.628886712605407,2027-02
721762,2027-03-01,0,31,1.0,3184.0,102.7,102.7,,,30.0,103.0,103.0,3184.0,30.0,30.0,monthly,1.0,0.0,4.631812116934513,2027-03
721762,2027-04-01,0,30,1.0,3115.0,103.8,103.8,,,30.0,104.0,104.0,3115.0,30.0,30.0,monthly,1.0,0.0,4.642465970731788,2027-04
721762,2027-05-01,22,9,0.29,909.0,103.2,101.0,,,30.0,101.0,103.0,909.0,30.0,30.0,monthly,0.29,-1.2378743560016174,4.61512051684126,2027-05
14314,2026-08-01,0,31,1.0,4310.0,139.0,139.0,107.0,60.0,30.0,139.0,139.0,4310.0,30.0,30.0,monthly,1.0,0.0,4.9344739331306915,2026-08
14314,2026-09-01,1,29,0.967,4067.0,140.3,140.2,,,30.0,140.0,140.0,4067.0,30.0,30.0,monthly,0.967,-0.033556783528842754,4.94306997460049,2026-09
7801,2026-11-01,0,30,1.0,14042.0,468.1,468.1,259.0,62.0,30.0,468.0,468.0,14042.0,30.0,30.0,monthly,1.0,0.0,6.148681948306025,2026-11
7801,2026-12-01,0,31,1.0,14527.0,468.6,468.6,,,30.0,469.0,469.0,14527.0,30.0,30.0,monthly,1.0,0.0,6.149749526073696,2026-12
7801,2027-01-01,30,1,0.032,470.0,476.7,470.0,,,30.0,470.0,477.0,470.0,30.0,30.0,monthly,0.032,-3.4420193761824103,6.152732694704104,2027-01
1127770,2026-07-01,23,8,0.258,1875.0,219.0,234.4,43.0,4.0,5.0,234.0,219.0,1875.0,5.0,5.0,short_stay,0.258,-1.3547956940605197,5.457029057702858,2026-07
1127770,2026-08-01,17,14,0.452,2780.0,196.6,198.6,122.0,7.0,5.0,199.0,197.0,2780.0,5.0,5.0,short_stay,0.452,-0.7940730991499059,5.291292751611072,2026-08
1127770,2026-09-01,8,22,0.733,4551.0,208.0,206.9,152.0,31.0,5.0,207.0,208.0,4551.0,5.0,5.0,short_stay,0.733,-0.3106095770954856,5.332235584751498,2026-09
1127770,2026-10-01,22,9,0.29,1913.0,210.7,212.6,,,5.0,213.0,211.0,1913.0,5.0,5.0,short_stay,0.29,-1.2378743560016174,5.359412465907847,2026-10
287845,2026-07-01,3,28,0.903,9933.0,355.6,354.8,31.0,56.0,30.0,355.0,356.0,9933.0,30.0,30.0,monthly,0.903,-0.10203272556515161,5.871554250435424,2026-07
287845,2026-08-01,2,29,0.935,10238.0,352.5,353.0,119.0,61.0,30.0,353.0,353.0,10238.0,30.0,30.0,monthly,0.935,-0.06720874969344999,5.8664680569332965,2026-08
287845,2026-09-01,0,30,1.0,10665.0,355.5,355.5,,,30.0,356.0,356.0,10665.0,30.0,30.0,monthly,1.0,0.0,5.873525249243295,2026-09
287845,2026-10-01,1,30,0.968,10748.0,358.1,358.3,,,30.0,358.0,358.0,10748.0,30.0,30.0,monthly,0.968,-0.03252319170556006,5.881370624310908,2026-10
287845,2026-11-01,29,1,0.033,346.0,351.6,346.0,210.0,27.0,30.0,346.0,352.0,346.0,30.0,30.0,monthly,0.033,-3.4112477175156566,5.846438775057725,2026-11
287845,2026-12-01,5,26,0.839,9103.0,349.4,350.1,,,30.0,350.0,349.0,9103.0,30.0,30.0,monthly,0.839,-0.1755445725149309,5.85821882796062,2026-12
784122,2026-07-01,0,31,1.0,5874.0,189.5,189.5,19.0,122.0,30.0,190.0,190.0,5874.0,30.0,2.0,monthly,1.0,0.0,5.244389024522481,2026-07
784122,2026-08-01,0,31,1.0,5852.0,188.8,188.8,,,30.0,189.0,189.0,5852.0,30.0,2.0,monthly,1.0,0.0,5.240688253711401,2026-08
784122,2026-09-01,0,30,1.0,5553.0,185.1,185.1,,,30.0,185.0,185.0,5553.0,30.0,2.0,monthly,1.0,0.0,5.220896219579452,2026-09
784122,2026-10-01,1,30,0.968,5534.0,184.0,184.5,,,30.0,185.0,184.0,5534.0,30.0,2.0,monthly,0.968,-0.03252319170556006,5.217649463480582,2026-10
15341,2026-07-01,5,26,0.839,7064.0,272.3,271.7,9.0,38.0,30.0,272.0,272.0,7064.0,30.0,30.0,monthly,0.839,-0.1755445725149309,5.604698516432302,2026-07
15341,2026-08-01,19,12,0.387,3651.0,315.1,304.2,,,30.0,304.0,315.0,3651.0,30.0,30.0,monthly,0.387,-0.9493305859523552,5.717685379825192,2026-08
15341,2026-10-01,0,31,1.0,9648.0,311.2,311.2,96.0,92.0,30.0,311.0,311.0,9648.0,30.0,30.0,monthly,1.0,0.0,5.740435792304236,2026-10
15341,2026-11-01,0,30,1.0,9337.0,311.2,311.2,,,30.0,311.0,311.0,9337.0,30.0,30.0,monthly,1.0,0.0,5.740435792304236,2026-11
15341,2026-12-01,0,31,1.0,9355.0,301.8,301.8,,,30.0,302.0,302.0,9355.0,30.0,30.0,monthly,1.0,0.0,5.709764546333749,2026-12
883480,2026-07-01,0,31,1.0,4292.0,138.5,138.5,198.0,46.0,53.0,139.0,139.0,4292.0,81.0,81.0,monthly,1.0,0.0,4.930870325627393,2026-07
883480,2026-08-01,11,20,0.645,2735.0,137.2,136.8,255.0,115.0,30.0,137.0,137.0,2735.0,81.0,81.0,monthly,0.645,-0.43850496218636453,4.918520005188451,2026-08
883480,2026-09-01,0,30,1.0,4174.0,139.1,139.1,,,30.0,139.0,139.0,4174.0,81.0,81.0,monthly,1.0,0.0,4.935193098929397,2026-09
883480,2026-10-01,0,31,1.0,4310.0,139.0,139.0,,,30.0,139.0,139.0,4310.0,81.0,81.0,monthly,1.0,0.0,4.9344739331306915,2026-10
883480,2026-11-01,0,30,1.0,4208.0,140.3,140.3,,,30.0,140.0,140.0,4208.0,81.0,81.0,monthly,1.0,0.0,4.943782987108415,2026-11
883480,2026-12-01,12,19,0.613,2653.0,138.5,139.6,,,30.0,140.0,139.0,2653.0,81.0,81.0,monthly,0.613,-0.48939034304592566,4.938781190328272,2026-12
883480,2027-01-01,17,14,0.452,1935.0,138.6,138.2,220.0,120.0,30.0,138.0,139.0,1935.0,81.0,81.0,monthly,0.452,-0.7940730991499059,4.92870191133357,2027-01
883480,2027-02-01,0,28,1.0,3859.0,137.8,137.8,,,30.0,138.0,138.0,3859.0,81.0,81.0,monthly,1.0,0.0,4.925803358579558,2027-02
883480,2027-03-01,0,31,1.0,4328.0,139.6,139.6,,,30.0,140.0,140.0,4328.0,81.0,81.0,monthly,1.0,0.0,4.938781190328272,2027-03
883480,2027-04-01,0,30,1.0,4157.0,138.6,138.6,,,30.0,139.0,139.0,4157.0,81.0,81.0,monthly,1.0,0.0,4.931592086755803,2027-04
883480,2027-05-01,14,17,0.548,2352.0,138.4,138.4,,,30.0,138.0,138.0,2352.0,81.0,81.0,monthly,0.548,-0.6014799920341214,4.93014804318357,2027-05
68735,2026-07-01,0,31,1.0,6913.0,223.0,223.0,34.0,123.0,30.0,223.0,223.0,6913.0,30.0,30.0,monthly,1.0,0.0,5.407171771460119,2026-07
68735,2026-08-01,0,31,1.0,6969.0,224.8,224.8,,,30.0,225.0,225.0,6969.0,30.0,30.0,monthly,1.0,0.0,5.415211118019536,2026-08
68735,2026-09-01,0,30,1.0,6713.0,223.8,223.8,,,30.0,224.0,224.0,6713.0,30.0,30.0,monthly,1.0,0.0,5.4107527958778245,2026-09
68735,2026-10-01,0,31,1.0,6869.0,221.6,221.6,,,30.0,222.0,222.0,6869.0,30.0,30.0,monthly,1.0,0.0,5.400873954873129,2026-10
1045897,2026-07-01,22,9,0.29,2252.0,239.8,250.2,,,30.0,250.0,240.0,2252.0,30.0,30.0,monthly,0.29,-1.2378743560016174,5.522260598032811,2026-07
1024647,2026-07-01,0,31,1.0,3445.0,111.1,111.1,,,30.0,111.0,111.0,3445.0,30.0,30.0,monthly,1.0,0.0,4.7104306966455844,2026-07
1024647,2026-08-01,28,3,0.097,330.0,108.3,110.0,,,30.0,110.0,108.0,330.0,30.0,30.0,monthly,0.097,-2.333044300478754,4.700480365792417,2026-08
1024647,2026-09-01,8,22,0.733,2401.0,108.7,109.1,94.0,60.0,30.0,109.0,109.0,2401.0,30.0,30.0,monthly,0.733,-0.3106095770954856,4.692264892839025,2026-09
1024647,2026-10-01,0,31,1.0,3471.0,112.0,112.0,,,30.0,112.0,112.0,3471.0,30.0,30.0,monthly,1.0,0.0,4.718498871295094,2026-10
1024647,2026-11-01,23,7,0.233,761.0,108.7,108.7,,,30.0,109.0,109.0,761.0,30.0,30.0,monthly,0.233,-1.4567168254164364,4.688591794127164,2026-11
1294973,2026-07-01,27,4,0.129,959.0,264.6,239.8,29.0,4.0,4.0,240.0,265.0,959.0,4.0,4.0,short_stay,0.129,-2.047942874620465,5.479805242593414,2026-07
523123,2026-07-01,30,1,0.032,327.0,322.3,327.0,13.0,1.0,30.0,327.0,322.0,327.0,30.0,30.0,monthly,0.032,-3.4420193761824103,5.7899601708972535,2026-07
523123,2026-08-01,9,22,0.71,7433.0,333.9,337.9,104.0,14.0,30.0,338.0,334.0,7433.0,30.0,30.0,monthly,0.71,-0.342490308946776,5.822749993720244,2026-08
523123,2026-09-01,0,30,1.0,10197.0,339.9,339.9,177.0,73.0,30.0,340.0,340.0,10197.0,30.0,30.0,monthly,1.0,0.0,5.828651456702071,2026-09
523123,2026-10-01,0,31,1.0,10454.0,337.2,337.2,,,30.0,337.0,337.0,10454.0,30.0,30.0,monthly,1.0,0.0,5.8206762261277,2026-10
523123,2026-11-01,0,30,1.0,10091.0,336.4,336.4,154.0,31.0,30.0,336.0,336.0,10091.0,30.0,30.0,monthly,1.0,0.0,5.818300928098793,2026-11
523123,2026-12-01,12,19,0.613,6536.0,342.8,344.0,,,30.0,344.0,343.0,6536.0,30.0,30.0,monthly,0.613,-0.48939034304592566,5.840641657373398,2026-12
322037,2026-07-01,26,5,0.161,1546.0,308.5,309.2,76.0,5.0,30.0,309.0,309.0,1546.0,30.0,30.0,monthly,0.161,-1.8263509139976741,5.733988316713267,2026-07
294242,2026-09-01,22,8,0.267,3592.0,493.1,449.0,75.0,8.0,1.0,449.0,493.0,3592.0,1.0,1.0,short_stay,0.267,-1.3205066205818874,6.1070228877422545,2026-09
698132,2026-07-01,19,12,0.387,3917.0,281.5,326.4,47.0,4.0,3.0,326.0,282.0,3917.0,1.0,4.0,short_stay,0.387,-0.9493305859523552,5.788123623089952,2026-07
698132,2026-08-01,24,7,0.226,1802.0,239.9,257.4,65.0,7.0,3.0,257.0,240.0,1802.0,1.0,4.0,short_stay,0.226,-1.487220279709851,5.5506312951620265,2026-08
1205103,2026-07-01,0,31,1.0,3683.0,118.8,118.8,151.0,38.0,30.0,119.0,119.0,3683.0,30.0,30.0,monthly,1.0,0.0,4.777441406928545,2026-07
1205103,2026-08-01,24,7,0.226,832.0,116.6,118.9,,,30.0,119.0,117.0,832.0,30.0,30.0,monthly,0.226,-1.487220279709851,4.778282803696737,2026-08
1205103,2026-10-01,14,17,0.548,1994.0,116.8,117.3,166.0,31.0,30.0,117.0,117.0,1994.0,30.0,30.0,monthly,0.548,-0.6014799920341214,4.76473475565943,2026-10
1205103,2026-11-01,16,14,0.467,1616.0,116.5,115.4,,,30.0,115.0,117.0,1616.0,30.0,30.0,monthly,0.467,-0.7614260213132397,4.748404354073999,2026-11
294263,2026-07-01,11,20,0.645,8209.0,403.9,410.4,101.0,10.0,1.0,410.0,404.0,8209.0,1.0,1.0,short_stay,0.645,-0.43850496218636453,6.01713229385656,2026-07
294263,2026-08-01,24,7,0.226,2885.0,410.7,412.1,56.0,7.0,1.0,412.0,411.0,2885.0,1.0,1.0,short_stay,0.226,-1.487220279709851,6.021266038344772,2026-08
57874,2026-07-01,0,31,1.0,4440.0,143.2,143.2,190.0,15.0,30.0,143.0,143.0,4440.0,30.0,30.0,monthly,1.0,0.0,4.964242254526545,2026-07
57874,2026-08-01,30,1,0.032,142.0,141.6,142.0,221.0,1.0,30.0,142.0,142.0,142.0,30.0,30.0,monthly,0.032,-3.4420193761824103,4.955827057601261,2026-08
57874,2026-09-01,0,30,1.0,4200.0,140.0,140.0,132.0,31.0,30.0,140.0,140.0,4200.0,30.0,30.0,monthly,1.0,0.0,4.941642422609304,2026-09
57874,2026-10-01,5,26,0.839,3727.0,143.4,143.3,273.0,31.0,30.0,143.0,143.0,3727.0,30.0,30.0,monthly,0.839,-0.1755445725149309,4.964940334834126,2026-10
57874,2026-11-01,0,30,1.0,4263.0,142.1,142.1,,,30.0,142.0,142.0,4263.0,30.0,30.0,monthly,1.0,0.0,4.956531035103055,2026-11
57874,2026-12-01,23,8,0.258,1143.0,138.6,142.9,,,30.0,143.0,139.0,1143.0,30.0,30.0,monthly,0.258,-1.3547956940605197,4.9621450849358215,2026-12
57166,2026-09-01,0,30,1.0,3987.0,132.9,132.9,111.0,30.0,30.0,133.0,133.0,3987.0,30.0,30.0,monthly,1.0,0.0,4.8895969657192,2026-09
151199,2026-07-01,8,23,0.742,7170.0,315.2,311.7,169.0,4.0,2.0,312.0,315.0,7170.0,2.0,2.0,short_stay,0.742,-0.2984060358147566,5.7420411867732915,2026-07
151199,2026-08-01,17,14,0.452,5210.0,371.6,372.1,212.0,2.0,2.0,372.0,372.0,5210.0,2.0,2.0,short_stay,0.452,-0.7940730991499059,5.919162635352577,2026-08
151199,2026-09-01,13,17,0.567,6048.0,365.4,355.8,111.0,4.0,2.0,356.0,365.0,6048.0,2.0,2.0,short_stay,0.567,-0.5673959752543851,5.874368775231734,2026-09
67299,2026-07-01,1,30,0.968,5593.0,186.3,186.4,71.0,10.0,30.0,186.0,186.0,5593.0,30.0,30.0,monthly,0.968,-0.03252319170556006,5.2278949022514904,2026-07
67299,2026-09-01,0,30,1.0,5330.0,177.7,177.7,138.0,61.0,30.0,178.0,178.0,5330.0,30.0,30.0,monthly,1.0,0.0,5.180096735160606,2026-09
67299,2026-10-01,0,31,1.0,5613.0,181.1,181.1,,,30.0,181.0,181.0,5613.0,30.0,30.0,monthly,1.0,0.0,5.199049364889368,2026-10
944840,2026-07-01,5,26,0.839,2917.0,112.1,112.2,24.0,57.0,33.0,112.0,112.0,2917.0,40.0,40.0,monthly,0.839,-0.1755445725149309,4.720282993088596,2026-07
944840,2026-08-01,0,31,1.0,3466.0,111.8,111.8,,,30.0,112.0,112.0,3466.0,40.0,40.0,monthly,1.0,0.0,4.716711560720999,2026-08
944840,2026-09-01,3,27,0.9,2994.0,110.9,110.9,84.0,78.0,30.0,111.0,111.0,2994.0,40.0,40.0,monthly,0.9,-0.10536051565782628,4.7086288943563215,2026-09
944840,2026-10-01,0,31,1.0,3449.0,111.3,111.3,,,30.0,111.0,111.0,3449.0,40.0,40.0,monthly,1.0,0.0,4.712229258281499,2026-10
944840,2026-11-01,10,20,0.667,2231.0,111.7,111.5,,,30.0,112.0,112.0,2231.0,40.0,40.0,monthly,0.667,-0.4049652330665133,4.7140245909001735,2026-11
476983,2026-07-01,0,31,1.0,1704.0,55.0,55.0,190.0,39.0,30.0,55.0,55.0,1704.0,30.0,30.0,monthly,1.0,0.0,4.007333185232471,2026-07
476983,2026-08-01,12,19,0.613,992.0,51.9,52.2,136.0,29.0,30.0,52.0,52.0,992.0,30.0,30.0,monthly,0.613,-0.48939034304592566,3.955082494888593,2026-08
476983,2026-09-01,0,30,1.0,1626.0,54.2,54.2,,,30.0,54.0,54.0,1626.0,30.0,30.0,monthly,1.0,0.0,3.9926809084456005,2026-09
476983,2026-10-01,0,31,1.0,1673.0,54.0,54.0,141.0,37.0,30.0,54.0,54.0,1673.0,30.0,30.0,monthly,1.0,0.0,3.9889840465642745,2026-10
476983,2026-11-01,6,24,0.8,1280.0,53.3,53.3,,,30.0,53.0,53.0,1280.0,30.0,30.0,monthly,0.8,-0.2231435513142097,3.975936331171799,2026-11
255476,2026-07-01,0,31,1.0,3623.0,116.9,116.9,4.0,31.0,30.0,117.0,117.0,3623.0,30.0,,monthly,1.0,0.0,4.761318868478023,2026-07
333323,2026-07-01,0,31,1.0,3408.0,109.9,109.9,,,30.0,110.0,110.0,3408.0,30.0,,monthly,1.0,0.0,4.699570861409576,2026-07
333323,2026-08-01,1,30,0.968,2847.0,94.7,94.9,,,31.0,95.0,95.0,2847.0,30.0,,monthly,0.968,-0.03252319170556006,4.552823705615882,2026-08
817113,2026-07-01,23,8,0.258,629.0,82.6,78.6,23.0,4.0,30.0,79.0,83.0,629.0,30.0,30.0,monthly,0.258,-1.3547956940605197,4.364371699435161,2026-07
1411811,2026-07-01,8,23,0.742,10315.0,436.9,448.5,27.0,6.0,1.0,449.0,437.0,10315.0,1.0,,short_stay,0.742,-0.2984060358147566,6.105908681498851,2026-07
1411811,2026-08-01,23,8,0.258,3520.0,409.7,440.0,,,1.0,440.0,410.0,3520.0,1.0,,short_stay,0.258,-1.3547956940605197,6.0867747269123065,2026-08
302238,2026-07-01,0,31,1.0,7162.0,231.0,231.0,109.0,31.0,30.0,231.0,231.0,7162.0,30.0,,monthly,1.0,0.0,5.442417710521793,2026-07
302238,2026-08-01,30,1,0.032,232.0,233.4,232.0,141.0,1.0,30.0,232.0,233.0,232.0,30.0,,monthly,0.032,-3.4420193761824103,5.44673737166631,2026-08
255601,2026-07-01,7,24,0.774,7756.0,319.8,323.2,122.0,7.0,3.0,323.0,320.0,7756.0,1.0,47070269.0,short_stay,0.774,-0.2561834053924099,5.77827132664694,2026-07
255601,2026-08-01,7,24,0.774,6436.0,268.2,268.2,108.0,7.0,3.0,268.0,268.0,6436.0,1.0,47070269.0,short_stay,0.774,-0.2561834053924099,5.591732970847578,2026-08
255601,2026-09-01,3,27,0.9,7744.0,286.7,286.8,143.0,12.0,4.0,287.0,287.0,7744.0,1.0,47070269.0,short_stay,0.9,-0.10536051565782628,5.658785108725465,2026-09
255601,2026-10-01,14,17,0.548,4873.0,294.8,286.6,200.0,7.0,4.0,287.0,295.0,4873.0,1.0,47070269.0,short_stay,0.548,-0.6014799920341214,5.6580875153940715,2026-10
255601,2026-11-01,28,2,0.067,555.0,295.2,277.5,,,4.0,278.0,295.0,555.0,1.0,47070269.0,short_stay,0.067,-2.703062659591171,5.625820933186489,2026-11
255601,2027-03-01,17,14,0.452,4027.0,282.3,287.6,299.0,24.0,4.0,288.0,282.0,4027.0,1.0,47070269.0,short_stay,0.452,-0.7940730991499059,5.661570625846892,2027-03
255601,2027-04-01,20,10,0.333,2920.0,309.9,292.0,,,4.0,292.0,310.0,2920.0,1.0,47070269.0,short_stay,0.333,-1.0996127890016931,5.676753802268282,2027-04
1027808,2026-07-01,23,8,0.258,4758.0,598.1,594.8,57.0,2.0,30.0,595.0,598.0,4758.0,30.0,1.0,monthly,0.258,-1.3547956940605197,6.388225214586,2026-07
1057022,2026-07-01,0,31,1.0,4577.0,147.6,147.6,166.0,46.0,30.0,148.0,148.0,4577.0,30.0,30.0,monthly,1.0,0.0,4.994505912166372,2026-07
1057022,2026-08-01,12,19,0.613,2918.0,155.3,153.6,71.0,118.0,30.0,154.0,155.0,2918.0,30.0,30.0,monthly,0.613,-0.48939034304592566,5.034351820713572,2026-08
1057022,2026-09-01,0,30,1.0,4416.0,147.2,147.2,,,30.0,147.0,147.0,4416.0,30.0,30.0,monthly,1.0,0.0,4.991792206294776,2026-09
1057022,2026-10-01,0,31,1.0,4595.0,148.2,148.2,,,30.0,148.0,148.0,4595.0,30.0,30.0,monthly,1.0,0.0,4.998562712861986,2026-10
1057022,2026-11-01,0,30,1.0,4449.0,148.3,148.3,,,30.0,148.0,148.0,4449.0,30.0,30.0,monthly,1.0,0.0,4.999237249143887,2026-11
1057022,2026-12-01,8,23,0.742,3405.0,145.5,148.0,,,30.0,148.0,146.0,3405.0,30.0,30.0,monthly,0.742,-0.2984060358147566,4.997212273764115,2026-12
1326566,2026-07-01,0,31,1.0,2434.0,78.5,78.5,117.0,19.0,30.0,79.0,79.0,2434.0,30.0,30.0,monthly,1.0,0.0,4.363098624788363,2026-07
1326566,2026-08-01,23,8,0.258,629.0,79.6,78.6,,,30.0,79.0,80.0,629.0,30.0,30.0,monthly,0.258,-1.3547956940605197,4.364371699435161,2026-08
816888,2026-07-01,1,30,0.968,2828.0,94.3,94.3,58.0,30.0,30.0,94.0,94.0,2828.0,30.0,30.0,monthly,0.968,-0.03252319170556006,4.546481189639412,2026-07
816888,2026-08-01,11,20,0.645,2097.0,102.4,104.8,108.0,21.0,30.0,105.0,102.0,2097.0,30.0,30.0,monthly,0.645,-0.43850496218636453,4.6520537718869415,2026-08
816888,2026-09-01,7,23,0.767,2253.0,97.4,98.0,,,30.0,98.0,97.0,2253.0,30.0,30.0,monthly,0.767,-0.26526847761488087,4.584967478670572,2026-09
16580,2026-07-01,27,4,0.129,1130.0,248.0,282.5,123.0,2.0,2.0,283.0,248.0,1130.0,2.0,2.0,short_stay,0.129,-2.047942874620465,5.643678550586496,2026-07
16580,2026-10-01,28,3,0.097,835.0,283.0,278.3,190.0,3.0,2.0,278.0,283.0,835.0,2.0,2.0,short_stay,0.097,-2.333044300478754,5.628699668531845,2026-10
310524,2026-07-01,22,9,0.29,1665.0,181.8,185.0,49.0,3.0,2.0,185.0,182.0,1665.0,2.0,2.0,short_stay,0.29,-1.2378743560016174,5.220355825078324,2026-07
310524,2026-08-01,29,2,0.065,346.0,183.0,173.0,,,2.0,173.0,183.0,346.0,2.0,2.0,short_stay,0.065,-2.7333680090865,5.153291594497779,2026-08
310524,2026-09-01,26,4,0.133,772.0,188.9,193.0,86.0,4.0,2.0,193.0,189.0,772.0,2.0,2.0,short_stay,0.133,-2.017406150760383,5.262690188904886,2026-09
232612,2026-07-01,9,22,0.71,4218.0,194.7,191.7,152.0,4.0,3.0,192.0,195.0,4218.0,2.0,3.0,short_stay,0.71,-0.342490308946776,5.255931650051599,2026-07
232612,2026-08-01,4,27,0.871,4226.0,157.5,156.5,215.0,7.0,3.0,157.0,158.0,4226.0,2.0,3.0,short_stay,0.871,-0.13811330212963427,5.0530560099802075,2026-08
232612,2026-09-01,6,24,0.8,3652.0,153.8,152.2,248.0,4.0,3.0,152.0,154.0,3652.0,2.0,3.0,short_stay,0.8,-0.2231435513142097,5.025195445427586,2026-09
232612,2026-10-01,3,28,0.903,4280.0,152.3,152.9,270.0,6.0,3.0,153.0,152.0,4280.0,2.0,3.0,short_stay,0.903,-0.10203272556515161,5.029784112935016,2026-10
232612,2026-11-01,14,16,0.533,2660.0,170.5,166.2,240.0,2.0,2.0,166.0,171.0,2660.0,2.0,3.0,short_stay,0.533,-0.6292338548162925,5.113191882421348,2026-11
232612,2026-12-01,4,27,0.871,5330.0,197.4,197.4,312.0,6.0,2.0,197.0,197.0,5330.0,2.0,3.0,short_stay,0.871,-0.13811330212963427,5.285232126999381,2026-12
232612,2027-01-01,30,1,0.032,197.0,187.6,197.0,362.0,1.0,3.0,197.0,188.0,197.0,2.0,3.0,short_stay,0.032,-3.4420193761824103,5.2832037287379885,2027-01
940116,2026-07-01,0,31,1.0,1787.0,57.6,57.6,104.0,31.0,30.0,58.0,58.0,1787.0,30.0,30.0,monthly,1.0,0.0,4.053522567701846,2026-07
940116,2026-08-01,0,31,1.0,1889.0,60.9,60.9,,,30.0,61.0,61.0,1889.0,30.0,30.0,monthly,1.0,0.0,4.109233174715851,2026-08
940116,2026-09-01,0,30,1.0,1828.0,60.9,60.9,79.0,17.0,30.0,61.0,61.0,1828.0,30.0,30.0,monthly,1.0,0.0,4.109233174715851,2026-09
940116,2026-10-01,0,31,1.0,1880.0,60.6,60.6,97.0,57.0,30.0,61.0,61.0,1880.0,30.0,30.0,monthly,1.0,0.0,4.104294893075269,2026-10
940116,2026-11-01,0,30,1.0,1802.0,60.1,60.1,,,30.0,60.0,60.0,1802.0,30.0,30.0,monthly,1.0,0.0,4.096009841541162,2026-11
58059,2026-07-01,5,26,0.839,1455.0,55.7,56.0,226.0,26.0,30.0,56.0,56.0,1455.0,30.0,30.0,monthly,0.839,-0.1755445725149309,4.02535169073515,2026-07
58059,2026-08-01,0,31,1.0,1694.0,54.6,54.6,206.0,70.0,30.0,55.0,55.0,1694.0,30.0,30.0,monthly,1.0,0.0,4.000033882750859,2026-08
58059,2026-09-01,0,30,1.0,1675.0,55.8,55.8,,,30.0,56.0,56.0,1675.0,30.0,30.0,monthly,1.0,0.0,4.021773869387265,2026-09
58059,2026-10-01,0,31,1.0,1751.0,56.5,56.5,,,30.0,57.0,57.0,1751.0,30.0,30.0,monthly,1.0,0.0,4.034240638152395,2026-10
58059,2026-11-01,0,30,1.0,1735.0,57.8,57.8,,,30.0,58.0,58.0,1735.0,30.0,30.0,monthly,1.0,0.0,4.056988775678332,2026-11
58059,2026-12-01,12,19,0.613,1041.0,54.8,54.8,,,30.0,55.0,55.0,1041.0,30.0,30.0,monthly,0.613,-0.48939034304592566,4.00369019395397,2026-12
873701,2026-07-01,0,31,1.0,4071.0,131.3,131.3,146.0,40.0,30.0,131.0,131.0,4071.0,30.0,30.0,monthly,1.0,0.0,4.877484781308751,2026-07
873701,2026-08-01,19,12,0.387,1622.0,134.5,135.2,114.0,33.0,30.0,135.0,135.0,1622.0,30.0,30.0,monthly,0.387,-0.9493305859523552,4.906755163608864,2026-08
873701,2026-09-01,0,30,1.0,4177.0,139.2,139.2,,,30.0,139.0,139.0,4177.0,30.0,30.0,monthly,1.0,0.0,4.935911747900319,2026-09
873701,2026-10-01,1,30,0.968,4192.0,139.9,139.7,295.0,49.0,30.0,140.0,140.0,4192.0,30.0,30.0,monthly,0.968,-0.03252319170556006,4.939497266262916,2026-10
873701,2026-11-01,11,19,0.633,2613.0,138.4,137.5,,,30.0,138.0,138.0,2613.0,30.0,30.0,monthly,0.633,-0.45728485683796083,4.923623917106626,2026-11
873701,2026-12-01,22,9,0.29,1236.0,136.2,137.3,321.0,9.0,30.0,137.0,136.0,1236.0,30.0,30.0,monthly,0.29,-1.2378743560016174,4.922168312773925,2026-12
873701,2027-01-01,30,1,0.032,138.0,137.3,138.0,359.0,1.0,30.0,138.0,137.0,138.0,30.0,30.0,monthly,0.032,-3.4420193761824103,4.927253685157205,2027-01
873701,2027-02-01,11,17,0.607,2241.0,132.2,131.8,311.0,52.0,30.0,132.0,132.0,2241.0,30.0,30.0,monthly,0.607,-0.4992264879226388,4.881285622068407,2027-02
873701,2027-03-01,0,31,1.0,4099.0,132.2,132.2,,,30.0,132.0,132.0,4099.0,30.0,30.0,monthly,1.0,0.0,4.884315927417586,2027-03
873701,2027-04-01,26,4,0.133,562.0,134.8,140.5,,,30.0,141.0,135.0,562.0,30.0,30.0,monthly,0.133,-2.017406150760383,4.945207488773801,2027-04
846854,2026-07-01,0,31,1.0,16515.0,532.7,532.7,136.0,15.0,30.0,533.0,533.0,16515.0,30.0,,monthly,1.0,0.0,6.277958413922954,2026-07
846854,2026-08-01,15,16,0.516,7902.0,500.5,493.9,311.0,39.0,30.0,494.0,501.0,7902.0,30.0,,monthly,0.516,-0.6616485135005743,6.202333067546579,2026-08
846854,2026-09-01,7,23,0.767,10864.0,471.2,472.3,,,30.0,472.0,471.0,10864.0,30.0,,monthly,0.767,-0.26526847761488087,6.157614376902071,2026-09
846854,2026-10-01,0,31,1.0,13709.0,442.2,442.2,297.0,33.0,30.0,442.0,442.0,13709.0,30.0,,monthly,1.0,0.0,6.091762268423346,2026-10
846854,2026-11-01,28,2,0.067,828.0,425.9,414.0,,,30.0,414.0,426.0,828.0,30.0,,monthly,0.067,-2.703062659591171,6.025865973825314,2026-11
24285,2026-07-01,0,31,1.0,7705.0,248.5,248.5,67.0,184.0,30.0,249.0,249.0,7705.0,30.0,30.0,monthly,1.0,0.0,5.5154428455366835,2026-07
24285,2026-08-01,0,31,1.0,7960.0,256.8,256.8,,,30.0,257.0,257.0,7960.0,30.0,30.0,monthly,1.0,0.0,5.548297571815806,2026-08
24285,2026-09-01,0,30,1.0,7597.0,253.2,253.2,,,30.0,253.0,253.0,7597.0,30.0,30.0,monthly,1.0,0.0,5.534179690270021,2026-09
24285,2026-10-01,0,31,1.0,7728.0,249.3,249.3,,,30.0,249.0,249.0,7728.0,30.0,30.0,monthly,1.0,0.0,5.518656990529513,2026-10
24285,2026-11-01,0,30,1.0,7440.0,248.0,248.0,,,30.0,248.0,248.0,7440.0,30.0,30.0,monthly,1.0,0.0,5.5134287461649825,2026-11
24285,2026-12-01,0,31,1.0,7692.0,248.1,248.1,,,30.0,248.0,248.0,7692.0,30.0,30.0,monthly,1.0,0.0,5.513831890697755,2026-12
218358,2026-07-01,0,31,1.0,2196.0,70.8,70.8,303.0,91.0,30.0,71.0,71.0,2196.0,30.0,30.0,monthly,1.0,0.0,4.259859000699674,2026-07
218358,2026-08-01,0,31,1.0,2199.0,70.9,70.9,,,30.0,71.0,71.0,2199.0,30.0,30.0,monthly,1.0,0.0,4.2612704335380815,2026-08
218358,2026-09-01,1,29,0.967,2084.0,72.0,71.9,,,30.0,72.0,72.0,2084.0,30.0,30.0,monthly,0.967,-0.033556783528842754,4.275276264727001,2026-09
387666,2026-07-01,0,31,1.0,1880.0,60.6,60.6,24.0,61.0,30.0,61.0,61.0,1880.0,30.0,30.0,monthly,1.0,0.0,4.104294893075269,2026-07
387666,2026-08-01,1,30,0.968,1794.0,59.7,59.8,,,30.0,60.0,60.0,1794.0,30.0,30.0,monthly,0.968,-0.03252319170556006,4.091005660956586,2026-08
100186,2026-07-01,0,31,1.0,4221.0,136.2,136.2,133.0,42.0,30.0,136.0,136.0,4221.0,30.0,30.0,monthly,1.0,0.0,4.9141243937154115,2026-07
100186,2026-08-01,0,31,1.0,4735.0,152.7,152.7,67.0,20.0,30.0,153.0,153.0,4735.0,30.0,30.0,monthly,1.0,0.0,5.028475212224587,2026-08
227495,2026-07-01,0,31,1.0,5749.0,185.5,185.5,55.0,38.0,30.0,186.0,186.0,5749.0,30.0,30.0,monthly,1.0,0.0,5.22305488204749,2026-07
227495,2026-08-01,24,7,0.226,1309.0,187.2,187.0,,,30.0,187.0,187.0,1309.0,30.0,30.0,monthly,0.226,-1.487220279709851,5.231108616854587,2026-08
29013,2026-07-01,0,31,1.0,2038.0,65.7,65.7,67.0,62.0,30.0,66.0,66.0,2038.0,30.0,30.0,monthly,1.0,0.0,4.185098925490565,2026-07
29013,2026-08-01,0,31,1.0,2003.0,64.6,64.6,,,30.0,65.0,65.0,2003.0,30.0,30.0,monthly,1.0,0.0,4.168214410788556,2026-08
162493,2026-07-01,10,21,0.677,12567.0,620.1,598.4,136.0,21.0,31.0,598.0,620.0,12567.0,31.0,31.0,monthly,0.677,-0.390084006069862,6.394259426660267,2026-07
666837,2026-07-01,3,28,0.903,4075.0,145.7,145.5,131.0,36.0,31.0,146.0,146.0,4075.0,31.0,31.0,monthly,0.903,-0.10203272556515161,4.980176086611547,2026-07
666837,2026-08-01,16,15,0.484,2141.0,146.3,142.7,,,31.0,143.0,146.0,2141.0,31.0,31.0,monthly,0.484,-0.7256703722655053,4.960744524482791,2026-08
46911,2026-07-01,10,21,0.677,2020.0,94.6,96.2,156.0,28.0,14.0,96.0,95.0,2020.0,14.0,22.0,short_stay,0.677,-0.390084006069862,4.566429357671661,2026-07
46911,2026-08-01,12,19,0.613,1992.0,104.3,104.8,84.0,21.0,14.0,105.0,104.0,1992.0,14.0,22.0,short_stay,0.613,-0.48939034304592566,4.6520537718869415,2026-08
46911,2026-09-01,13,17,0.567,1869.0,109.1,109.9,198.0,11.0,14.0,110.0,109.0,1869.0,14.0,22.0,short_stay,0.567,-0.5673959752543851,4.699570861409576,2026-09
46911,2026-10-01,4,27,0.871,2981.0,110.4,110.4,151.0,28.0,14.0,110.0,110.0,2981.0,14.0,22.0,short_stay,0.871,-0.13811330212963427,4.704110133842995,2026-10
46911,2026-11-01,26,4,0.133,443.0,110.5,110.8,,,14.0,111.0,111.0,443.0,14.0,22.0,short_stay,0.133,-2.017406150760383,4.707726774313183,2026-11
46911,2026-12-01,2,29,0.935,3101.0,106.8,106.9,157.0,29.0,14.0,107.0,107.0,3101.0,14.0,22.0,short_stay,0.935,-0.06720874969344999,4.671893818030999,2026-12
927408,2026-07-01,0,31,1.0,3003.0,96.9,96.9,105.0,125.0,30.0,97.0,97.0,3003.0,30.0,,monthly,1.0,0.0,4.5736795188967205,2026-07
927408,2026-08-01,0,31,1.0,2971.0,95.8,95.8,,,30.0,96.0,96.0,2971.0,30.0,,monthly,1.0,0.0,4.562262684976814,2026-08
927408,2026-09-01,0,30,1.0,2907.0,96.9,96.9,,,30.0,97.0,97.0,2907.0,30.0,,monthly,1.0,0.0,4.5736795188967205,2026-09
927408,2026-10-01,0,31,1.0,2753.0,88.8,88.8,,,30.0,89.0,89.0,2753.0,30.0,,monthly,1.0,0.0,4.486386649998124,2026-10
927408,2026-11-01,28,2,0.067,153.0,78.3,76.5,,,30.0,77.0,78.0,153.0,30.0,,monthly,0.067,-2.703062659591171,4.33729074083249,2026-11
113265,2026-07-01,5,26,0.839,1673.0,63.8,64.3,49.0,26.0,30.0,64.0,64.0,1673.0,30.0,30.0,monthly,0.839,-0.1755445725149309,4.163559631243574,2026-07
1042806,2026-07-01,10,21,0.677,2591.0,124.6,123.4,60.0,3.0,2.0,123.0,125.0,2591.0,2.0,3.0,short_stay,0.677,-0.390084006069862,4.8154311114712876,2026-07
1042806,2026-08-01,21,10,0.323,1250.0,128.6,125.0,74.0,6.0,2.0,125.0,129.0,1250.0,2.0,3.0,short_stay,0.323,-1.1301029557594804,4.8283137373023015,2026-08
1042806,2026-09-01,15,15,0.5,1874.0,127.6,124.9,73.0,6.0,2.0,125.0,128.0,1874.0,2.0,3.0,short_stay,0.5,-0.6931471805599453,4.827513417131532,2026-09
1042806,2026-10-01,28,3,0.097,393.0,127.1,131.0,96.0,3.0,2.0,131.0,127.0,393.0,2.0,3.0,short_stay,0.097,-2.333044300478754,4.875197323201151,2026-10
65660,2026-07-01,1,30,0.968,2792.0,93.1,93.1,19.0,30.0,30.0,93.0,93.0,2792.0,30.0,30.0,monthly,0.968,-0.03252319170556006,4.533674184283021,2026-07
65660,2026-08-01,0,31,1.0,2842.0,91.7,91.7,50.0,64.0,30.0,92.0,92.0,2842.0,30.0,30.0,monthly,1.0,0.0,4.51852237926242,2026-08
65660,2026-09-01,0,30,1.0,2720.0,90.7,90.7,,,30.0,91.0,91.0,2720.0,30.0,30.0,monthly,1.0,0.0,4.507557357121091,2026-09
65660,2026-10-01,28,3,0.097,271.0,93.3,90.3,,,30.0,90.0,93.0,271.0,30.0,30.0,monthly,0.097,-2.333044300478754,4.5031374604229395,2026-10
819228,2026-07-01,10,21,0.677,1765.0,84.4,84.0,,,30.0,84.0,84.0,1765.0,30.0,30.0,monthly,0.677,-0.390084006069862,4.430816798843313,2026-07
819228,2026-09-01,2,28,0.933,2353.0,84.1,84.0,83.0,107.0,30.0,84.0,84.0,2353.0,30.0,30.0,monthly,0.933,-0.06935007813479317,4.430816798843313,2026-09
819228,2026-10-01,0,31,1.0,2618.0,84.5,84.5,,,30.0,85.0,85.0,2618.0,30.0,30.0,monthly,1.0,0.0,4.436751534363128,2026-10
819228,2026-11-01,0,30,1.0,2545.0,84.8,84.8,,,30.0,85.0,85.0,2545.0,30.0,30.0,monthly,1.0,0.0,4.440295542797857,2026-11
819228,2026-12-01,13,18,0.581,1514.0,83.5,84.1,,,30.0,84.0,84.0,1514.0,30.0,30.0,monthly,0.581,-0.5430045221302259,4.432006566978902,2026-12
272026,2026-07-01,0,31,1.0,2716.0,87.6,87.6,19.0,62.0,30.0,88.0,88.0,2716.0,30.0,36.0,monthly,1.0,0.0,4.472780997942346,2026-07
272026,2026-08-01,0,31,1.0,2727.0,88.0,88.0,,,30.0,88.0,88.0,2727.0,30.0,36.0,monthly,1.0,0.0,4.477336814478207,2026-08
115535,2026-07-01,0,31,1.0,1391.0,44.9,44.9,,,30.0,45.0,45.0,1391.0,30.0,30.0,monthly,1.0,0.0,3.8044377947482086,2026-07
115535,2026-08-01,0,31,1.0,1380.0,44.5,44.5,,,30.0,45.0,45.0,1380.0,30.0,30.0,monthly,1.0,0.0,3.7954891891721947,2026-08
115535,2026-09-01,0,30,1.0,1352.0,45.1,45.1,,,30.0,45.0,45.0,1352.0,30.0,30.0,monthly,1.0,0.0,3.8088822465086327,2026-09
115535,2026-10-01,0,31,1.0,1372.0,44.3,44.3,,,30.0,44.0,44.0,1372.0,30.0,30.0,monthly,1.0,0.0,3.7909846770510898,2026-10
115535,2026-11-01,0,30,1.0,1342.0,44.7,44.7,,,30.0,45.0,45.0,1342.0,30.0,30.0,monthly,1.0,0.0,3.7999735016195233,2026-11
115535,2026-12-01,0,31,1.0,1356.0,43.7,43.7,,,30.0,44.0,44.0,1356.0,30.0,30.0,monthly,1.0,0.0,3.7773481021015445,2026-12
115535,2027-01-01,0,31,1.0,1355.0,43.7,43.7,,,30.0,44.0,44.0,1355.0,30.0,30.0,monthly,1.0,0.0,3.7773481021015445,2027-01
115535,2027-02-01,0,28,1.0,1217.0,43.5,43.5,,,30.0,44.0,44.0,1217.0,30.0,30.0,monthly,1.0,0.0,3.7727609380946383,2027-02
115535,2027-03-01,15,16,0.516,710.0,45.4,44.4,,,30.0,44.0,45.0,710.0,30.0,30.0,monthly,0.516,-0.6616485135005743,3.7932394694381792,2027-03
170761,2026-07-01,4,27,0.871,4666.0,168.3,172.8,83.0,4.0,2.0,173.0,168.0,4666.0,1.0,2.0,short_stay,0.871,-0.13811330212963427,5.152134856369956,2026-07
170761,2026-08-01,16,15,0.484,2173.0,144.4,144.9,136.0,9.0,2.0,145.0,144.0,2173.0,1.0,2.0,short_stay,0.484,-0.7256703722655053,4.976043849326636,2026-08
170761,2026-09-01,12,18,0.6,2638.0,145.2,146.6,152.0,2.0,2.0,147.0,145.0,2638.0,1.0,2.0,short_stay,0.6,-0.5108256237659907,4.987707789452551,2026-09
170761,2026-10-01,7,24,0.774,3447.0,143.9,143.6,167.0,4.0,2.0,144.0,144.0,3447.0,1.0,2.0,short_stay,0.774,-0.2561834053924099,4.9670316566141235,2026-10
170761,2026-11-01,25,5,0.167,737.0,146.0,147.4,255.0,1.0,2.0,147.0,146.0,737.0,1.0,2.0,short_stay,0.167,-1.7897614665653818,4.993149979755236,2026-11
170761,2026-12-01,27,4,0.129,590.0,150.8,147.5,179.0,4.0,2.0,148.0,151.0,590.0,1.0,2.0,short_stay,0.129,-2.047942874620465,4.993828175779875,2026-12
1251681,2026-07-01,20,11,0.355,1884.0,169.8,171.3,26.0,5.0,4.0,171.0,170.0,1884.0,1.0,18.0,short_stay,0.355,-1.0356374895067213,5.143416405330075,2026-07
1251681,2026-08-01,25,6,0.194,1039.0,171.6,173.2,52.0,6.0,4.0,173.0,172.0,1039.0,1.0,18.0,short_stay,0.194,-1.6398971199188088,5.154446996128335,2026-08
453094,2026-07-01,16,15,0.484,2060.0,142.2,137.3,149.0,2.0,2.0,137.0,142.0,2060.0,2.0,2.0,short_stay,0.484,-0.7256703722655053,4.922168312773925,2026-07
453094,2026-08-01,20,11,0.355,1651.0,160.3,150.1,144.0,5.0,2.0,150.0,160.0,1651.0,2.0,2.0,short_stay,0.355,-1.0356374895067213,5.011301738639416,2026-08
453094,2026-09-01,6,24,0.8,3284.0,141.2,136.8,159.0,4.0,2.0,137.0,141.0,3284.0,2.0,2.0,short_stay,0.8,-0.2231435513142097,4.918520005188451,2026-09
453094,2026-10-01,9,22,0.71,3018.0,135.5,137.2,184.0,4.0,2.0,137.0,136.0,3018.0,2.0,2.0,short_stay,0.71,-0.342490308946776,4.921439715291784,2026-10
453094,2026-11-01,20,10,0.333,1336.0,133.3,133.6,187.0,5.0,2.0,134.0,133.0,1336.0,2.0,2.0,short_stay,0.333,-1.0996127890016931,4.894850261102546,2026-11
453094,2026-12-01,27,4,0.129,564.0,139.8,141.0,187.0,4.0,2.0,141.0,140.0,564.0,2.0,2.0,short_stay,0.129,-2.047942874620465,4.948759890378168,2026-12
978386,2026-07-01,12,19,0.613,1755.0,92.0,92.4,90.0,19.0,30.0,92.0,92.0,1755.0,30.0,5354308.0,monthly,0.613,-0.48939034304592566,4.526126978647638,2026-07
267652,2026-07-01,0,31,1.0,2676.0,86.3,86.3,106.0,15.0,30.0,86.0,86.0,2676.0,30.0,30.0,monthly,1.0,0.0,4.457829598089382,2026-07
267652,2026-08-01,2,29,0.935,2344.0,80.8,80.8,91.0,151.0,30.0,81.0,81.0,2344.0,30.0,30.0,monthly,0.935,-0.06720874969344999,4.39197696552705,2026-08
267652,2026-09-01,0,30,1.0,2342.0,78.1,78.1,,,30.0,78.0,78.0,2342.0,30.0,30.0,monthly,1.0,0.0,4.35799005684564,2026-09
267652,2026-10-01,0,31,1.0,2443.0,78.8,78.8,,,30.0,79.0,79.0,2443.0,30.0,30.0,monthly,1.0,0.0,4.366912996863833,2026-10
267652,2026-11-01,0,30,1.0,2425.0,80.8,80.8,,,30.0,81.0,81.0,2425.0,30.0,30.0,monthly,1.0,0.0,4.39197696552705,2026-11
267652,2026-12-01,0,31,1.0,2488.0,80.3,80.3,,,30.0,80.0,80.0,2488.0,30.0,30.0,monthly,1.0,0.0,4.385769620952716,2026-12
1101224,2026-07-01,1,30,0.968,4989.0,166.5,166.3,124.0,30.0,30.0,166.0,167.0,4989.0,30.0,,monthly,0.968,-0.03252319170556006,5.113793386198882,2026-07
1101224,2026-08-01,0,31,1.0,5071.0,163.6,163.6,104.0,58.0,30.0,164.0,164.0,5071.0,30.0,,monthly,1.0,0.0,5.097424424168647,2026-08
1101224,2026-09-01,3,27,0.9,4413.0,163.1,163.4,,,30.0,163.0,163.0,4413.0,30.0,,monthly,0.9,-0.10536051565782628,5.096201182425903,2026-09
94783,2026-07-01,4,27,0.871,5518.0,206.5,204.4,107.0,5.0,7.0,204.0,207.0,5518.0,4.0,7.0,short_stay,0.871,-0.13811330212963427,5.320078858329549,2026-07
94783,2026-08-01,17,14,0.452,2982.0,217.2,213.0,67.0,14.0,7.0,213.0,217.0,2982.0,4.0,7.0,short_stay,0.452,-0.7940730991499059,5.3612921657094255,2026-08
94783,2026-09-01,10,20,0.667,4371.0,218.6,218.6,111.0,6.0,6.0,219.0,219.0,4371.0,4.0,7.0,short_stay,0.667,-0.4049652330665133,5.387243575742438,2026-09
94783,2026-10-01,5,26,0.839,5657.0,217.5,217.6,102.0,26.0,7.0,218.0,218.0,5657.0,4.0,7.0,short_stay,0.839,-0.1755445725149309,5.382658514981787,2026-10
94783,2026-11-01,19,11,0.367,2363.0,216.8,214.8,288.0,11.0,7.0,215.0,217.0,2363.0,4.0,7.0,short_stay,0.367,-1.0023934309275668,5.36970736263471,2026-11
94783,2027-01-01,27,4,0.129,898.0,221.1,224.5,340.0,4.0,7.0,225.0,221.0,898.0,4.0,7.0,short_stay,0.129,-2.047942874620465,5.413875707182309,2027-01
699472,2026-07-01,0,31,1.0,8386.0,270.5,270.5,76.0,16.0,3.0,271.0,271.0,8386.0,1.0,,short_stay,1.0,0.0,5.600272098286537,2026-07
699472,2026-08-01,28,3,0.097,820.0,271.1,273.3,,,3.0,273.0,271.0,820.0,1.0,,short_stay,0.097,-2.333044300478754,5.610570092934022,2026-08
699472,2027-01-01,19,12,0.387,3103.0,257.3,258.6,362.0,12.0,3.0,259.0,257.0,3103.0,1.0,,short_stay,0.387,-0.9493305859523552,5.555282466337757,2027-01
1461965,2026-07-01,0,31,1.0,1969.0,63.5,63.5,175.0,38.0,30.0,64.0,64.0,1969.0,30.0,,monthly,1.0,0.0,4.151039905898646,2026-07
1461965,2026-08-01,23,8,0.258,488.0,67.6,61.0,153.0,1.0,30.0,61.0,68.0,488.0,30.0,,monthly,0.258,-1.3547956940605197,4.110873864173311,2026-08
1461965,2027-04-01,3,27,0.9,1988.0,73.6,73.6,302.0,27.0,30.0,74.0,74.0,1988.0,30.0,,monthly,0.9,-0.10536051565782628,4.298645025734831,2027-04
819206,2026-07-01,12,19,0.613,835.0,43.6,43.9,40.0,19.0,30.0,44.0,44.0,835.0,30.0,30.0,monthly,0.613,-0.48939034304592566,3.7819143200811256,2026-07
819206,2026-08-01,13,18,0.581,811.0,44.5,45.1,54.0,122.0,30.0,45.0,45.0,811.0,30.0,30.0,monthly,0.581,-0.5430045221302259,3.8088822465086327,2026-08
819206,2026-09-01,0,30,1.0,1419.0,47.3,47.3,,,30.0,47.0,47.0,1419.0,30.0,30.0,monthly,1.0,0.0,3.856510295497887,2026-09
819206,2026-10-01,0,31,1.0,1401.0,45.2,45.2,,,30.0,45.0,45.0,1401.0,30.0,30.0,monthly,1.0,0.0,3.8110970868381857,2026-10
819206,2026-11-01,0,30,1.0,1343.0,44.8,44.8,,,30.0,45.0,45.0,1343.0,30.0,30.0,monthly,1.0,0.0,3.8022081394209395,2026-11
819206,2026-12-01,18,13,0.419,607.0,44.7,46.7,,,30.0,47.0,45.0,607.0,30.0,30.0,monthly,0.419,-0.8698843590599994,3.8437441646748516,2026-12
530576,2026-07-01,0,31,1.0,3736.0,120.5,120.5,46.0,33.0,30.0,121.0,121.0,3736.0,30.0,,monthly,1.0,0.0,4.791649752930709,2026-07
530576,2026-08-01,29,2,0.065,227.0,119.1,113.5,,,30.0,114.0,119.0,227.0,30.0,,monthly,0.065,-2.7333680090865,4.7318028369214575,2026-08
753622,2026-07-01,0,31,1.0,3541.0,114.2,114.2,34.0,46.0,30.0,114.0,114.0,3541.0,30.0,,monthly,1.0,0.0,4.73795129722191,2026-07
753622,2026-08-01,16,15,0.484,1843.0,124.0,122.9,,,30.0,123.0,124.0,1843.0,30.0,,monthly,0.484,-0.7256703722655053,4.811371016571989,2026-08
16821,2026-07-01,28,3,0.097,820.0,262.8,273.3,43.0,1.0,1.0,273.0,263.0,820.0,1.0,1.0,short_stay,0.097,-2.333044300478754,5.610570092934022,2026-07
16821,2026-08-01,26,5,0.161,1354.0,257.0,270.8,65.0,5.0,1.0,271.0,257.0,1354.0,1.0,1.0,short_stay,0.161,-1.8263509139976741,5.60138054103812,2026-08
106363,2026-07-01,0,31,1.0,1924.0,62.1,62.1,,,30.0,62.0,62.0,1924.0,30.0,,monthly,1.0,0.0,4.128745988939433,2026-07
106363,2026-08-01,8,23,0.742,1490.0,64.4,64.8,,,30.0,65.0,64.0,1490.0,30.0,,monthly,0.742,-0.2984060358147566,4.1713056033582285,2026-08
106363,2026-09-01,9,21,0.7,1358.0,65.0,64.7,311.0,21.0,30.0,65.0,65.0,1358.0,30.0,,monthly,0.7,-0.35667494393873245,4.169761201506855,2026-09
106363,2026-12-01,3,28,0.903,1793.0,63.9,64.0,302.0,28.0,30.0,64.0,64.0,1793.0,30.0,,monthly,0.903,-0.10203272556515161,4.1588830833596715,2026-12
106363,2027-03-01,10,21,0.677,1365.0,64.4,65.0,337.0,21.0,30.0,65.0,64.0,1365.0,30.0,,monthly,0.677,-0.390084006069862,4.174387269895637,2027-03
106363,2027-06-01,9,21,0.7,1351.0,64.4,64.3,368.0,21.0,30.0,64.0,64.0,1351.0,30.0,,monthly,0.7,-0.35667494393873245,4.163559631243574,2027-06
854396,2026-07-01,0,31,1.0,1351.0,43.6,43.6,,,30.0,44.0,44.0,1351.0,30.0,31.0,monthly,1.0,0.0,3.775057150354989,2026-07
854396,2026-08-01,0,31,1.0,1362.0,43.9,43.9,,,30.0,44.0,44.0,1362.0,30.0,31.0,monthly,1.0,0.0,3.7819143200811256,2026-08
854396,2026-09-01,1,29,0.967,1301.0,44.9,44.9,,,30.0,45.0,45.0,1301.0,30.0,31.0,monthly,0.967,-0.033556783528842754,3.8044377947482086,2026-09
973535,2026-07-01,17,14,0.452,1494.0,109.0,106.7,124.0,14.0,30.0,107.0,109.0,1494.0,30.0,30.0,monthly,0.452,-0.7940730991499059,4.670021158307708,2026-07
298759,2026-07-01,0,31,1.0,1686.0,54.4,54.4,196.0,63.0,30.0,54.0,54.0,1686.0,30.0,0.0,monthly,1.0,0.0,3.996364153861897,2026-07
298759,2026-08-01,0,31,1.0,1630.0,52.6,52.6,,,30.0,53.0,53.0,1630.0,30.0,0.0,monthly,1.0,0.0,3.9627161197436642,2026-08
298759,2026-09-01,13,17,0.567,860.0,51.0,50.6,152.0,23.0,30.0,51.0,51.0,860.0,30.0,0.0,monthly,0.567,-0.5673959752543851,3.92395157629342,2026-09
298759,2026-10-01,0,31,1.0,1573.0,50.7,50.7,,,30.0,51.0,51.0,1573.0,30.0,0.0,monthly,1.0,0.0,3.9259259105971376,2026-10
921500,2026-07-01,0,31,1.0,10201.0,329.1,329.1,34.0,61.0,30.0,329.0,329.0,10201.0,30.0,30.0,monthly,1.0,0.0,5.796361655949294,2026-07
921500,2026-08-01,1,30,0.968,7281.0,242.5,242.7,,,30.0,243.0,243.0,7281.0,30.0,30.0,monthly,0.968,-0.03252319170556006,5.491826112732555,2026-08
921500,2026-09-01,3,27,0.9,6035.0,224.9,223.5,99.0,30.0,30.0,224.0,225.0,6035.0,30.0,30.0,monthly,0.9,-0.10536051565782628,5.409411414053624,2026-09
921500,2026-10-01,28,3,0.097,636.0,207.5,212.0,,,30.0,212.0,208.0,636.0,30.0,30.0,monthly,0.097,-2.333044300478754,5.356586274672012,2026-10
1217318,2026-07-01,1,30,0.968,2118.0,70.5,70.6,,,30.0,71.0,71.0,2118.0,30.0,,monthly,0.968,-0.03252319170556006,4.257030144499196,2026-07
54508,2026-07-01,8,23,0.742,2745.0,119.7,119.3,159.0,3.0,3.0,119.0,120.0,2745.0,3.0,3.0,short_stay,0.742,-0.2984060358147566,4.78164132910387,2026-07
54508,2026-08-01,9,22,0.71,2550.0,117.9,115.9,154.0,11.0,3.0,116.0,118.0,2550.0,3.0,3.0,short_stay,0.71,-0.342490308946776,4.752727750345706,2026-08
54508,2026-09-01,10,20,0.667,2460.0,123.7,123.0,224.0,7.0,3.0,123.0,124.0,2460.0,3.0,3.0,short_stay,0.667,-0.4049652330665133,4.812184355372417,2026-09
54508,2026-10-01,13,18,0.581,2221.0,122.8,123.4,142.0,5.0,3.0,123.0,123.0,2221.0,3.0,3.0,short_stay,0.581,-0.5430045221302259,4.8154311114712876,2026-10
54508,2026-11-01,12,18,0.6,2239.0,124.6,124.4,177.0,6.0,3.0,124.0,125.0,2239.0,3.0,3.0,short_stay,0.6,-0.5108256237659907,4.823502180305079,2026-11
54508,2026-12-01,29,2,0.065,263.0,128.3,131.5,,,3.0,132.0,128.0,263.0,3.0,3.0,short_stay,0.065,-2.7333680090865,4.879006851617819,2026-12
235951,2026-07-01,0,31,1.0,3979.0,128.4,128.4,286.0,55.0,30.0,128.0,128.0,3979.0,30.0,30.0,monthly,1.0,0.0,4.855150391255861,2026-07
235951,2026-08-01,5,26,0.839,3241.0,125.2,124.7,104.0,1.0,30.0,125.0,125.0,3241.0,30.0,30.0,monthly,0.839,-0.1755445725149309,4.825910852685991,2026-08
235951,2026-09-01,0,30,1.0,3967.0,132.2,132.2,269.0,30.0,30.0,132.0,132.0,3967.0,30.0,30.0,monthly,1.0,0.0,4.884315927417586,2026-09
235951,2026-10-01,0,31,1.0,4126.0,133.1,133.1,168.0,29.0,30.0,133.0,133.0,4126.0,30.0,30.0,monthly,1.0,0.0,4.891100725401066,2026-10
235951,2026-11-01,0,30,1.0,4046.0,134.9,134.9,256.0,4.0,30.0,135.0,135.0,4046.0,30.0,30.0,monthly,1.0,0.0,4.90453376321371,2026-11
235951,2026-12-01,28,3,0.097,396.0,124.7,132.0,288.0,2.0,30.0,132.0,125.0,396.0,30.0,30.0,monthly,0.097,-2.333044300478754,4.882801922586371,2026-12
235951,2027-01-01,0,31,1.0,4097.0,132.2,132.2,231.0,30.0,30.0,132.0,132.0,4097.0,30.0,30.0,monthly,1.0,0.0,4.884315927417586,2027-01
235951,2027-06-01,27,3,0.1,459.0,152.2,153.0,370.0,1.0,30.0,153.0,152.0,459.0,30.0,30.0,monthly,0.1,-2.3025850929940455,5.030437921392435,2027-06
8490,2026-07-01,14,17,0.548,3173.0,186.6,186.6,102.0,3.0,30.0,187.0,187.0,3173.0,30.0,30.0,monthly,0.548,-0.6014799920341214,5.228967288413243,2026-07
8490,2026-08-01,1,30,0.968,5789.0,192.9,193.0,50.0,30.0,30.0,193.0,193.0,5789.0,30.0,30.0,monthly,0.968,-0.03252319170556006,5.262690188904886,2026-08
8490,2026-09-01,14,16,0.533,3083.0,192.1,192.7,151.0,5.0,30.0,193.0,192.0,3083.0,30.0,30.0,monthly,0.533,-0.6292338548162925,5.2611345754203205,2026-09
8490,2026-10-01,11,20,0.645,3825.0,191.1,191.2,186.0,3.0,30.0,191.0,191.0,3825.0,30.0,30.0,monthly,0.645,-0.43850496218636453,5.2533200006173,2026-10
8490,2026-11-01,21,9,0.3,1693.0,188.4,188.1,248.0,4.0,30.0,188.0,188.0,1693.0,30.0,30.0,monthly,0.3,-1.2039728043259361,5.236973736306985,2026-11
8490,2026-12-01,27,4,0.129,750.0,187.6,187.5,190.0,4.0,30.0,188.0,188.0,750.0,30.0,30.0,monthly,0.129,-2.047942874620465,5.233778845410465,2026-12
606269,2026-07-01,0,31,1.0,5463.0,176.2,176.2,133.0,25.0,30.0,176.0,176.0,5463.0,30.0,30.0,monthly,1.0,0.0,5.171619713502079,2026-07
606269,2026-08-01,0,31,1.0,5336.0,172.1,172.1,,,30.0,172.0,172.0,5336.0,30.0,30.0,monthly,1.0,0.0,5.1480757032174935,2026-08
606269,2026-09-01,17,13,0.433,2328.0,178.1,179.1,,,30.0,179.0,178.0,2328.0,30.0,30.0,monthly,0.433,-0.8370175509796473,5.187944309066666,2026-09
226021,2026-07-01,1,30,0.968,7380.0,244.9,246.0,19.0,30.0,30.0,246.0,245.0,7380.0,30.0,,monthly,0.968,-0.03252319170556006,5.5053315359323625,2026-07
305245,2026-07-01,0,31,1.0,7096.0,228.9,228.9,,,30.0,229.0,229.0,7096.0,30.0,30.0,monthly,1.0,0.0,5.433285226958521,2026-07
6848,2026-07-01,0,31,1.0,4052.0,130.7,130.7,208.0,45.0,30.0,131.0,131.0,4052.0,30.0,30.0,monthly,1.0,0.0,4.872904620630176,2026-07
6848,2026-08-01,14,17,0.548,2211.0,128.0,130.1,165.0,113.0,30.0,130.0,128.0,2211.0,30.0,30.0,monthly,0.548,-0.6014799920341214,4.86830338551846,2026-08
6848,2026-09-01,0,30,1.0,3766.0,125.5,125.5,,,30.0,126.0,126.0,3766.0,30.0,30.0,monthly,1.0,0.0,4.832305758571839,2026-09
6848,2026-10-01,0,31,1.0,3878.0,125.1,125.1,,,30.0,125.0,125.0,3878.0,30.0,30.0,monthly,1.0,0.0,4.829113417472866,2026-10
6848,2026-11-01,0,30,1.0,3776.0,125.9,125.9,,,30.0,126.0,126.0,3776.0,30.0,30.0,monthly,1.0,0.0,4.835487941050301,2026-11
6848,2026-12-01,12,19,0.613,2378.0,124.4,125.2,,,30.0,125.0,124.0,2378.0,30.0,30.0,monthly,0.613,-0.48939034304592566,4.829912458665998,2026-12
1263964,2026-07-01,0,31,1.0,2303.0,74.3,74.3,19.0,184.0,30.0,74.0,74.0,2303.0,30.0,30.0,monthly,1.0,0.0,4.308110951723713,2026-07
1263964,2026-08-01,0,31,1.0,2310.0,74.5,74.5,,,30.0,75.0,75.0,2310.0,30.0,30.0,monthly,1.0,0.0,4.310799125385514,2026-08
1263964,2026-09-01,0,30,1.0,2237.0,74.6,74.6,,,30.0,75.0,75.0,2237.0,30.0,30.0,monthly,1.0,0.0,4.312140507209715,2026-09
1263964,2026-10-01,0,31,1.0,2281.0,73.6,73.6,,,30.0,74.0,74.0,2281.0,30.0,30.0,monthly,1.0,0.0,4.298645025734831,2026-10
1263964,2026-11-01,0,30,1.0,2233.0,74.4,74.4,,,30.0,74.0,74.0,2233.0,30.0,30.0,monthly,1.0,0.0,4.309455941839047,2026-11
1263964,2026-12-01,0,31,1.0,2344.0,75.6,75.6,,,30.0,76.0,76.0,2344.0,30.0,30.0,monthly,1.0,0.0,4.3254562831854875,2026-12
189135,2026-07-01,6,25,0.806,4989.0,198.5,199.6,74.0,5.0,2.0,200.0,199.0,4989.0,2.0,2.0,short_stay,0.806,-0.2156715364755087,5.296315363877364,2026-07
189135,2026-08-01,26,5,0.161,982.0,195.0,196.4,52.0,5.0,2.0,196.0,195.0,982.0,2.0,2.0,short_stay,0.161,-1.8263509139976741,5.280153395920365,2026-08
189135,2026-09-01,27,3,0.1,628.0,212.1,209.3,74.0,3.0,2.0,209.0,212.0,628.0,2.0,2.0,short_stay,0.1,-2.3025850929940455,5.343768629451954,2026-09
12192,2026-07-01,0,31,1.0,1891.0,61.0,61.0,25.0,63.0,30.0,61.0,61.0,1891.0,30.0,30.0,monthly,1.0,0.0,4.110873864173311,2026-07
12192,2026-08-01,0,31,1.0,1883.0,60.7,60.7,,,30.0,61.0,61.0,1883.0,30.0,30.0,monthly,1.0,0.0,4.1059436980654525,2026-08
12192,2026-09-01,29,1,0.033,60.0,60.5,60.0,,,30.0,60.0,61.0,60.0,30.0,30.0,monthly,0.033,-3.4112477175156566,4.0943445622221,2026-09
66974,2026-07-01,16,15,0.484,3127.0,205.8,208.5,,,30.0,209.0,206.0,3127.0,30.0,30.0,monthly,0.484,-0.7256703722655053,5.339939041238856,2026-07
66974,2026-08-01,14,17,0.548,3412.0,200.6,200.7,141.0,31.0,30.0,201.0,201.0,3412.0,30.0,30.0,monthly,0.548,-0.6014799920341214,5.301811255802292,2026-08
66974,2026-09-01,11,19,0.633,3907.0,206.1,205.6,154.0,30.0,30.0,206.0,206.0,3907.0,30.0,30.0,monthly,0.633,-0.45728485683796083,5.32593253358101,2026-09
66974,2026-10-01,6,25,0.806,5027.0,200.2,201.1,,,30.0,201.0,200.0,5027.0,30.0,30.0,monthly,0.806,-0.2156715364755087,5.303802296778606,2026-10
498052,2026-07-01,0,31,1.0,5699.0,183.8,183.8,203.0,5.0,1.0,184.0,184.0,5699.0,1.0,1.0,short_stay,1.0,0.0,5.213848209921586,2026-07
498052,2026-08-01,11,20,0.645,3659.0,187.8,182.9,118.0,10.0,1.0,183.0,188.0,3659.0,1.0,1.0,short_stay,0.645,-0.43850496218636453,5.20893955539682,2026-08
498052,2026-09-01,0,30,1.0,5930.0,197.7,197.7,,,1.0,198.0,198.0,5930.0,1.0,1.0,short_stay,1.0,0.0,5.286750730176571,2026-09
498052,2026-10-01,0,31,1.0,6160.0,198.7,198.7,331.0,16.0,1.0,199.0,199.0,6160.0,1.0,1.0,short_stay,1.0,0.0,5.291796149557771,2026-10
498052,2026-11-01,9,21,0.7,4365.0,205.7,207.9,261.0,5.0,1.0,208.0,206.0,4365.0,1.0,1.0,short_stay,0.7,-0.35667494393873245,5.337057194863967,2026-11
498052,2026-12-01,8,23,0.742,4655.0,201.5,202.4,240.0,9.0,1.0,202.0,202.0,4655.0,1.0,1.0,short_stay,0.742,-0.2984060358147566,5.310245937413311,2026-12
498052,2027-01-01,22,9,0.29,1777.0,204.5,197.4,,,1.0,197.0,205.0,1777.0,1.0,1.0,short_stay,0.29,-1.2378743560016174,5.285232126999381,2027-01
498052,2027-06-01,26,4,0.133,824.0,205.6,206.0,339.0,4.0,1.0,206.0,206.0,824.0,1.0,1.0,short_stay,0.133,-2.017406150760383,5.327876168789581,2027-06
804194,2026-07-01,4,27,0.871,5192.0,190.5,192.3,87.0,5.0,2.0,192.0,191.0,5192.0,2.0,3.0,short_stay,0.871,-0.13811330212963427,5.259056652594734,2026-07
804194,2026-08-01,13,18,0.581,2918.0,163.9,162.1,76.0,6.0,2.0,162.0,164.0,2918.0,2.0,3.0,short_stay,0.581,-0.5430045221302259,5.08821342874163,2026-08
804194,2026-09-01,9,21,0.7,3665.0,174.7,174.5,153.0,5.0,2.0,175.0,175.0,3665.0,2.0,3.0,short_stay,0.7,-0.35667494393873245,5.161924741642482,2026-09
804194,2026-10-01,16,15,0.484,2660.0,176.0,177.3,165.0,5.0,3.0,177.0,176.0,2660.0,2.0,3.0,short_stay,0.484,-0.7256703722655053,5.177843213080163,2026-10
804194,2026-11-01,29,1,0.033,168.0,172.4,168.0,,,3.0,168.0,172.0,168.0,2.0,3.0,short_stay,0.033,-3.4112477175156566,5.123963979403259,2026-11
804194,2026-12-01,28,3,0.097,481.0,179.1,160.3,266.0,9.0,3.0,160.0,179.0,481.0,2.0,3.0,short_stay,0.097,-2.333044300478754,5.0770470596155075,2026-12
804194,2027-01-01,25,6,0.194,898.0,150.5,149.7,,,3.0,150.0,151.0,898.0,2.0,3.0,short_stay,0.194,-1.6398971199188088,5.008633291425583,2027-01
16974,2026-07-01,0,31,1.0,6788.0,219.0,219.0,19.0,45.0,30.0,219.0,219.0,6788.0,30.0,30.0,monthly,1.0,0.0,5.389071729816501,2026-07
16974,2026-08-01,17,14,0.452,3033.0,218.4,216.6,,,30.0,217.0,218.0,3033.0,30.0,30.0,monthly,0.452,-0.7940730991499059,5.37805233456689,2026-08
704838,2026-07-01,0,31,1.0,3395.0,109.5,109.5,166.0,184.0,30.0,110.0,110.0,3395.0,30.0,30.0,monthly,1.0,0.0,4.695924549256556,2026-07
704838,2026-08-01,0,31,1.0,3540.0,114.2,114.2,,,30.0,114.0,114.0,3540.0,30.0,30.0,monthly,1.0,0.0,4.73795129722191,2026-08
704838,2026-09-01,0,30,1.0,3436.0,114.5,114.5,,,30.0,115.0,115.0,3436.0,30.0,30.0,monthly,1.0,0.0,4.740574822994295,2026-09
704838,2026-10-01,0,31,1.0,3501.0,112.9,112.9,,,30.0,113.0,113.0,3501.0,30.0,30.0,monthly,1.0,0.0,4.726502471155617,2026-10
704838,2026-11-01,0,30,1.0,3310.0,110.3,110.3,,,30.0,110.0,110.0,3310.0,30.0,30.0,monthly,1.0,0.0,4.703203926259457,2026-11
704838,2026-12-01,0,31,1.0,3417.0,110.2,110.2,,,30.0,110.0,110.0,3417.0,30.0,30.0,monthly,1.0,0.0,4.702296896718814,2026-12
753991,2026-07-01,0,31,1.0,3861.0,124.5,124.5,94.0,47.0,30.0,125.0,125.0,3861.0,30.0,30.0,monthly,1.0,0.0,4.824305715904762,2026-07
753991,2026-08-01,15,16,0.516,2070.0,130.7,129.4,,,30.0,129.0,131.0,2070.0,30.0,30.0,monthly,0.516,-0.6616485135005743,4.8629083820668,2026-08
837503,2026-08-01,10,21,0.677,3124.0,148.5,148.8,69.0,285.0,60.0,149.0,149.0,3124.0,30.0,30.0,monthly,0.677,-0.390084006069862,5.002603122398992,2026-08
837503,2026-09-01,0,30,1.0,4344.0,144.8,144.8,,,60.0,145.0,145.0,4344.0,30.0,30.0,monthly,1.0,0.0,4.975353479951616,2026-09
837503,2026-10-01,0,31,1.0,4461.0,143.9,143.9,,,60.0,144.0,144.0,4461.0,30.0,30.0,monthly,1.0,0.0,4.969118613893322,2026-10
837503,2026-11-01,0,30,1.0,4313.0,143.8,143.8,,,60.0,144.0,144.0,4313.0,30.0,30.0,monthly,1.0,0.0,4.9684234452869465,2026-11
837503,2026-12-01,0,31,1.0,4341.0,140.0,140.0,,,60.0,140.0,140.0,4341.0,30.0,30.0,monthly,1.0,0.0,4.941642422609304,2026-12
837503,2027-01-01,0,31,1.0,4309.0,139.0,139.0,,,90.0,139.0,139.0,4309.0,30.0,30.0,monthly,1.0,0.0,4.9344739331306915,2027-01
837503,2027-02-01,0,28,1.0,3931.0,140.4,140.4,,,90.0,140.0,140.0,3931.0,30.0,30.0,monthly,1.0,0.0,4.944495491591711,2027-02
837503,2027-03-01,0,31,1.0,4425.0,142.7,142.7,,,90.0,143.0,143.0,4425.0,30.0,30.0,monthly,1.0,0.0,4.960744524482791,2027-03
837503,2027-04-01,0,30,1.0,4242.0,141.4,141.4,,,90.0,141.0,141.0,4242.0,30.0,30.0,monthly,1.0,0.0,4.951592753462473,2027-04
837503,2027-05-01,9,22,0.71,3102.0,141.3,141.0,,,90.0,141.0,141.0,3102.0,30.0,30.0,monthly,0.71,-0.342490308946776,4.948759890378168,2027-05
82928,2026-07-01,21,10,0.323,1262.0,125.6,126.2,25.0,1.0,30.0,126.0,126.0,1262.0,30.0,30.0,monthly,0.323,-1.1301029557594804,4.837867950107113,2026-07
82928,2026-08-01,20,11,0.355,1366.0,124.7,124.2,54.0,2.0,30.0,124.0,125.0,1366.0,30.0,30.0,monthly,0.355,-1.0356374895067213,4.821893169499378,2026-08
82928,2026-09-01,17,13,0.433,1651.0,127.0,127.0,83.0,2.0,30.0,127.0,127.0,1651.0,30.0,30.0,monthly,0.433,-0.8370175509796473,4.844187086458591,2026-09
82928,2026-10-01,18,13,0.419,1642.0,125.8,126.3,116.0,1.0,30.0,126.0,126.0,1642.0,30.0,30.0,monthly,0.419,-0.8698843590599994,4.838660029356445,2026-10
82928,2026-11-01,21,9,0.3,1163.0,129.0,129.2,140.0,1.0,30.0,129.0,129.0,1163.0,30.0,30.0,monthly,0.3,-1.2039728043259361,4.861361591348501,2026-11
82928,2026-12-01,19,12,0.387,1510.0,126.3,125.8,177.0,2.0,30.0,126.0,126.0,1510.0,30.0,30.0,monthly,0.387,-0.9493305859523552,4.8346933442663405,2026-12
82928,2027-01-01,25,6,0.194,749.0,121.5,124.8,198.0,2.0,30.0,125.0,122.0,749.0,30.0,30.0,monthly,0.194,-1.6398971199188088,4.826712455935327,2027-01
607781,2026-07-01,0,31,1.0,4237.0,136.7,136.7,88.0,62.0,30.0,137.0,137.0,4237.0,30.0,1.0,monthly,1.0,0.0,4.917788743729904,2026-07
607781,2026-08-01,0,31,1.0,4282.0,138.1,138.1,,,30.0,138.0,138.0,4282.0,30.0,1.0,monthly,1.0,0.0,4.9279780604152466,2026-08
607781,2026-09-01,23,7,0.233,967.0,137.6,138.1,102.0,7.0,30.0,138.0,138.0,967.0,30.0,1.0,monthly,0.233,-1.4567168254164364,4.9279780604152466,2026-09
83243,2026-07-01,0,31,1.0,2102.0,67.8,67.8,124.0,15.0,30.0,68.0,68.0,2102.0,30.0,30.0,monthly,1.0,0.0,4.216562194946349,2026-07
1331960,2026-07-01,18,13,0.419,2048.0,156.7,157.5,,,30.0,158.0,157.0,2048.0,30.0,30.0,monthly,0.419,-0.8698843590599994,5.059425458265688,2026-07
1331960,2026-08-01,24,7,0.226,1087.0,157.6,155.3,67.0,7.0,30.0,155.0,158.0,1087.0,30.0,30.0,monthly,0.226,-1.487220279709851,5.045358730154642,2026-08
600775,2026-07-01,29,2,0.065,147.0,72.8,73.5,60.0,1.0,30.0,74.0,73.0,147.0,30.0,30.0,monthly,0.065,-2.7333680090865,4.297285406218791,2026-07
983625,2026-07-01,0,31,1.0,3462.0,111.7,111.7,133.0,52.0,30.0,112.0,112.0,3462.0,30.0,,monthly,1.0,0.0,4.715816706075155,2026-07
983625,2026-08-01,10,21,0.677,2441.0,114.6,116.2,,,30.0,116.0,115.0,2441.0,30.0,,monthly,0.677,-0.390084006069862,4.755312844417811,2026-08
983625,2026-09-01,0,30,1.0,3370.0,112.3,112.3,93.0,242.0,30.0,112.0,112.0,3370.0,30.0,,monthly,1.0,0.0,4.721173861744398,2026-09
983625,2026-10-01,0,31,1.0,3430.0,110.6,110.6,,,30.0,111.0,111.0,3430.0,30.0,,monthly,1.0,0.0,4.7059200890882344,2026-10
983625,2026-11-01,0,30,1.0,3313.0,110.4,110.4,,,30.0,110.0,110.0,3313.0,30.0,,monthly,1.0,0.0,4.704110133842995,2026-11
983625,2026-12-01,0,31,1.0,3399.0,109.6,109.6,,,30.0,110.0,110.0,3399.0,30.0,,monthly,1.0,0.0,4.696837374513915,2026-12
983625,2027-01-01,0,31,1.0,3385.0,109.2,109.2,,,30.0,109.0,109.0,3385.0,30.0,,monthly,1.0,0.0,4.693181063310805,2027-01
983625,2027-02-01,0,28,1.0,3031.0,108.2,108.2,,,30.0,108.0,108.0,3031.0,30.0,,monthly,1.0,0.0,4.6839813664123815,2027-02
983625,2027-03-01,0,31,1.0,3386.0,109.2,109.2,,,30.0,109.0,109.0,3386.0,30.0,,monthly,1.0,0.0,4.693181063310805,2027-03
983625,2027-04-01,0,30,1.0,3276.0,109.2,109.2,,,30.0,109.0,109.0,3276.0,30.0,,monthly,1.0,0.0,4.693181063310805,2027-04
245574,2026-07-01,25,6,0.194,2065.0,284.7,344.2,104.0,6.0,1.0,344.0,285.0,2065.0,2.0,2.0,short_stay,0.194,-1.6398971199188088,5.841222883777439,2026-07
56859,2026-07-01,1,30,0.968,3116.0,104.4,103.9,,,30.0,104.0,104.0,3116.0,30.0,30.0,monthly,0.968,-0.03252319170556006,4.6434288981051814,2026-07
294259,2026-07-01,30,1,0.032,421.0,548.8,421.0,65.0,1.0,1.0,421.0,549.0,421.0,1.0,1.0,short_stay,0.032,-3.4420193761824103,6.042632833682381,2026-07
190974,2026-07-01,14,17,0.548,2247.0,132.6,132.2,33.0,31.0,30.0,132.0,133.0,2247.0,30.0,,monthly,0.548,-0.6014799920341214,4.884315927417586,2026-07
190974,2026-08-01,17,14,0.452,1848.0,137.0,132.0,,,30.0,132.0,137.0,1848.0,30.0,,monthly,0.452,-0.7940730991499059,4.882801922586371,2026-08
39282,2026-07-01,9,22,0.71,6078.0,267.9,276.3,43.0,30.0,4.0,276.0,268.0,6078.0,4.0,,short_stay,0.71,-0.342490308946776,5.621487231929371,2026-07
39282,2026-08-01,23,8,0.258,1755.0,216.2,219.4,,,4.0,219.0,216.0,1755.0,4.0,,short_stay,0.258,-1.3547956940605197,5.3908965478411295,2026-08
274743,2026-07-01,0,31,1.0,4026.0,129.9,129.9,19.0,73.0,30.0,130.0,130.0,4026.0,30.0,30.0,monthly,1.0,0.0,4.866764923676554,2026-07
274743,2026-08-01,0,31,1.0,4052.0,130.7,130.7,,,30.0,131.0,131.0,4052.0,30.0,30.0,monthly,1.0,0.0,4.872904620630176,2026-08
274743,2026-09-01,19,11,0.367,1522.0,137.1,138.4,,,30.0,138.0,137.0,1522.0,30.0,30.0,monthly,0.367,-1.0023934309275668,4.93014804318357,2026-09
18728,2026-07-01,0,31,1.0,5305.0,171.1,171.1,,,30.0,171.0,171.0,5305.0,30.0,30.0,monthly,1.0,0.0,5.1422481808981475,2026-07
18728,2026-08-01,6,25,0.806,4263.0,175.8,170.5,,,30.0,171.0,176.0,4263.0,30.0,30.0,monthly,0.806,-0.2156715364755087,5.1387352967235715,2026-08
25406,2026-07-01,1,30,0.968,3671.0,122.4,122.4,20.0,33.0,30.0,122.0,122.0,3671.0,30.0,,monthly,0.968,-0.03252319170556006,4.807294370078226,2026-07
25406,2026-08-01,1,30,0.968,3665.0,122.2,122.2,54.0,56.0,30.0,122.0,122.0,3665.0,30.0,,monthly,0.968,-0.03252319170556006,4.805659046737495,2026-08
25406,2026-09-01,1,29,0.967,3550.0,122.4,122.4,,,30.0,122.0,122.0,3550.0,30.0,,monthly,0.967,-0.033556783528842754,4.807294370078226,2026-09
1258651,2026-07-01,18,13,0.419,5221.0,393.7,401.6,154.0,4.0,2.0,402.0,394.0,5221.0,2.0,3.0,short_stay,0.419,-0.8698843590599994,5.995456568377519,2026-07
1258651,2026-08-01,14,17,0.548,6357.0,371.4,373.9,179.0,5.0,3.0,374.0,371.0,6357.0,2.0,3.0,short_stay,0.548,-0.6014799920341214,5.923988381983068,2026-08
1258651,2026-09-01,10,20,0.667,7567.0,377.7,378.4,183.0,6.0,3.0,378.0,378.0,7567.0,2.0,3.0,short_stay,0.667,-0.4049652330665133,5.935951837177723,2026-09
1258651,2026-10-01,13,18,0.581,6848.0,381.1,380.4,199.0,6.0,3.0,380.0,381.0,6848.0,2.0,3.0,short_stay,0.581,-0.5430045221302259,5.941223330671235,2026-10
1258651,2026-11-01,29,1,0.033,371.0,394.3,371.0,,,3.0,371.0,394.0,371.0,2.0,3.0,short_stay,0.033,-3.4112477175156566,5.916202062607435,2026-11
1258651,2026-12-01,24,7,0.226,2720.0,434.2,388.6,164.0,7.0,3.0,389.0,434.0,2720.0,2.0,3.0,short_stay,0.226,-1.487220279709851,5.96255053694334,2026-12
1258651,2027-03-01,28,3,0.097,1101.0,365.8,367.0,302.0,3.0,3.0,367.0,366.0,1101.0,2.0,3.0,short_stay,0.097,-2.333044300478754,5.905361848054571,2027-03
1255828,2026-07-01,7,24,0.774,2191.0,91.8,91.3,175.0,20.0,30.0,91.0,92.0,2191.0,30.0,5.0,monthly,0.774,-0.2561834053924099,4.514150787600923,2026-07
1255828,2026-08-01,0,31,1.0,2545.0,82.1,82.1,96.0,32.0,30.0,82.0,82.0,2545.0,30.0,5.0,monthly,1.0,0.0,4.407938016458383,2026-08
1255828,2026-09-01,12,18,0.6,1594.0,84.2,88.6,227.0,32.0,30.0,89.0,84.0,1594.0,30.0,5.0,monthly,0.6,-0.5108256237659907,4.484131857611035,2026-09
1255828,2026-10-01,0,31,1.0,2295.0,74.0,74.0,,,30.0,74.0,74.0,2295.0,30.0,5.0,monthly,1.0,0.0,4.30406509320417,2026-10
906038,2026-07-01,4,27,0.871,3029.0,111.9,112.2,39.0,26.0,30.0,112.0,112.0,3029.0,30.0,,monthly,0.871,-0.13811330212963427,4.720282993088596,2026-07
906038,2026-08-01,6,25,0.806,2845.0,113.8,113.8,,,30.0,114.0,114.0,2845.0,30.0,,monthly,0.806,-0.2156715364755087,4.73444252169223,2026-08
343276,2026-07-01,0,31,1.0,3957.0,127.6,127.6,109.0,13.0,4.0,128.0,128.0,3957.0,1.0,10.0,short_stay,1.0,0.0,4.848900370910689,2026-07
343276,2026-08-01,7,24,0.774,2845.0,125.5,118.5,91.0,3.0,10.0,119.0,126.0,2845.0,1.0,10.0,short_stay,0.774,-0.2561834053924099,4.774912960575186,2026-08
343276,2026-09-01,12,18,0.6,2980.0,167.7,165.6,166.0,2.0,3.0,166.0,168.0,2980.0,1.0,10.0,short_stay,0.6,-0.5108256237659907,5.109575241951159,2026-09
343276,2026-10-01,11,20,0.645,3740.0,184.7,187.0,184.0,3.0,4.0,187.0,185.0,3740.0,1.0,10.0,short_stay,0.645,-0.43850496218636453,5.231108616854587,2026-10
343276,2026-11-01,29,1,0.033,190.0,175.4,190.0,,,4.0,190.0,175.0,190.0,1.0,10.0,short_stay,0.033,-3.4112477175156566,5.247024072160486,2026-11
343276,2026-12-01,29,2,0.065,358.0,191.6,179.0,220.0,2.0,4.0,179.0,192.0,358.0,1.0,10.0,short_stay,0.065,-2.7333680090865,5.187385805840755,2026-12
118061,2026-07-01,21,10,0.323,1204.0,118.9,120.4,94.0,10.0,30.0,120.0,119.0,1204.0,30.0,30.0,monthly,0.323,-1.1301029557594804,4.79081953287472,2026-07
118061,2026-09-01,0,30,1.0,3415.0,113.8,113.8,186.0,61.0,30.0,114.0,114.0,3415.0,30.0,30.0,monthly,1.0,0.0,4.73444252169223,2026-09
118061,2026-10-01,0,31,1.0,3500.0,112.9,112.9,,,30.0,113.0,113.0,3500.0,30.0,30.0,monthly,1.0,0.0,4.726502471155617,2026-10
208889,2026-07-01,0,31,1.0,3566.0,115.0,115.0,94.0,46.0,30.0,115.0,115.0,3566.0,30.0,30.0,monthly,1.0,0.0,4.74493212836325,2026-07
208889,2026-08-01,16,15,0.484,1718.0,113.5,114.5,,,30.0,115.0,114.0,1718.0,30.0,30.0,monthly,0.484,-0.7256703722655053,4.740574822994295,2026-08
684991,2026-07-01,5,26,0.839,5232.0,201.2,201.2,31.0,26.0,30.0,201.0,201.0,5232.0,30.0,30.0,monthly,0.839,-0.1755445725149309,5.304299438225584,2026-07
25696,2026-07-01,24,7,0.226,1384.0,196.7,197.7,35.0,7.0,1.0,198.0,197.0,1384.0,1.0,17.0,short_stay,0.226,-1.487220279709851,5.286750730176571,2026-07
25696,2026-08-01,24,7,0.226,1216.0,170.5,173.7,164.0,6.0,1.0,174.0,171.0,1216.0,1.0,17.0,short_stay,0.226,-1.487220279709851,5.157329673247059,2026-08
25696,2026-09-01,7,23,0.767,3887.0,168.4,169.0,180.0,8.0,1.0,169.0,168.0,3887.0,1.0,17.0,short_stay,0.767,-0.26526847761488087,5.1298987149230735,2026-09
25696,2026-10-01,23,8,0.258,1227.0,137.5,153.4,120.0,4.0,1.0,153.0,138.0,1227.0,1.0,17.0,short_stay,0.258,-1.3547956940605197,5.0330488889331555,2026-10
295998,2026-07-01,0,31,1.0,8135.0,262.4,262.4,118.0,16.0,30.0,262.0,262.0,8135.0,30.0,30.0,monthly,1.0,0.0,5.5698700570699335,2026-07
295998,2026-08-01,1,30,0.968,7489.0,249.3,249.6,124.0,13.0,30.0,250.0,249.0,7489.0,30.0,30.0,monthly,0.968,-0.03252319170556006,5.519859636495273,2026-08
295998,2026-09-01,0,30,1.0,7649.0,255.0,255.0,284.0,95.0,30.0,255.0,255.0,7649.0,30.0,30.0,monthly,1.0,0.0,5.541263545158426,2026-09
295998,2026-10-01,0,31,1.0,7817.0,252.2,252.2,,,30.0,252.0,252.0,7817.0,30.0,30.0,monthly,1.0,0.0,5.5302224235308195,2026-10
295998,2026-11-01,0,30,1.0,7578.0,252.6,252.6,,,30.0,253.0,253.0,7578.0,30.0,30.0,monthly,1.0,0.0,5.531807209916391,2026-11
295998,2026-12-01,13,18,0.581,4732.0,251.8,262.9,,,30.0,263.0,252.0,4732.0,30.0,30.0,monthly,0.581,-0.5430045221302259,5.571773731735836,2026-12
295998,2027-04-01,29,1,0.033,238.0,247.2,238.0,308.0,1.0,30.0,238.0,247.0,238.0,30.0,30.0,monthly,0.033,-3.4112477175156566,5.472270673671475,2027-04
936218,2026-07-01,0,31,1.0,1262.0,40.7,40.7,,,30.0,41.0,41.0,1262.0,30.0,30.0,monthly,1.0,0.0,3.7062280924485496,2026-07
936218,2026-08-01,1,30,0.968,1219.0,40.6,40.6,170.0,1.0,30.0,41.0,41.0,1219.0,30.0,30.0,monthly,0.968,-0.03252319170556006,3.703768066607687,2026-08
141335,2026-07-01,13,18,0.581,13238.0,718.8,735.4,,,30.0,735.0,719.0,13238.0,30.0,30.0,monthly,0.581,-0.5430045221302259,6.600414568867172,2026-07
141335,2026-08-01,30,1,0.032,746.0,741.4,746.0,80.0,31.0,30.0,746.0,741.0,746.0,30.0,30.0,monthly,0.032,-3.4420193761824103,6.61472560020376,2026-08
141335,2026-09-01,0,30,1.0,21733.0,724.4,724.4,,,30.0,724.0,724.0,21733.0,30.0,30.0,monthly,1.0,0.0,6.585343726009258,2026-09
431865,2026-07-01,17,14,0.452,5758.0,441.3,411.3,155.0,6.0,4.0,411.0,441.0,5758.0,4.0,,short_stay,0.452,-0.7940730991499059,6.019322875236378,2026-07
431865,2026-08-01,23,8,0.258,3673.0,452.1,459.1,67.0,4.0,4.0,459.0,452.0,3673.0,4.0,,short_stay,0.258,-1.3547956940605197,6.129268051255177,2026-08
431865,2026-09-01,19,11,0.367,4874.0,443.8,443.1,96.0,3.0,4.0,443.0,444.0,4874.0,4.0,,short_stay,0.367,-1.0023934309275668,6.093795478205444,2026-09
431865,2026-10-01,10,21,0.677,10169.0,483.6,484.2,327.0,8.0,4.0,484.0,484.0,10169.0,4.0,,short_stay,0.677,-0.390084006069862,6.182498044503958,2026-10
431865,2026-11-01,26,4,0.133,2040.0,489.1,510.0,141.0,4.0,4.0,510.0,489.0,2040.0,4.0,,short_stay,0.133,-2.017406150760383,6.234410725718371,2026-11
431865,2026-12-01,18,13,0.419,6733.0,525.8,517.9,225.0,6.0,4.0,518.0,526.0,6733.0,4.0,,short_stay,0.419,-0.8698843590599994,6.249782173429845,2026-12
431865,2027-06-01,14,16,0.533,7643.0,474.1,477.7,345.0,16.0,4.0,478.0,474.0,7643.0,4.0,,short_stay,0.533,-0.6292338548162925,6.168982920395917,2027-06
93313,2026-07-01,7,24,0.774,4035.0,167.5,168.1,103.0,6.0,30.0,168.0,168.0,4035.0,30.0,30.0,monthly,0.774,-0.2561834053924099,5.12455904041457,2026-07
93313,2026-08-01,8,23,0.742,3936.0,171.5,171.1,63.0,6.0,30.0,171.0,172.0,3936.0,30.0,30.0,monthly,0.742,-0.2984060358147566,5.1422481808981475,2026-08
93313,2026-09-01,12,18,0.6,3088.0,171.4,171.6,95.0,5.0,30.0,172.0,171.0,3088.0,30.0,30.0,monthly,0.6,-0.5108256237659907,5.145166187053862,2026-09
93313,2026-10-01,8,23,0.742,3845.0,167.0,167.2,167.0,6.0,30.0,167.0,167.0,3845.0,30.0,30.0,monthly,0.742,-0.2984060358147566,5.119190700650601,2026-10
93313,2026-11-01,24,6,0.2,985.0,163.8,164.2,165.0,5.0,30.0,164.0,164.0,985.0,30.0,30.0,monthly,0.2,-1.6094379124341003,5.101085197018328,2026-11
93313,2026-12-01,21,10,0.323,1632.0,163.0,163.2,193.0,5.0,30.0,163.0,163.0,1632.0,30.0,30.0,monthly,0.323,-1.1301029557594804,5.094976442530006,2026-12
93313,2027-01-01,30,1,0.032,164.0,161.5,164.0,,,30.0,164.0,162.0,164.0,30.0,30.0,monthly,0.032,-3.4420193761824103,5.099866427824199,2027-01
93313,2027-05-01,26,5,0.161,844.0,170.5,168.8,349.0,7.0,30.0,169.0,171.0,844.0,30.0,30.0,monthly,0.161,-1.8263509139976741,5.128714582161857,2027-05
93313,2027-06-01,28,2,0.067,338.0,168.3,169.0,,,30.0,169.0,168.0,338.0,30.0,30.0,monthly,0.067,-2.703062659591171,5.1298987149230735,2027-06
1023529,2026-07-01,29,2,0.065,123.0,61.5,61.5,7.0,2.0,30.0,62.0,62.0,123.0,30.0,30.0,monthly,0.065,-2.7333680090865,4.119037174812473,2026-07
748118,2026-07-01,28,3,0.097,1057.0,361.2,352.3,152.0,3.0,3.0,352.0,361.0,1057.0,3.0,,short_stay,0.097,-2.333044300478754,5.864483085347192,2026-07
748118,2026-10-01,28,3,0.097,1111.0,370.6,370.3,109.0,3.0,3.0,370.0,371.0,1111.0,3.0,,short_stay,0.097,-2.333044300478754,5.914313487919567,2026-10
645075,2026-07-01,6,25,0.806,5203.0,210.9,208.1,,,2.0,208.0,211.0,5203.0,2.0,2.0,short_stay,0.806,-0.2156715364755087,5.338018733399589,2026-07
645075,2026-08-01,8,23,0.742,5189.0,224.8,225.6,156.0,22.0,2.0,226.0,225.0,5189.0,2.0,2.0,short_stay,0.742,-0.2984060358147566,5.418763519623904,2026-08
645075,2026-09-01,0,30,1.0,6601.0,220.0,220.0,148.0,10.0,2.0,220.0,220.0,6601.0,2.0,2.0,short_stay,1.0,0.0,5.393627546352362,2026-09
645075,2026-10-01,1,30,0.968,6732.0,224.7,224.4,150.0,14.0,2.0,224.0,225.0,6732.0,2.0,2.0,short_stay,0.968,-0.03252319170556006,5.413430173648541,2026-10
645075,2026-11-01,23,7,0.233,1520.0,222.1,217.1,167.0,6.0,2.0,217.0,222.0,1520.0,2.0,2.0,short_stay,0.233,-1.4567168254164364,5.380358076884246,2026-11
645075,2026-12-01,28,3,0.097,655.0,215.0,218.3,176.0,3.0,2.0,218.0,215.0,655.0,2.0,2.0,short_stay,0.097,-2.333044300478754,5.385870263555899,2026-12
55959,2026-07-01,22,9,0.29,2037.0,233.9,226.3,40.0,9.0,4.0,226.0,234.0,2037.0,4.0,,short_stay,0.29,-1.2378743560016174,5.421861552639491,2026-07
747316,2026-07-01,0,31,1.0,2757.0,88.9,88.9,,,30.0,89.0,89.0,2757.0,30.0,30.0,monthly,1.0,0.0,4.487512142519859,2026-07
747316,2026-08-01,0,31,1.0,2608.0,84.1,84.1,,,30.0,84.0,84.0,2608.0,30.0,30.0,monthly,1.0,0.0,4.432006566978902,2026-08
747316,2026-09-01,0,30,1.0,2462.0,82.1,82.1,,,30.0,82.0,82.0,2462.0,30.0,30.0,monthly,1.0,0.0,4.407938016458383,2026-09
747316,2026-10-01,10,21,0.677,1698.0,82.0,80.9,,,30.0,81.0,82.0,1698.0,30.0,30.0,monthly,0.677,-0.390084006069862,4.393213824064446,2026-10
107630,2026-07-01,0,31,1.0,6629.0,213.8,213.8,34.0,59.0,30.0,214.0,214.0,6629.0,30.0,38.0,monthly,1.0,0.0,5.365040998590945,2026-07
107630,2026-08-01,3,28,0.903,5822.0,207.7,207.9,,,30.0,208.0,208.0,5822.0,30.0,38.0,monthly,0.903,-0.10203272556515161,5.337057194863967,2026-08
288726,2026-08-01,5,26,0.839,2360.0,91.7,90.8,61.0,30.0,30.0,91.0,92.0,2360.0,30.0,30.0,monthly,0.839,-0.1755445725149309,4.508659285607248,2026-08
288726,2026-09-01,26,4,0.133,319.0,80.8,79.8,,,30.0,80.0,81.0,319.0,30.0,30.0,monthly,0.133,-2.017406150760383,4.379523504455763,2026-09
753687,2026-07-01,9,22,0.71,4195.0,199.9,190.7,195.0,4.0,2.0,191.0,200.0,4195.0,1.0,3.0,short_stay,0.71,-0.342490308946776,5.250701512606374,2026-07
753687,2026-08-01,17,14,0.452,2522.0,183.6,180.1,131.0,4.0,3.0,180.0,184.0,2522.0,1.0,3.0,short_stay,0.452,-0.7940730991499059,5.19351225218191,2026-08
753687,2026-09-01,7,23,0.767,3963.0,172.3,172.3,248.0,4.0,2.0,172.0,172.0,3963.0,1.0,3.0,short_stay,0.767,-0.26526847761488087,5.149237143533884,2026-09
753687,2026-10-01,13,18,0.581,3057.0,175.4,169.8,251.0,4.0,2.0,170.0,175.0,3057.0,1.0,3.0,short_stay,0.581,-0.5430045221302259,5.134621273877247,2026-10
753687,2026-11-01,25,5,0.167,836.0,190.2,167.2,291.0,4.0,3.0,167.0,190.0,836.0,1.0,3.0,short_stay,0.167,-1.7897614665653818,5.119190700650601,2026-11
753687,2026-12-01,15,16,0.516,3419.0,213.3,213.7,313.0,4.0,3.0,214.0,213.0,3419.0,1.0,3.0,short_stay,0.516,-0.6616485135005743,5.364573162325102,2026-12
411918,2026-07-01,11,20,0.645,3044.0,151.0,152.2,55.0,32.0,30.0,152.0,151.0,3044.0,30.0,30.0,monthly,0.645,-0.43850496218636453,5.025195445427586,2026-07
411918,2026-08-01,0,31,1.0,4435.0,143.1,143.1,,,30.0,143.0,143.0,4435.0,30.0,30.0,monthly,1.0,0.0,4.963543686562405,2026-08
411918,2026-11-01,29,1,0.033,148.0,149.8,148.0,177.0,10.0,30.0,148.0,150.0,148.0,30.0,30.0,monthly,0.033,-3.4112477175156566,4.997212273764115,2026-11
411918,2026-12-01,6,25,0.806,3689.0,147.6,147.6,193.0,108.0,30.0,148.0,148.0,3689.0,30.0,30.0,monthly,0.806,-0.2156715364755087,4.994505912166372,2026-12
411918,2027-01-01,0,31,1.0,4572.0,147.5,147.5,,,30.0,148.0,148.0,4572.0,30.0,30.0,monthly,1.0,0.0,4.993828175779875,2027-01
411918,2027-02-01,0,28,1.0,4210.0,150.4,150.4,,,30.0,150.0,150.0,4210.0,30.0,30.0,monthly,1.0,0.0,5.0132984115157395,2027-02
411918,2027-03-01,0,31,1.0,4665.0,150.5,150.5,,,30.0,151.0,151.0,4665.0,30.0,30.0,monthly,1.0,0.0,5.01396308418893,2027-03
411918,2027-04-01,2,28,0.933,4217.0,150.6,150.6,303.0,32.0,30.0,151.0,151.0,4217.0,30.0,30.0,monthly,0.933,-0.06935007813479317,5.014627315365793,2027-04
411918,2027-05-01,25,6,0.194,903.0,150.3,150.5,,,30.0,151.0,150.0,903.0,30.0,30.0,monthly,0.194,-1.6398971199188088,5.01396308418893,2027-05
216080,2026-07-01,18,13,0.419,1996.0,153.6,153.5,187.0,196.0,30.0,154.0,154.0,1996.0,30.0,,monthly,0.419,-0.8698843590599994,5.033700567027251,2026-07
216080,2026-08-01,0,31,1.0,4693.0,151.4,151.4,,,30.0,151.0,151.0,4693.0,30.0,,monthly,1.0,0.0,5.019925341003349,2026-08
216080,2026-09-01,0,30,1.0,4553.0,151.8,151.8,,,30.0,152.0,152.0,4553.0,30.0,,monthly,1.0,0.0,5.02256386496153,2026-09
216080,2026-10-01,0,31,1.0,4751.0,153.3,153.3,,,30.0,153.0,153.0,4751.0,30.0,,monthly,1.0,0.0,5.0323967858777685,2026-10
216080,2026-11-01,0,30,1.0,4585.0,152.8,152.8,,,30.0,153.0,153.0,4585.0,30.0,,monthly,1.0,0.0,5.02912987673242,2026-11
216080,2026-12-01,0,31,1.0,4663.0,150.4,150.4,,,30.0,150.0,150.0,4663.0,30.0,,monthly,1.0,0.0,5.0132984115157395,2026-12
216080,2027-01-01,1,30,0.968,4522.0,150.7,150.7,,,30.0,151.0,151.0,4522.0,30.0,,monthly,0.968,-0.03252319170556006,5.01529110563245,2027-01
216080,2027-02-01,0,28,1.0,4245.0,151.6,151.6,228.0,120.0,30.0,152.0,152.0,4245.0,30.0,,monthly,1.0,0.0,5.021245473208271,2027-02
216080,2027-03-01,0,31,1.0,4802.0,154.9,154.9,,,30.0,155.0,155.0,4802.0,30.0,,monthly,1.0,0.0,5.042779747422823,2027-03
216080,2027-04-01,0,30,1.0,4619.0,154.0,154.0,,,30.0,154.0,154.0,4619.0,30.0,,monthly,1.0,0.0,5.0369526024136295,2027-04
216080,2027-05-01,0,31,1.0,4775.0,154.0,154.0,,,30.0,154.0,154.0,4775.0,30.0,,monthly,1.0,0.0,5.0369526024136295,2027-05
645693,2026-07-01,1,30,0.968,2213.0,74.1,73.8,96.0,30.0,30.0,74.0,74.0,2213.0,30.0,30.0,monthly,0.968,-0.03252319170556006,4.301358731606427,2026-07
736187,2026-07-01,0,31,1.0,1651.0,53.3,53.3,61.0,121.0,30.0,53.0,53.0,1651.0,30.0,30.0,monthly,1.0,0.0,3.975936331171799,2026-07
736187,2026-08-01,0,31,1.0,1690.0,54.5,54.5,,,30.0,55.0,55.0,1690.0,30.0,30.0,monthly,1.0,0.0,3.9982007016691985,2026-08
736187,2026-09-01,0,30,1.0,1722.0,57.4,57.4,,,30.0,57.0,57.0,1722.0,30.0,30.0,monthly,1.0,0.0,4.050044303325521,2026-09
736187,2026-10-01,2,29,0.935,1620.0,55.9,55.9,,,30.0,56.0,56.0,1620.0,30.0,30.0,monthly,0.935,-0.06720874969344999,4.023564380161053,2026-10
