segment,median_selected_alpha,min_alpha,max_alpha
short_stay,2.3357214690901213,2.3357214690901213,2.3357214690901213
monthly,1.2742749857031335,1.2742749857031335,1.2742749857031335
