listing_id,date,vacant_days,reserved_days,occupancy,revenue,rate_avg,booked_rate_avg,booking_lead_time_avg,length_of_stay_avg,min_nights_avg,native_booked_rate_avg,native_rate_avg,native_revenue
783341,2026-07-01,0,31,1.0,2852.0,92.0,92.0,,,30,92.0,92.0,2852.0
783341,2026-08-01,0,31,1.0,2894.0,93.4,93.4,,,30,93.0,93.0,2894.0
783341,2026-09-01,0,30,1.0,2773.0,92.4,92.4,,,30,92.0,92.0,2773.0
783341,2026-10-01,0,31,1.0,2848.0,91.9,91.9,,,30,92.0,92.0,2848.0
783341,2026-11-01,0,30,1.0,2734.0,91.1,91.1,,,30,91.0,91.0,2734.0
783341,2026-12-01,0,31,1.0,2813.0,90.7,90.7,,,30,91.0,91.0,2813.0
783341,2027-01-01,0,31,1.0,2858.0,92.2,92.2,,,30,92.0,92.0,2858.0
783341,2027-02-01,0,28,1.0,2648.0,94.6,94.6,,,30,95.0,95.0,2648.0
783341,2027-03-01,0,31,1.0,2940.0,94.8,94.8,,,30,95.0,95.0,2940.0
783341,2027-04-01,0,30,1.0,2960.0,98.7,98.7,,,30,99.0,99.0,2960.0
783341,2027-05-01,31,0,0.0,0.0,100.7,,,,30,,101.0,0.0
783341,2027-06-01,30,0,0.0,0.0,103.7,,,,30,,104.0,0.0
1157522,2026-07-01,0,31,1.0,8422.0,271.7,271.7,43,33,30,272.0,272.0,8422.0
1157522,2026-08-01,17,14,0.452,3333.0,243.6,238.1,99,75,30,238.0,244.0,3333.0
1157522,2026-09-01,0,30,1.0,7186.0,239.5,239.5,,,30,240.0,240.0,7186.0
1157522,2026-10-01,0,31,1.0,7023.0,226.5,226.5,,,30,227.0,227.0,7023.0
1157522,2026-11-01,28,2,0.067,457.0,235.1,228.5,,,30,229.0,235.0,457.0
1157522,2026-12-01,31,0,0.0,0.0,244.9,,,,30,,245.0,0.0
1157522,2027-01-01,31,0,0.0,0.0,244.7,,,,30,,245.0,0.0
1157522,2027-02-01,28,0,0.0,0.0,244.7,,,,30,,245.0,0.0
1157522,2027-03-01,31,0,0.0,0.0,245.1,,,,30,,245.0,0.0
1157522,2027-04-01,30,0,0.0,0.0,245.8,,,,30,,246.0,0.0
1157522,2027-05-01,31,0,0.0,0.0,245.9,,,,30,,246.0,0.0
1157522,2027-06-01,30,0,0.0,0.0,243.4,,,,30,,243.0,0.0
794156,2026-07-01,1,30,0.968,8374.0,279.2,279.1,199,30,30,279.0,279.0,8374.0
794156,2026-08-01,20,11,0.355,2996.0,268.4,272.4,230,11,30,272.0,268.0,2996.0
794156,2026-09-01,15,15,0.5,4090.0,274.7,272.7,213,31,30,273.0,275.0,4090.0
794156,2026-10-01,15,16,0.516,4324.0,270.2,270.2,,,30,270.0,270.0,4324.0
794156,2026-11-01,30,0,0.0,0.0,265.8,,,,30,,266.0,0.0
794156,2026-12-01,31,0,0.0,0.0,269.8,,,,30,,270.0,0.0
794156,2027-01-01,31,0,0.0,0.0,269.0,,,,30,,269.0,0.0
794156,2027-02-01,28,0,0.0,0.0,263.5,,,,30,,264.0,0.0
794156,2027-03-01,31,0,0.0,0.0,267.3,,,,30,,267.0,0.0
794156,2027-04-01,30,0,0.0,0.0,271.5,,,,30,,272.0,0.0
794156,2027-05-01,31,0,0.0,0.0,278.1,,,,30,,278.0,0.0
794156,2027-06-01,30,0,0.0,0.0,279.3,,,,,,279.0,0.0
651375,2026-07-01,0,31,1.0,23256.0,750.2,750.2,69,71,30,750.0,750.0,23256.0
651375,2026-08-01,0,31,1.0,23162.0,747.2,747.2,,,30,747.0,747.0,23162.0
651375,2026-09-01,0,30,1.0,22835.0,761.2,761.2,,,30,761.0,761.0,22835.0
651375,2026-10-01,0,31,1.0,22949.0,740.3,740.3,,,30,740.0,740.0,22949.0
651375,2026-11-01,0,30,1.0,21860.0,728.7,728.7,185,24,30,729.0,729.0,21860.0
651375,2026-12-01,18,13,0.419,9215.0,691.2,708.8,,,30,709.0,691.0,9215.0
651375,2027-01-01,31,0,0.0,0.0,665.3,,,,30,,665.0,0.0
651375,2027-02-01,28,0,0.0,0.0,696.2,,,,30,,696.0,0.0
651375,2027-03-01,31,0,0.0,0.0,811.9,,,,30,,812.0,0.0
651375,2027-04-01,30,0,0.0,0.0,791.5,,,,30,,792.0,0.0
651375,2027-05-01,31,0,0.0,0.0,719.6,,,,30,,720.0,0.0
651375,2027-06-01,30,0,0.0,0.0,714.5,,,,,,715.0,0.0
765569,2026-07-01,6,25,0.806,3948.0,157.4,157.9,274,25,30,158.0,157.0,3948.0
765569,2026-08-01,19,12,0.387,2004.0,161.8,167.0,231,12,30,167.0,162.0,2004.0
765569,2026-09-01,30,0,0.0,0.0,162.3,,,,30,,162.0,0.0
765569,2026-10-01,31,0,0.0,0.0,152.7,,,,30,,153.0,0.0
765569,2026-11-01,30,0,0.0,0.0,142.1,,,,30,,142.0,0.0
765569,2026-12-01,31,0,0.0,0.0,136.6,,,,30,,137.0,0.0
765569,2027-01-01,31,0,0.0,0.0,141.8,,,,30,,142.0,0.0
765569,2027-02-01,28,0,0.0,0.0,148.9,,,,30,,149.0,0.0
765569,2027-03-01,31,0,0.0,0.0,151.7,,,,30,,152.0,0.0
765569,2027-04-01,30,0,0.0,0.0,154.8,,,,30,,155.0,0.0
765569,2027-05-01,31,0,0.0,0.0,159.8,,,,30,,160.0,0.0
765569,2027-06-01,30,0,0.0,0.0,158.8,,,,30,,159.0,0.0
1457505,2026-07-01,0,31,1.0,3166.0,102.1,102.1,,,30,102.0,102.0,3166.0
1457505,2026-08-01,4,27,0.871,2769.0,102.6,102.6,98,5,30,103.0,103.0,2769.0
1457505,2026-09-01,0,30,1.0,3102.0,103.4,103.4,105,89,30,103.0,103.0,3102.0
1457505,2026-10-01,0,31,1.0,3220.0,103.9,103.9,,,30,104.0,104.0,3220.0
1457505,2026-11-01,2,28,0.933,2912.0,104.0,104.0,,,30,104.0,104.0,2912.0
1457505,2026-12-01,0,31,1.0,3228.0,104.1,104.1,196,60,30,104.0,104.0,3228.0
1457505,2027-01-01,2,29,0.935,3045.0,105.0,105.0,,,30,105.0,105.0,3045.0
1457505,2027-02-01,28,0,0.0,0.0,103.3,,,,30,,103.0,0.0
1457505,2027-03-01,31,0,0.0,0.0,103.1,,,,30,,103.0,0.0
1457505,2027-04-01,30,0,0.0,0.0,103.0,,,,30,,103.0,0.0
1457505,2027-05-01,31,0,0.0,0.0,103.1,,,,30,,103.0,0.0
1457505,2027-06-01,30,0,0.0,0.0,104.0,,,,,,104.0,0.0
1030254,2026-07-01,0,31,1.0,2120.0,68.4,68.4,154,183,30,68.0,68.0,2120.0
1030254,2026-08-01,0,31,1.0,2111.0,68.1,68.1,,,30,68.0,68.0,2111.0
1030254,2026-09-01,0,30,1.0,1964.0,65.5,65.5,,,30,66.0,66.0,1964.0
1030254,2026-10-01,0,31,1.0,1985.0,64.0,64.0,,,30,64.0,64.0,1985.0
1030254,2026-11-01,0,30,1.0,1937.0,64.6,64.6,,,30,65.0,65.0,1937.0
1030254,2026-12-01,1,30,0.968,1979.0,66.0,66.0,,,30,66.0,66.0,1979.0
1030254,2027-01-01,31,0,0.0,0.0,70.3,,,,30,,70.0,0.0
1030254,2027-02-01,28,0,0.0,0.0,69.6,,,,30,,70.0,0.0
1030254,2027-03-01,31,0,0.0,0.0,67.8,,,,30,,68.0,0.0
1030254,2027-04-01,30,0,0.0,0.0,67.7,,,,30,,68.0,0.0
1030254,2027-05-01,31,0,0.0,0.0,68.4,,,,30,,68.0,0.0
1030254,2027-06-01,30,0,0.0,0.0,69.5,,,,30,,70.0,0.0
424767,2026-07-01,3,28,0.903,6526.0,233.2,233.1,22,36,30,233.0,233.0,6526.0
424767,2026-08-01,23,8,0.258,1895.0,234.8,236.9,,,30,237.0,235.0,1895.0
424767,2026-09-01,30,0,0.0,0.0,240.7,,,,30,,241.0,0.0
424767,2026-10-01,31,0,0.0,0.0,244.5,,,,30,,245.0,0.0
424767,2026-11-01,30,0,0.0,0.0,239.0,,,,30,,239.0,0.0
424767,2026-12-01,31,0,0.0,0.0,237.0,,,,30,,237.0,0.0
424767,2027-01-01,31,0,0.0,0.0,233.3,,,,30,,233.0,0.0
424767,2027-02-01,28,0,0.0,0.0,233.4,,,,30,,233.0,0.0
424767,2027-03-01,31,0,0.0,0.0,235.8,,,,30,,236.0,0.0
424767,2027-04-01,30,0,0.0,0.0,240.9,,,,30,,241.0,0.0
424767,2027-05-01,31,0,0.0,0.0,241.3,,,,30,,241.0,0.0
424767,2027-06-01,30,0,0.0,0.0,236.8,,,,30,,237.0,0.0
38833,2026-07-01,0,31,1.0,10178.0,328.3,328.3,172,31,2,328.0,328.0,10178.0
38833,2026-08-01,1,30,0.968,9942.0,330.7,331.4,204,30,2,331.0,331.0,9942.0
38833,2026-09-01,30,0,0.0,0.0,264.9,,,,2,,265.0,0.0
38833,2026-10-01,31,0,0.0,0.0,231.2,,,,2,,231.0,0.0
38833,2026-11-01,30,0,0.0,0.0,201.0,,,,2,,201.0,0.0
38833,2026-12-01,31,0,0.0,0.0,224.3,,,,2,,224.0,0.0
38833,2027-01-01,31,0,0.0,0.0,225.5,,,,2,,226.0,0.0
38833,2027-02-01,28,0,0.0,0.0,228.6,,,,2,,229.0,0.0
38833,2027-03-01,31,0,0.0,0.0,228.2,,,,2,,228.0,0.0
38833,2027-04-01,30,0,0.0,0.0,227.6,,,,,,228.0,0.0
38833,2027-05-01,31,0,0.0,0.0,233.4,,,,,,233.0,0.0
38833,2027-06-01,30,0,0.0,0.0,235.2,,,,,,235.0,0.0
29628,2026-07-01,5,26,0.839,5902.0,227.1,227.0,85,3,2,227.0,227.0,5902.0
29628,2026-08-01,10,21,0.677,3779.0,191.3,180.0,165,8,2,180.0,191.0,3779.0
29628,2026-09-01,11,19,0.633,3566.0,198.5,187.7,160,3,2,188.0,199.0,3566.0
29628,2026-10-01,8,23,0.742,4455.0,195.4,193.7,199,4,2,194.0,195.0,4455.0
29628,2026-11-01,19,11,0.367,2162.0,193.0,196.5,176,3,2,197.0,193.0,2162.0
29628,2026-12-01,15,16,0.516,3144.0,195.5,196.5,210,6,2,197.0,196.0,3144.0
29628,2027-01-01,28,3,0.097,583.0,186.0,194.3,,,2,194.0,186.0,583.0
29628,2027-02-01,28,0,0.0,0.0,186.0,,,,2,,186.0,0.0
29628,2027-03-01,31,0,0.0,0.0,187.0,,,,2,,187.0,0.0
29628,2027-04-01,30,0,0.0,0.0,189.3,,,,2,,189.0,0.0
29628,2027-05-01,31,0,0.0,0.0,191.5,,,,2,,192.0,0.0
29628,2027-06-01,30,0,0.0,0.0,198.9,,,,2,,199.0,0.0
12937,2026-07-01,14,17,0.548,4764.0,285.8,280.2,180,7,3,280.0,286.0,4764.0
12937,2026-08-01,23,8,0.258,2183.0,279.1,272.9,200,8,3,273.0,279.0,2183.0
12937,2026-09-01,15,15,0.5,3974.0,263.4,264.9,228,3,3,265.0,263.0,3974.0
12937,2026-10-01,20,11,0.355,3242.0,283.1,294.7,218,3,3,295.0,283.0,3242.0
12937,2026-11-01,30,0,0.0,0.0,258.4,,,,3,,258.0,0.0
12937,2026-12-01,19,12,0.387,2955.0,249.8,246.2,219,6,3,246.0,250.0,2955.0
12937,2027-01-01,30,1,0.032,230.0,227.5,230.0,,,3,230.0,228.0,230.0
12937,2027-02-01,28,0,0.0,0.0,246.8,,,,3,,247.0,0.0
12937,2027-03-01,31,0,0.0,0.0,257.2,,,,3,,257.0,0.0
12937,2027-04-01,30,0,0.0,0.0,260.1,,,,3,,260.0,0.0
12937,2027-05-01,31,0,0.0,0.0,261.8,,,,3,,262.0,0.0
12937,2027-06-01,30,0,0.0,0.0,260.1,,,,,,260.0,0.0
852118,2026-07-01,31,0,0.0,0.0,204.9,,,,30,,205.0,0.0
852118,2026-08-01,31,0,0.0,0.0,196.6,,,,30,,197.0,0.0
852118,2026-09-01,30,0,0.0,0.0,200.1,,,,30,,200.0,0.0
852118,2026-10-01,31,0,0.0,0.0,197.9,,,,30,,198.0,0.0
852118,2026-11-01,30,0,0.0,0.0,196.1,,,,30,,196.0,0.0
852118,2026-12-01,31,0,0.0,0.0,196.4,,,,30,,196.0,0.0
852118,2027-01-01,31,0,0.0,0.0,196.8,,,,30,,197.0,0.0
852118,2027-02-01,28,0,0.0,0.0,196.7,,,,30,,197.0,0.0
852118,2027-03-01,31,0,0.0,0.0,197.2,,,,30,,197.0,0.0
852118,2027-04-01,30,0,0.0,0.0,197.3,,,,30,,197.0,0.0
852118,2027-05-01,31,0,0.0,0.0,197.3,,,,30,,197.0,0.0
852118,2027-06-01,30,0,0.0,0.0,198.6,,,,30,,199.0,0.0
850338,2026-07-01,0,31,1.0,4948.0,159.6,159.6,136,184,30,160.0,160.0,4948.0
850338,2026-08-01,0,31,1.0,4992.0,161.0,161.0,,,30,161.0,161.0,4992.0
850338,2026-09-01,0,30,1.0,4779.0,159.3,159.3,,,30,159.0,159.0,4779.0
850338,2026-10-01,0,31,1.0,5025.0,162.1,162.1,,,30,162.0,162.0,5025.0
850338,2026-11-01,0,30,1.0,4846.0,161.5,161.5,,,30,162.0,162.0,4846.0
850338,2026-12-01,0,31,1.0,5078.0,163.8,163.8,,,30,164.0,164.0,5078.0
850338,2027-01-01,31,0,0.0,0.0,165.1,,,,30,,165.0,0.0
850338,2027-02-01,28,0,0.0,0.0,169.3,,,,30,,169.0,0.0
850338,2027-03-01,31,0,0.0,0.0,171.3,,,,30,,171.0,0.0
850338,2027-04-01,30,0,0.0,0.0,163.6,,,,30,,164.0,0.0
850338,2027-05-01,31,0,0.0,0.0,169.0,,,,30,,169.0,0.0
850338,2027-06-01,30,0,0.0,0.0,167.0,,,,30,,167.0,0.0
1187643,2026-07-01,31,0,0.0,0.0,58.4,,,,30,,58.0,0.0
1187643,2026-08-01,31,0,0.0,0.0,58.4,,,,30,,58.0,0.0
1187643,2026-09-01,30,0,0.0,0.0,60.0,,,,30,,60.0,0.0
1187643,2026-10-01,31,0,0.0,0.0,62.4,,,,30,,62.0,0.0
1187643,2026-11-01,30,0,0.0,0.0,62.4,,,,30,,62.0,0.0
1187643,2026-12-01,31,0,0.0,0.0,60.0,,,,30,,60.0,0.0
1187643,2027-01-01,31,0,0.0,0.0,62.5,,,,30,,63.0,0.0
1187643,2027-02-01,28,0,0.0,0.0,62.6,,,,,,63.0,0.0
1187643,2027-03-01,31,0,0.0,0.0,62.4,,,,,,62.0,0.0
1187643,2027-04-01,30,0,0.0,0.0,61.0,,,,,,61.0,0.0
1187643,2027-05-01,31,0,0.0,0.0,63.4,,,,,,63.0,0.0
1187643,2027-06-01,30,0,0.0,0.0,64.1,,,,,,64.0,0.0
536578,2026-07-01,0,31,1.0,1710.0,55.2,55.2,98,31,30,55.0,55.0,1710.0
536578,2026-08-01,0,31,1.0,1629.0,52.5,52.5,,,30,53.0,53.0,1629.0
536578,2026-09-01,29,1,0.033,51.0,54.1,51.0,,,30,51.0,54.0,51.0
536578,2026-10-01,31,0,0.0,0.0,52.0,,,,30,,52.0,0.0
536578,2026-11-01,30,0,0.0,0.0,51.5,,,,30,,52.0,0.0
536578,2026-12-01,12,19,0.613,919.0,48.7,48.4,193,21,30,48.0,49.0,919.0
536578,2027-01-01,29,2,0.065,96.0,46.7,48.0,,,30,48.0,47.0,96.0
536578,2027-02-01,28,0,0.0,0.0,46.6,,,,30,,47.0,0.0
536578,2027-03-01,31,0,0.0,0.0,47.0,,,,30,,47.0,0.0
536578,2027-04-01,30,0,0.0,0.0,47.3,,,,30,,47.0,0.0
536578,2027-05-01,31,0,0.0,0.0,47.3,,,,30,,47.0,0.0
536578,2027-06-01,30,0,0.0,0.0,47.2,,,,30,,47.0,0.0
531455,2026-07-01,0,31,1.0,2979.0,96.1,96.1,,,31,96.0,96.0,2979.0
531455,2026-08-01,1,30,0.968,2709.0,90.3,90.3,73,40,31,90.0,90.0,2709.0
531455,2026-09-01,0,30,1.0,2665.0,88.8,88.8,,,31,89.0,89.0,2665.0
531455,2026-10-01,29,2,0.065,156.0,75.1,78.0,,,31,78.0,75.0,156.0
531455,2026-11-01,30,0,0.0,0.0,81.6,,,,31,,82.0,0.0
531455,2026-12-01,31,0,0.0,0.0,77.9,,,,31,,78.0,0.0
531455,2027-01-01,31,0,0.0,0.0,88.2,,,,31,,88.0,0.0
531455,2027-02-01,28,0,0.0,0.0,89.4,,,,31,,89.0,0.0
531455,2027-03-01,31,0,0.0,0.0,88.4,,,,31,,88.0,0.0
531455,2027-04-01,30,0,0.0,0.0,88.3,,,,31,,88.0,0.0
531455,2027-05-01,31,0,0.0,0.0,84.1,,,,31,,84.0,0.0
531455,2027-06-01,30,0,0.0,0.0,85.2,,,,31,,85.0,0.0
1313711,2026-07-01,25,6,0.194,1717.0,257.0,286.2,24,3,1,286.0,257.0,1717.0
1313711,2026-08-01,31,0,0.0,0.0,217.7,,,,1,,218.0,0.0
1313711,2026-09-01,12,18,0.6,3859.0,212.1,214.4,69,18,1,214.0,212.0,3859.0
1313711,2026-10-01,31,0,0.0,0.0,225.9,,,,1,,226.0,0.0
1313711,2026-11-01,30,0,0.0,0.0,228.5,,,,1,,229.0,0.0
1313711,2026-12-01,31,0,0.0,0.0,228.1,,,,1,,228.0,0.0
1313711,2027-01-01,31,0,0.0,0.0,225.4,,,,1,,225.0,0.0
1313711,2027-02-01,28,0,0.0,0.0,222.6,,,,1,,223.0,0.0
1313711,2027-03-01,31,0,0.0,0.0,222.9,,,,1,,223.0,0.0
1313711,2027-04-01,30,0,0.0,0.0,227.3,,,,1,,227.0,0.0
1313711,2027-05-01,31,0,0.0,0.0,245.2,,,,1,,245.0,0.0
1313711,2027-06-01,30,0,0.0,0.0,239.2,,,,1,,239.0,0.0
253332,2026-07-01,17,14,0.452,3260.0,216.2,232.9,134,14,3,233.0,216.0,3260.0
253332,2026-08-01,31,0,0.0,0.0,235.5,,,,3,,236.0,0.0
253332,2026-09-01,30,0,0.0,0.0,256.9,,,,3,,257.0,0.0
253332,2026-10-01,31,0,0.0,0.0,228.0,,,,3,,228.0,0.0
253332,2026-11-01,30,0,0.0,0.0,228.8,,,,3,,229.0,0.0
253332,2026-12-01,31,0,0.0,0.0,225.9,,,,3,,226.0,0.0
253332,2027-01-01,31,0,0.0,0.0,220.2,,,,3,,220.0,0.0
253332,2027-02-01,28,0,0.0,0.0,221.7,,,,3,,222.0,0.0
253332,2027-03-01,31,0,0.0,0.0,223.7,,,,3,,224.0,0.0
253332,2027-04-01,30,0,0.0,0.0,223.8,,,,3,,224.0,0.0
253332,2027-05-01,31,0,0.0,0.0,224.8,,,,3,,225.0,0.0
253332,2027-06-01,30,0,0.0,0.0,230.1,,,,3,,230.0,0.0
712127,2026-07-01,31,0,0.0,0.0,66.3,,,,30,,66.0,0.0
712127,2026-08-01,31,0,0.0,0.0,64.0,,,,30,,64.0,0.0
712127,2026-09-01,30,0,0.0,0.0,63.0,,,,30,,63.0,0.0
712127,2026-10-01,31,0,0.0,0.0,63.0,,,,30,,63.0,0.0
712127,2026-11-01,30,0,0.0,0.0,63.4,,,,30,,63.0,0.0
712127,2026-12-01,31,0,0.0,0.0,63.0,,,,30,,63.0,0.0
712127,2027-01-01,31,0,0.0,0.0,63.1,,,,30,,63.0,0.0
712127,2027-02-01,28,0,0.0,0.0,62.8,,,,30,,63.0,0.0
712127,2027-03-01,31,0,0.0,0.0,62.5,,,,30,,63.0,0.0
712127,2027-04-01,30,0,0.0,0.0,61.7,,,,,,62.0,0.0
712127,2027-05-01,31,0,0.0,0.0,61.4,,,,,,61.0,0.0
712127,2027-06-01,30,0,0.0,0.0,62.3,,,,,,62.0,0.0
1354973,2026-07-01,8,23,0.742,8948.0,394.5,389.0,69,5,4,389.0,395.0,8948.0
1354973,2026-08-01,20,11,0.355,3093.0,279.2,281.2,155,5,5,281.0,279.0,3093.0
1354973,2026-09-01,2,28,0.933,7892.0,282.5,281.9,122,6,4,282.0,283.0,7892.0
1354973,2026-10-01,8,23,0.742,6236.0,270.8,271.1,129,4,4,271.0,271.0,6236.0
1354973,2026-11-01,30,0,0.0,0.0,272.4,,,,5,,272.0,0.0
1354973,2026-12-01,31,0,0.0,0.0,281.3,,,,5,,281.0,0.0
1354973,2027-01-01,31,0,0.0,0.0,282.1,,,,5,,282.0,0.0
1354973,2027-02-01,28,0,0.0,0.0,266.4,,,,5,,266.0,0.0
1354973,2027-03-01,31,0,0.0,0.0,267.7,,,,5,,268.0,0.0
1354973,2027-04-01,30,0,0.0,0.0,265.4,,,,5,,265.0,0.0
1354973,2027-05-01,31,0,0.0,0.0,286.4,,,,5,,286.0,0.0
1354973,2027-06-01,30,0,0.0,0.0,299.0,,,,5,,299.0,0.0
266449,2026-07-01,0,31,1.0,5759.0,185.8,185.8,166,38,60,186.0,186.0,5759.0
266449,2026-08-01,19,12,0.387,2112.0,171.8,176.0,88,2,37,176.0,172.0,2112.0
266449,2026-09-01,6,24,0.8,3902.0,163.3,162.6,92,75,30,163.0,163.0,3902.0
266449,2026-10-01,0,31,1.0,4971.0,160.4,160.4,,,30,160.0,160.0,4971.0
266449,2026-11-01,10,20,0.667,3275.0,165.5,163.8,,,30,164.0,166.0,3275.0
266449,2026-12-01,31,0,0.0,0.0,176.1,,,,30,,176.0,0.0
266449,2027-01-01,31,0,0.0,0.0,177.6,,,,30,,178.0,0.0
266449,2027-02-01,28,0,0.0,0.0,173.4,,,,30,,173.0,0.0
266449,2027-03-01,31,0,0.0,0.0,176.9,,,,30,,177.0,0.0
266449,2027-04-01,30,0,0.0,0.0,178.5,,,,30,,179.0,0.0
266449,2027-05-01,31,0,0.0,0.0,176.9,,,,30,,177.0,0.0
266449,2027-06-01,30,0,0.0,0.0,179.2,,,,30,,179.0,0.0
982276,2026-07-01,31,0,0.0,0.0,91.9,,,,30,,92.0,0.0
982276,2026-08-01,31,0,0.0,0.0,91.3,,,,30,,91.0,0.0
982276,2026-09-01,30,0,0.0,0.0,92.9,,,,30,,93.0,0.0
982276,2026-10-01,31,0,0.0,0.0,93.0,,,,30,,93.0,0.0
982276,2026-11-01,30,0,0.0,0.0,92.2,,,,30,,92.0,0.0
982276,2026-12-01,31,0,0.0,0.0,92.1,,,,30,,92.0,0.0
982276,2027-01-01,31,0,0.0,0.0,93.6,,,,30,,94.0,0.0
982276,2027-02-01,28,0,0.0,0.0,93.6,,,,30,,94.0,0.0
982276,2027-03-01,31,0,0.0,0.0,92.8,,,,30,,93.0,0.0
982276,2027-04-01,30,0,0.0,0.0,92.3,,,,30,,92.0,0.0
982276,2027-05-01,31,0,0.0,0.0,93.1,,,,,,93.0,0.0
982276,2027-06-01,30,0,0.0,0.0,92.4,,,,,,92.0,0.0
573671,2026-07-01,31,0,0.0,0.0,65.4,,,,1000,,65.0,0.0
573671,2026-08-01,31,0,0.0,0.0,65.4,,,,1000,,65.0,0.0
573671,2026-09-01,30,0,0.0,0.0,65.8,,,,1000,,66.0,0.0
573671,2026-10-01,31,0,0.0,0.0,67.0,,,,1000,,67.0,0.0
573671,2026-11-01,30,0,0.0,0.0,67.0,,,,1000,,67.0,0.0
573671,2026-12-01,31,0,0.0,0.0,66.2,,,,1000,,66.0,0.0
573671,2027-01-01,31,0,0.0,0.0,67.3,,,,30,,67.0,0.0
573671,2027-02-01,28,0,0.0,0.0,68.5,,,,30,,69.0,0.0
573671,2027-03-01,31,0,0.0,0.0,67.9,,,,,,68.0,0.0
573671,2027-04-01,30,0,0.0,0.0,67.2,,,,,,67.0,0.0
573671,2027-05-01,31,0,0.0,0.0,66.1,,,,,,66.0,0.0
573671,2027-06-01,30,0,0.0,0.0,68.6,,,,,,69.0,0.0
150804,2026-07-01,1,30,0.968,15953.0,531.9,531.8,241,10,4,532.0,532.0,15953.0
150804,2026-08-01,8,23,0.742,12092.0,525.0,525.7,159,8,4,526.0,525.0,12092.0
150804,2026-09-01,4,26,0.867,13262.0,510.8,510.1,158,6,4,510.0,511.0,13262.0
150804,2026-10-01,23,8,0.258,4354.0,536.1,544.2,265,7,4,544.0,536.0,4354.0
150804,2026-11-01,30,0,0.0,0.0,538.3,,,,4,,538.0,0.0
150804,2026-12-01,27,4,0.129,2120.0,529.4,530.0,225,4,4,530.0,529.0,2120.0
150804,2027-01-01,31,0,0.0,0.0,533.2,,,,4,,533.0,0.0
150804,2027-02-01,28,0,0.0,0.0,541.6,,,,4,,542.0,0.0
150804,2027-03-01,31,0,0.0,0.0,532.7,,,,4,,533.0,0.0
150804,2027-04-01,30,0,0.0,0.0,534.0,,,,4,,534.0,0.0
150804,2027-05-01,31,0,0.0,0.0,532.6,,,,4,,533.0,0.0
150804,2027-06-01,30,0,0.0,0.0,541.5,,,,4,,542.0,0.0
528485,2026-07-01,0,31,1.0,2302.0,74.3,74.3,97,45,30,74.0,74.0,2302.0
528485,2026-08-01,16,15,0.484,1122.0,75.4,74.8,69,1,30,75.0,75.0,1122.0
528485,2026-09-01,30,0,0.0,0.0,75.3,,,,30,,75.0,0.0
528485,2026-10-01,31,0,0.0,0.0,75.8,,,,30,,76.0,0.0
528485,2026-11-01,30,0,0.0,0.0,76.5,,,,30,,77.0,0.0
528485,2026-12-01,31,0,0.0,0.0,75.4,,,,30,,75.0,0.0
528485,2027-01-01,31,0,0.0,0.0,76.5,,,,30,,77.0,0.0
528485,2027-02-01,28,0,0.0,0.0,76.5,,,,30,,77.0,0.0
528485,2027-03-01,31,0,0.0,0.0,76.4,,,,30,,76.0,0.0
528485,2027-04-01,30,0,0.0,0.0,75.8,,,,30,,76.0,0.0
528485,2027-05-01,31,0,0.0,0.0,74.7,,,,30,,75.0,0.0
528485,2027-06-01,30,0,0.0,0.0,76.5,,,,30,,77.0,0.0
1131804,2026-07-01,1,30,0.968,4839.0,160.5,161.3,85,27,30,161.0,161.0,4839.0
1131804,2026-08-01,7,24,0.774,4211.0,171.5,175.5,,,30,176.0,172.0,4211.0
1131804,2026-09-01,30,0,0.0,0.0,158.6,,,,30,,159.0,0.0
1131804,2026-10-01,31,0,0.0,0.0,167.9,,,,30,,168.0,0.0
1131804,2026-11-01,21,9,0.3,1498.0,166.8,166.4,234,30,30,166.0,167.0,1498.0
1131804,2026-12-01,10,21,0.677,3507.0,165.6,167.0,,,30,167.0,166.0,3507.0
1131804,2027-01-01,31,0,0.0,0.0,160.5,,,,30,,161.0,0.0
1131804,2027-02-01,28,0,0.0,0.0,163.9,,,,30,,164.0,0.0
1131804,2027-03-01,31,0,0.0,0.0,163.3,,,,30,,163.0,0.0
1131804,2027-04-01,30,0,0.0,0.0,161.1,,,,30,,161.0,0.0
1131804,2027-05-01,31,0,0.0,0.0,165.2,,,,30,,165.0,0.0
1131804,2027-06-01,30,0,0.0,0.0,163.7,,,,30,,164.0,0.0
990367,2026-07-01,31,0,0.0,0.0,165.4,,,,30,,165.0,0.0
990367,2026-08-01,31,0,0.0,0.0,163.5,,,,30,,164.0,0.0
990367,2026-09-01,30,0,0.0,0.0,165.0,,,,30,,165.0,0.0
990367,2026-10-01,31,0,0.0,0.0,165.3,,,,30,,165.0,0.0
990367,2026-11-01,30,0,0.0,0.0,167.5,,,,30,,168.0,0.0
990367,2026-12-01,31,0,0.0,0.0,164.3,,,,30,,164.0,0.0
990367,2027-01-01,31,0,0.0,0.0,164.4,,,,30,,164.0,0.0
990367,2027-02-01,28,0,0.0,0.0,165.6,,,,30,,166.0,0.0
990367,2027-03-01,31,0,0.0,0.0,166.1,,,,30,,166.0,0.0
990367,2027-04-01,30,0,0.0,0.0,167.0,,,,30,,167.0,0.0
990367,2027-05-01,31,0,0.0,0.0,167.8,,,,30,,168.0,0.0
990367,2027-06-01,30,0,0.0,0.0,166.8,,,,30,,167.0,0.0
450577,2026-07-01,31,0,0.0,0.0,227.7,,,,30,,228.0,0.0
450577,2026-08-01,31,0,0.0,0.0,233.7,,,,30,,234.0,0.0
450577,2026-09-01,30,0,0.0,0.0,226.7,,,,30,,227.0,0.0
450577,2026-10-01,31,0,0.0,0.0,229.5,,,,30,,230.0,0.0
450577,2026-11-01,30,0,0.0,0.0,229.7,,,,30,,230.0,0.0
450577,2026-12-01,31,0,0.0,0.0,230.3,,,,30,,230.0,0.0
450577,2027-01-01,31,0,0.0,0.0,231.5,,,,30,,232.0,0.0
450577,2027-02-01,28,0,0.0,0.0,233.2,,,,30,,233.0,0.0
450577,2027-03-01,31,0,0.0,0.0,233.2,,,,,,233.0,0.0
450577,2027-04-01,30,0,0.0,0.0,233.1,,,,,,233.0,0.0
450577,2027-05-01,31,0,0.0,0.0,230.7,,,,,,231.0,0.0
450577,2027-06-01,30,0,0.0,0.0,229.4,,,,,,229.0,0.0
773041,2026-07-01,12,19,0.613,788.0,41.6,41.5,163,19,30,42.0,42.0,788.0
773041,2026-08-01,31,0,0.0,0.0,42.3,,,,30,,42.0,0.0
773041,2026-09-01,30,0,0.0,0.0,41.9,,,,30,,42.0,0.0
773041,2026-10-01,31,0,0.0,0.0,41.5,,,,30,,42.0,0.0
773041,2026-11-01,30,0,0.0,0.0,41.4,,,,30,,41.0,0.0
773041,2026-12-01,31,0,0.0,0.0,42.4,,,,30,,42.0,0.0
773041,2027-01-01,31,0,0.0,0.0,44.6,,,,30,,45.0,0.0
773041,2027-02-01,28,0,0.0,0.0,43.1,,,,30,,43.0,0.0
773041,2027-03-01,31,0,0.0,0.0,42.9,,,,30,,43.0,0.0
773041,2027-04-01,30,0,0.0,0.0,43.0,,,,30,,43.0,0.0
773041,2027-05-01,31,0,0.0,0.0,42.7,,,,,,43.0,0.0
773041,2027-06-01,30,0,0.0,0.0,42.5,,,,,,43.0,0.0
6872,2026-07-01,0,31,1.0,2344.0,75.6,75.6,19,62,30,76.0,76.0,2344.0
6872,2026-08-01,0,31,1.0,2339.0,75.5,75.5,,,30,76.0,76.0,2339.0
6872,2026-09-01,30,0,0.0,0.0,76.6,,,,30,,77.0,0.0
6872,2026-10-01,31,0,0.0,0.0,75.6,,,,30,,76.0,0.0
6872,2026-11-01,30,0,0.0,0.0,75.2,,,,30,,75.0,0.0
6872,2026-12-01,31,0,0.0,0.0,75.2,,,,30,,75.0,0.0
6872,2027-01-01,31,0,0.0,0.0,73.9,,,,30,,74.0,0.0
6872,2027-02-01,28,0,0.0,0.0,74.7,,,,30,,75.0,0.0
6872,2027-03-01,31,0,0.0,0.0,75.5,,,,30,,76.0,0.0
6872,2027-04-01,30,0,0.0,0.0,76.1,,,,30,,76.0,0.0
6872,2027-05-01,31,0,0.0,0.0,79.6,,,,30,,80.0,0.0
6872,2027-06-01,30,0,0.0,0.0,79.8,,,,30,,80.0,0.0
473980,2026-07-01,14,17,0.548,2948.0,160.4,173.4,39,1,30,173.0,160.0,2948.0
473980,2026-08-01,31,0,0.0,0.0,148.9,,,,30,,149.0,0.0
473980,2026-09-01,30,0,0.0,0.0,175.3,,,,30,,175.0,0.0
473980,2026-10-01,1,30,0.968,5490.0,183.2,183.0,111,30,30,183.0,183.0,5490.0
473980,2026-11-01,26,4,0.133,664.0,180.2,166.0,168,30,30,166.0,180.0,664.0
473980,2026-12-01,5,26,0.839,4103.0,157.4,157.8,,,30,158.0,157.0,4103.0
473980,2027-01-01,31,0,0.0,0.0,138.5,,,,30,,139.0,0.0
473980,2027-02-01,28,0,0.0,0.0,135.2,,,,30,,135.0,0.0
473980,2027-03-01,31,0,0.0,0.0,144.4,,,,30,,144.0,0.0
473980,2027-04-01,30,0,0.0,0.0,144.8,,,,30,,145.0,0.0
473980,2027-05-01,31,0,0.0,0.0,147.3,,,,30,,147.0,0.0
473980,2027-06-01,30,0,0.0,0.0,152.9,,,,30,,153.0,0.0
993576,2026-07-01,28,3,0.097,811.0,264.7,270.3,,,30,270.0,265.0,811.0
993576,2026-08-01,31,0,0.0,0.0,264.1,,,,30,,264.0,0.0
993576,2026-09-01,30,0,0.0,0.0,270.6,,,,30,,271.0,0.0
993576,2026-10-01,31,0,0.0,0.0,268.9,,,,30,,269.0,0.0
993576,2026-11-01,30,0,0.0,0.0,262.0,,,,30,,262.0,0.0
993576,2026-12-01,31,0,0.0,0.0,263.5,,,,30,,264.0,0.0
993576,2027-01-01,31,0,0.0,0.0,267.5,,,,30,,268.0,0.0
993576,2027-02-01,28,0,0.0,0.0,263.6,,,,30,,264.0,0.0
993576,2027-03-01,31,0,0.0,0.0,265.5,,,,30,,266.0,0.0
993576,2027-04-01,30,0,0.0,0.0,265.0,,,,30,,265.0,0.0
993576,2027-05-01,31,0,0.0,0.0,260.9,,,,30,,261.0,0.0
993576,2027-06-01,30,0,0.0,0.0,259.9,,,,30,,260.0,0.0
314982,2026-07-01,30,1,0.032,116.0,111.2,116.0,94,1,30,116.0,111.0,116.0
314982,2026-08-01,31,0,0.0,0.0,103.4,,,,30,,103.0,0.0
314982,2026-09-01,9,21,0.7,2073.0,99.8,98.7,195,88,30,99.0,100.0,2073.0
314982,2026-10-01,0,31,1.0,3060.0,98.7,98.7,,,30,99.0,99.0,3060.0
314982,2026-11-01,0,30,1.0,2972.0,99.1,99.1,,,30,99.0,99.0,2972.0
314982,2026-12-01,25,6,0.194,587.0,98.8,97.8,,,30,98.0,99.0,587.0
314982,2027-01-01,31,0,0.0,0.0,99.1,,,,30,,99.0,0.0
314982,2027-02-01,28,0,0.0,0.0,98.3,,,,30,,98.0,0.0
314982,2027-03-01,31,0,0.0,0.0,100.0,,,,30,,100.0,0.0
314982,2027-04-01,30,0,0.0,0.0,100.7,,,,30,,101.0,0.0
314982,2027-05-01,31,0,0.0,0.0,103.2,,,,30,,103.0,0.0
314982,2027-06-01,30,0,0.0,0.0,104.7,,,,30,,105.0,0.0
838070,2026-07-01,4,27,0.871,3896.0,144.7,144.3,80,8,30,144.0,145.0,3896.0
838070,2026-08-01,0,31,1.0,4421.0,142.6,142.6,146,3,30,143.0,143.0,4421.0
838070,2026-09-01,23,7,0.233,988.0,139.7,141.1,164,2,30,141.0,140.0,988.0
838070,2026-10-01,16,15,0.484,2178.0,147.2,145.2,147,15,30,145.0,147.0,2178.0
838070,2026-11-01,30,0,0.0,0.0,142.1,,,,30,,142.0,0.0
838070,2026-12-01,31,0,0.0,0.0,140.7,,,,30,,141.0,0.0
838070,2027-01-01,31,0,0.0,0.0,140.4,,,,30,,140.0,0.0
838070,2027-02-01,28,0,0.0,0.0,140.3,,,,30,,140.0,0.0
838070,2027-03-01,31,0,0.0,0.0,139.5,,,,30,,140.0,0.0
838070,2027-04-01,30,0,0.0,0.0,141.3,,,,30,,141.0,0.0
838070,2027-05-01,31,0,0.0,0.0,142.8,,,,30,,143.0,0.0
838070,2027-06-01,30,0,0.0,0.0,139.4,,,,30,,139.0,0.0
182069,2026-07-01,31,0,0.0,0.0,160.2,,,,30,,160.0,0.0
182069,2026-08-01,31,0,0.0,0.0,160.7,,,,,,161.0,0.0
182069,2026-09-01,30,0,0.0,0.0,161.1,,,,,,161.0,0.0
182069,2026-10-01,31,0,0.0,0.0,157.5,,,,,,158.0,0.0
182069,2026-11-01,30,0,0.0,0.0,160.0,,,,,,160.0,0.0
182069,2026-12-01,31,0,0.0,0.0,160.1,,,,,,160.0,0.0
182069,2027-01-01,31,0,0.0,0.0,159.5,,,,,,160.0,0.0
182069,2027-02-01,28,0,0.0,0.0,159.8,,,,,,160.0,0.0
182069,2027-03-01,31,0,0.0,0.0,162.7,,,,,,163.0,0.0
182069,2027-04-01,30,0,0.0,0.0,162.6,,,,,,163.0,0.0
182069,2027-05-01,31,0,0.0,0.0,162.5,,,,,,163.0,0.0
182069,2027-06-01,30,0,0.0,0.0,162.4,,,,,,162.0,0.0
684808,2026-07-01,31,0,0.0,0.0,199.0,,,,30,,199.0,0.0
684808,2026-08-01,31,0,0.0,0.0,198.2,,,,30,,198.0,0.0
684808,2026-09-01,30,0,0.0,0.0,199.9,,,,30,,200.0,0.0
684808,2026-10-01,31,0,0.0,0.0,195.5,,,,30,,196.0,0.0
684808,2026-11-01,30,0,0.0,0.0,199.1,,,,30,,199.0,0.0
684808,2026-12-01,31,0,0.0,0.0,198.6,,,,30,,199.0,0.0
684808,2027-01-01,31,0,0.0,0.0,198.6,,,,30,,199.0,0.0
684808,2027-02-01,28,0,0.0,0.0,198.1,,,,30,,198.0,0.0
684808,2027-03-01,31,0,0.0,0.0,200.3,,,,30,,200.0,0.0
684808,2027-04-01,30,0,0.0,0.0,200.9,,,,30,,201.0,0.0
684808,2027-05-01,31,0,0.0,0.0,201.1,,,,30,,201.0,0.0
684808,2027-06-01,30,0,0.0,0.0,200.9,,,,30,,201.0,0.0
52689,2026-07-01,2,29,0.935,6668.0,222.4,229.9,73,17,11,230.0,222.0,6668.0
52689,2026-08-01,2,29,0.935,3872.0,134.0,133.5,96,5,22,134.0,134.0,3872.0
52689,2026-09-01,6,24,0.8,6489.0,269.5,270.4,139,6,3,270.0,270.0,6489.0
52689,2026-10-01,31,0,0.0,0.0,235.2,,,,31,,235.0,0.0
52689,2026-11-01,30,0,0.0,0.0,226.1,,,,25,,226.0,0.0
52689,2026-12-01,31,0,0.0,0.0,227.2,,,,3,,227.0,0.0
52689,2027-01-01,31,0,0.0,0.0,211.6,,,,3,,212.0,0.0
52689,2027-02-01,28,0,0.0,0.0,212.2,,,,3,,212.0,0.0
52689,2027-03-01,31,0,0.0,0.0,221.1,,,,3,,221.0,0.0
52689,2027-04-01,30,0,0.0,0.0,226.3,,,,3,,226.0,0.0
52689,2027-05-01,31,0,0.0,0.0,217.5,,,,3,,218.0,0.0
52689,2027-06-01,30,0,0.0,0.0,222.2,,,,3,,222.0,0.0
1213745,2026-07-01,12,19,0.613,3366.0,177.6,177.2,31,30,30,177.0,178.0,3366.0
1213745,2026-08-01,20,11,0.355,1945.0,179.6,176.8,,,30,177.0,180.0,1945.0
1213745,2026-09-01,30,0,0.0,0.0,181.9,,,,30,,182.0,0.0
1213745,2026-10-01,31,0,0.0,0.0,177.6,,,,30,,178.0,0.0
1213745,2026-11-01,30,0,0.0,0.0,175.7,,,,30,,176.0,0.0
1213745,2026-12-01,31,0,0.0,0.0,175.4,,,,30,,175.0,0.0
1213745,2027-01-01,31,0,0.0,0.0,175.0,,,,30,,175.0,0.0
1213745,2027-02-01,28,0,0.0,0.0,173.6,,,,30,,174.0,0.0
1213745,2027-03-01,31,0,0.0,0.0,176.7,,,,30,,177.0,0.0
1213745,2027-04-01,30,0,0.0,0.0,174.1,,,,30,,174.0,0.0
1213745,2027-05-01,31,0,0.0,0.0,174.4,,,,30,,174.0,0.0
1213745,2027-06-01,30,0,0.0,0.0,174.6,,,,30,,175.0,0.0
651648,2026-07-01,31,0,0.0,0.0,460.6,,,,2,,461.0,0.0
651648,2026-08-01,31,0,0.0,0.0,458.4,,,,2,,458.0,0.0
651648,2026-09-01,30,0,0.0,0.0,452.6,,,,2,,453.0,0.0
651648,2026-10-01,31,0,0.0,0.0,520.8,,,,2,,521.0,0.0
651648,2026-11-01,30,0,0.0,0.0,464.4,,,,2,,464.0,0.0
651648,2026-12-01,31,0,0.0,0.0,460.4,,,,2,,460.0,0.0
651648,2027-01-01,31,0,0.0,0.0,460.1,,,,2,,460.0,0.0
651648,2027-02-01,28,0,0.0,0.0,458.6,,,,2,,459.0,0.0
651648,2027-03-01,31,0,0.0,0.0,461.4,,,,2,,461.0,0.0
651648,2027-04-01,30,0,0.0,0.0,465.4,,,,2,,465.0,0.0
651648,2027-05-01,31,0,0.0,0.0,465.1,,,,2,,465.0,0.0
651648,2027-06-01,30,0,0.0,0.0,463.2,,,,2,,463.0,0.0
1355654,2026-07-01,31,0,0.0,0.0,217.6,,,,30,,218.0,0.0
1355654,2026-08-01,31,0,0.0,0.0,215.6,,,,30,,216.0,0.0
1355654,2026-09-01,30,0,0.0,0.0,217.3,,,,30,,217.0,0.0
1355654,2026-10-01,31,0,0.0,0.0,215.6,,,,30,,216.0,0.0
1355654,2026-11-01,30,0,0.0,0.0,210.4,,,,30,,210.0,0.0
1355654,2026-12-01,31,0,0.0,0.0,205.0,,,,30,,205.0,0.0
1355654,2027-01-01,31,0,0.0,0.0,210.3,,,,30,,210.0,0.0
1355654,2027-02-01,28,0,0.0,0.0,211.0,,,,30,,211.0,0.0
1355654,2027-03-01,31,0,0.0,0.0,206.4,,,,30,,206.0,0.0
1355654,2027-04-01,30,0,0.0,0.0,217.2,,,,30,,217.0,0.0
1355654,2027-05-01,31,0,0.0,0.0,213.3,,,,30,,213.0,0.0
1355654,2027-06-01,30,0,0.0,0.0,213.1,,,,,,213.0,0.0
739239,2026-07-01,31,0,0.0,0.0,272.8,,,,30,,273.0,0.0
739239,2026-08-01,31,0,0.0,0.0,271.0,,,,30,,271.0,0.0
739239,2026-09-01,30,0,0.0,0.0,270.5,,,,30,,271.0,0.0
739239,2026-10-01,31,0,0.0,0.0,277.9,,,,30,,278.0,0.0
739239,2026-11-01,30,0,0.0,0.0,274.7,,,,30,,275.0,0.0
739239,2026-12-01,31,0,0.0,0.0,269.8,,,,30,,270.0,0.0
739239,2027-01-01,31,0,0.0,0.0,265.9,,,,,,266.0,0.0
739239,2027-02-01,28,0,0.0,0.0,263.6,,,,,,264.0,0.0
739239,2027-03-01,31,0,0.0,0.0,265.1,,,,,,265.0,0.0
739239,2027-04-01,30,0,0.0,0.0,265.1,,,,,,265.0,0.0
739239,2027-05-01,31,0,0.0,0.0,264.0,,,,,,264.0,0.0
739239,2027-06-01,30,0,0.0,0.0,262.4,,,,,,262.0,0.0
1036498,2026-07-01,31,0,0.0,0.0,78.5,,,,30,,79.0,0.0
1036498,2026-08-01,31,0,0.0,0.0,77.4,,,,30,,77.0,0.0
1036498,2026-09-01,30,0,0.0,0.0,77.6,,,,30,,78.0,0.0
1036498,2026-10-01,31,0,0.0,0.0,76.3,,,,30,,76.0,0.0
1036498,2026-11-01,30,0,0.0,0.0,75.5,,,,30,,76.0,0.0
1036498,2026-12-01,31,0,0.0,0.0,74.4,,,,30,,74.0,0.0
1036498,2027-01-01,31,0,0.0,0.0,73.5,,,,30,,74.0,0.0
1036498,2027-02-01,28,0,0.0,0.0,73.1,,,,30,,73.0,0.0
1036498,2027-03-01,31,0,0.0,0.0,74.9,,,,30,,75.0,0.0
1036498,2027-04-01,30,0,0.0,0.0,76.6,,,,30,,77.0,0.0
1036498,2027-05-01,31,0,0.0,0.0,76.8,,,,30,,77.0,0.0
1036498,2027-06-01,30,0,0.0,0.0,76.8,,,,,,77.0,0.0
1035120,2026-07-01,24,7,0.226,1087.0,147.3,155.3,55,7,30,155.0,147.0,1087.0
1035120,2026-08-01,31,0,0.0,0.0,151.2,,,,30,,151.0,0.0
1035120,2026-09-01,30,0,0.0,0.0,151.7,,,,30,,152.0,0.0
1035120,2026-10-01,31,0,0.0,0.0,151.3,,,,30,,151.0,0.0
1035120,2026-11-01,30,0,0.0,0.0,151.3,,,,30,,151.0,0.0
1035120,2026-12-01,31,0,0.0,0.0,151.2,,,,30,,151.0,0.0
1035120,2027-01-01,31,0,0.0,0.0,148.8,,,,30,,149.0,0.0
1035120,2027-02-01,28,0,0.0,0.0,149.8,,,,30,,150.0,0.0
1035120,2027-03-01,31,0,0.0,0.0,149.8,,,,30,,150.0,0.0
1035120,2027-04-01,30,0,0.0,0.0,150.5,,,,30,,151.0,0.0
1035120,2027-05-01,31,0,0.0,0.0,148.2,,,,30,,148.0,0.0
1035120,2027-06-01,30,0,0.0,0.0,149.3,,,,30,,149.0,0.0
235960,2026-07-01,15,16,0.516,2918.0,185.9,182.4,48,3,30,182.0,186.0,2918.0
235960,2026-08-01,28,3,0.097,546.0,182.3,182.0,65,1,30,182.0,182.0,546.0
235960,2026-09-01,29,1,0.033,183.0,183.8,183.0,84,1,30,183.0,184.0,183.0
235960,2026-10-01,31,0,0.0,0.0,178.6,,,,30,,179.0,0.0
235960,2026-11-01,25,5,0.167,906.0,179.3,181.2,156,5,30,181.0,179.0,906.0
235960,2026-12-01,31,0,0.0,0.0,187.2,,,,30,,187.0,0.0
235960,2027-01-01,31,0,0.0,0.0,191.9,,,,30,,192.0,0.0
235960,2027-02-01,28,0,0.0,0.0,192.9,,,,30,,193.0,0.0
235960,2027-03-01,31,0,0.0,0.0,196.3,,,,30,,196.0,0.0
235960,2027-04-01,30,0,0.0,0.0,198.6,,,,30,,199.0,0.0
235960,2027-05-01,31,0,0.0,0.0,200.3,,,,30,,200.0,0.0
235960,2027-06-01,30,0,0.0,0.0,214.2,,,,30,,214.0,0.0
852632,2026-07-01,31,0,0.0,0.0,89.1,,,,30,,89.0,0.0
852632,2026-08-01,31,0,0.0,0.0,90.9,,,,30,,91.0,0.0
852632,2026-09-01,30,0,0.0,0.0,89.2,,,,30,,89.0,0.0
852632,2026-10-01,31,0,0.0,0.0,84.3,,,,30,,84.0,0.0
852632,2026-11-01,30,0,0.0,0.0,84.6,,,,30,,85.0,0.0
852632,2026-12-01,31,0,0.0,0.0,87.2,,,,30,,87.0,0.0
852632,2027-01-01,31,0,0.0,0.0,87.5,,,,30,,88.0,0.0
852632,2027-02-01,28,0,0.0,0.0,86.7,,,,,,87.0,0.0
852632,2027-03-01,31,0,0.0,0.0,86.6,,,,,,87.0,0.0
852632,2027-04-01,30,0,0.0,0.0,85.0,,,,,,85.0,0.0
852632,2027-05-01,31,0,0.0,0.0,88.1,,,,,,88.0,0.0
852632,2027-06-01,30,0,0.0,0.0,88.6,,,,,,89.0,0.0
45936,2026-07-01,1,30,0.968,2059.0,68.6,68.6,91,15,30,69.0,69.0,2059.0
45936,2026-08-01,31,0,0.0,0.0,69.0,,,,30,,69.0,0.0
45936,2026-09-01,0,30,1.0,2095.0,69.8,69.8,135,112,30,70.0,70.0,2095.0
45936,2026-10-01,0,31,1.0,2153.0,69.5,69.5,,,30,70.0,70.0,2153.0
45936,2026-11-01,0,30,1.0,2094.0,69.8,69.8,,,30,70.0,70.0,2094.0
45936,2026-12-01,10,21,0.677,1466.0,70.2,69.8,,,30,70.0,70.0,1466.0
45936,2027-01-01,31,0,0.0,0.0,70.4,,,,30,,70.0,0.0
45936,2027-02-01,28,0,0.0,0.0,70.5,,,,30,,71.0,0.0
45936,2027-03-01,31,0,0.0,0.0,67.9,,,,30,,68.0,0.0
45936,2027-04-01,30,0,0.0,0.0,68.9,,,,30,,69.0,0.0
45936,2027-05-01,31,0,0.0,0.0,69.4,,,,30,,69.0,0.0
45936,2027-06-01,30,0,0.0,0.0,69.8,,,,,,70.0,0.0
267376,2026-07-01,0,31,1.0,2877.0,92.8,92.8,49,39,30,93.0,93.0,2877.0
267376,2026-08-01,23,8,0.258,747.0,92.6,93.4,,,30,93.0,93.0,747.0
267376,2026-09-01,30,0,0.0,0.0,92.5,,,,30,,93.0,0.0
267376,2026-10-01,31,0,0.0,0.0,91.4,,,,30,,91.0,0.0
267376,2026-11-01,30,0,0.0,0.0,89.4,,,,30,,89.0,0.0
267376,2026-12-01,31,0,0.0,0.0,94.5,,,,30,,95.0,0.0
267376,2027-01-01,31,0,0.0,0.0,93.1,,,,30,,93.0,0.0
267376,2027-02-01,28,0,0.0,0.0,92.4,,,,30,,92.0,0.0
267376,2027-03-01,31,0,0.0,0.0,92.5,,,,30,,93.0,0.0
267376,2027-04-01,30,0,0.0,0.0,93.0,,,,30,,93.0,0.0
267376,2027-05-01,31,0,0.0,0.0,94.5,,,,30,,95.0,0.0
267376,2027-06-01,30,0,0.0,0.0,94.1,,,,30,,94.0,0.0
191610,2026-07-01,1,30,0.968,6386.0,212.8,212.9,12,25,2,213.0,213.0,6386.0
191610,2026-08-01,25,6,0.194,1231.0,210.6,205.2,36,6,2,205.0,211.0,1231.0
191610,2026-09-01,10,20,0.667,4575.0,230.3,228.8,80,6,2,229.0,230.0,4575.0
191610,2026-10-01,5,26,0.839,6070.0,237.6,233.5,108,10,2,234.0,238.0,6070.0
191610,2026-11-01,21,9,0.3,1948.0,217.8,216.4,153,11,2,216.0,218.0,1948.0
191610,2026-12-01,17,14,0.452,3190.0,223.2,227.9,,,2,228.0,223.0,3190.0
191610,2027-01-01,31,0,0.0,0.0,204.3,,,,2,,204.0,0.0
191610,2027-02-01,28,0,0.0,0.0,209.1,,,,2,,209.0,0.0
191610,2027-03-01,31,0,0.0,0.0,216.2,,,,2,,216.0,0.0
191610,2027-04-01,30,0,0.0,0.0,213.8,,,,2,,214.0,0.0
191610,2027-05-01,31,0,0.0,0.0,211.8,,,,2,,212.0,0.0
191610,2027-06-01,30,0,0.0,0.0,207.3,,,,2,,207.0,0.0
1444400,2026-07-01,22,9,0.29,1175.0,129.1,130.6,,,30,131.0,129.0,1175.0
1444400,2026-08-01,31,0,0.0,0.0,127.6,,,,30,,128.0,0.0
1444400,2026-09-01,30,0,0.0,0.0,127.2,,,,30,,127.0,0.0
1444400,2026-10-01,31,0,0.0,0.0,123.9,,,,30,,124.0,0.0
1444400,2026-11-01,30,0,0.0,0.0,124.8,,,,30,,125.0,0.0
1444400,2026-12-01,31,0,0.0,0.0,118.5,,,,30,,119.0,0.0
1444400,2027-01-01,31,0,0.0,0.0,125.8,,,,30,,126.0,0.0
1444400,2027-02-01,28,0,0.0,0.0,126.0,,,,30,,126.0,0.0
1444400,2027-03-01,31,0,0.0,0.0,124.7,,,,30,,125.0,0.0
1444400,2027-04-01,30,0,0.0,0.0,125.3,,,,30,,125.0,0.0
1444400,2027-05-01,31,0,0.0,0.0,126.1,,,,30,,126.0,0.0
1444400,2027-06-01,30,0,0.0,0.0,125.2,,,,30,,125.0,0.0
958444,2026-07-01,5,26,0.839,2792.0,107.2,107.4,34,26,30,107.0,107.0,2792.0
958444,2026-08-01,9,22,0.71,2333.0,105.9,106.0,58,11,30,106.0,106.0,2333.0
958444,2026-09-01,30,0,0.0,0.0,108.7,,,,30,,109.0,0.0
958444,2026-10-01,31,0,0.0,0.0,109.0,,,,30,,109.0,0.0
958444,2026-11-01,30,0,0.0,0.0,107.1,,,,30,,107.0,0.0
958444,2026-12-01,31,0,0.0,0.0,106.6,,,,30,,107.0,0.0
958444,2027-01-01,31,0,0.0,0.0,106.5,,,,30,,107.0,0.0
958444,2027-02-01,28,0,0.0,0.0,107.4,,,,30,,107.0,0.0
958444,2027-03-01,31,0,0.0,0.0,108.3,,,,30,,108.0,0.0
958444,2027-04-01,30,0,0.0,0.0,107.3,,,,30,,107.0,0.0
958444,2027-05-01,31,0,0.0,0.0,107.1,,,,30,,107.0,0.0
958444,2027-06-01,30,0,0.0,0.0,108.2,,,,30,,108.0,0.0
230877,2026-07-01,6,25,0.806,4599.0,183.7,184.0,118,16,30,184.0,184.0,4599.0
230877,2026-08-01,23,8,0.258,1477.0,183.5,184.6,,,30,185.0,184.0,1477.0
230877,2026-09-01,30,0,0.0,0.0,181.7,,,,30,,182.0,0.0
230877,2026-10-01,31,0,0.0,0.0,178.4,,,,30,,178.0,0.0
230877,2026-11-01,30,0,0.0,0.0,182.6,,,,30,,183.0,0.0
230877,2026-12-01,31,0,0.0,0.0,185.0,,,,30,,185.0,0.0
230877,2027-01-01,31,0,0.0,0.0,185.4,,,,30,,185.0,0.0
230877,2027-02-01,28,0,0.0,0.0,183.4,,,,30,,183.0,0.0
230877,2027-03-01,31,0,0.0,0.0,184.0,,,,30,,184.0,0.0
230877,2027-04-01,30,0,0.0,0.0,184.2,,,,30,,184.0,0.0
230877,2027-05-01,31,0,0.0,0.0,184.5,,,,30,,185.0,0.0
230877,2027-06-01,30,0,0.0,0.0,184.8,,,,30,,185.0,0.0
1100421,2026-07-01,3,28,0.903,6041.0,215.9,215.8,37,34,30,216.0,216.0,6041.0
1100421,2026-08-01,25,6,0.194,1295.0,203.9,215.8,,,30,216.0,204.0,1295.0
1100421,2026-09-01,30,0,0.0,0.0,212.4,,,,30,,212.0,0.0
1100421,2026-10-01,31,0,0.0,0.0,211.8,,,,30,,212.0,0.0
1100421,2026-11-01,30,0,0.0,0.0,214.2,,,,30,,214.0,0.0
1100421,2026-12-01,31,0,0.0,0.0,212.6,,,,30,,213.0,0.0
1100421,2027-01-01,31,0,0.0,0.0,210.3,,,,30,,210.0,0.0
1100421,2027-02-01,28,0,0.0,0.0,209.1,,,,30,,209.0,0.0
1100421,2027-03-01,31,0,0.0,0.0,209.6,,,,30,,210.0,0.0
1100421,2027-04-01,30,0,0.0,0.0,211.6,,,,30,,212.0,0.0
1100421,2027-05-01,31,0,0.0,0.0,212.6,,,,30,,213.0,0.0
1100421,2027-06-01,30,0,0.0,0.0,212.7,,,,,,213.0,0.0
15385,2026-07-01,19,12,0.387,880.0,73.9,73.3,194,80,31,73.0,74.0,880.0
15385,2026-08-01,0,31,1.0,2285.0,73.7,73.7,,,31,74.0,74.0,2285.0
15385,2026-09-01,0,30,1.0,2196.0,73.2,73.2,,,31,73.0,73.0,2196.0
15385,2026-10-01,0,31,1.0,2293.0,74.0,74.0,,,31,74.0,74.0,2293.0
15385,2026-11-01,0,30,1.0,2227.0,74.2,74.2,,,31,74.0,74.0,2227.0
15385,2026-12-01,5,26,0.839,1904.0,72.6,73.2,,,31,73.0,73.0,1904.0
15385,2027-01-01,31,0,0.0,0.0,72.3,,,,31,,72.0,0.0
15385,2027-02-01,28,0,0.0,0.0,75.7,,,,31,,76.0,0.0
15385,2027-03-01,31,0,0.0,0.0,75.8,,,,31,,76.0,0.0
15385,2027-04-01,30,0,0.0,0.0,73.8,,,,31,,74.0,0.0
15385,2027-05-01,31,0,0.0,0.0,71.3,,,,31,,71.0,0.0
15385,2027-06-01,30,0,0.0,0.0,74.0,,,,31,,74.0,0.0
945297,2026-07-01,4,27,0.871,3276.0,121.4,121.3,65,41,30,121.0,121.0,3276.0
945297,2026-08-01,17,14,0.452,1694.0,123.6,121.0,,,30,121.0,124.0,1694.0
945297,2026-09-01,30,0,0.0,0.0,129.1,,,,30,,129.0,0.0
945297,2026-10-01,31,0,0.0,0.0,126.6,,,,30,,127.0,0.0
945297,2026-11-01,30,0,0.0,0.0,124.3,,,,30,,124.0,0.0
945297,2026-12-01,31,0,0.0,0.0,124.8,,,,30,,125.0,0.0
945297,2027-01-01,19,12,0.387,1457.0,121.5,121.4,264,131,30,121.0,122.0,1457.0
945297,2027-02-01,0,28,1.0,3498.0,124.9,124.9,,,30,125.0,125.0,3498.0
945297,2027-03-01,0,31,1.0,3842.0,123.9,123.9,,,30,124.0,124.0,3842.0
945297,2027-04-01,0,30,1.0,3676.0,122.5,122.5,,,30,123.0,123.0,3676.0
945297,2027-05-01,1,30,0.968,3720.0,124.1,124.0,,,30,124.0,124.0,3720.0
945297,2027-06-01,30,0,0.0,0.0,127.3,,,,30,,127.0,0.0
128975,2026-07-01,31,0,0.0,0.0,101.2,,,,30,,101.0,0.0
128975,2026-08-01,31,0,0.0,0.0,100.4,,,,30,,100.0,0.0
128975,2026-09-01,30,0,0.0,0.0,100.9,,,,30,,101.0,0.0
128975,2026-10-01,31,0,0.0,0.0,101.0,,,,30,,101.0,0.0
128975,2026-11-01,30,0,0.0,0.0,102.0,,,,30,,102.0,0.0
128975,2026-12-01,31,0,0.0,0.0,101.9,,,,30,,102.0,0.0
128975,2027-01-01,31,0,0.0,0.0,101.0,,,,,,101.0,0.0
128975,2027-02-01,28,0,0.0,0.0,101.2,,,,,,101.0,0.0
128975,2027-03-01,31,0,0.0,0.0,102.8,,,,,,103.0,0.0
128975,2027-04-01,30,0,0.0,0.0,102.4,,,,,,102.0,0.0
128975,2027-05-01,31,0,0.0,0.0,102.2,,,,,,102.0,0.0
128975,2027-06-01,30,0,0.0,0.0,102.0,,,,,,102.0,0.0
199733,2026-07-01,31,0,0.0,0.0,148.0,,,,30,,148.0,0.0
199733,2026-08-01,31,0,0.0,0.0,149.3,,,,30,,149.0,0.0
199733,2026-09-01,30,0,0.0,0.0,147.8,,,,30,,148.0,0.0
199733,2026-10-01,31,0,0.0,0.0,147.0,,,,30,,147.0,0.0
199733,2026-11-01,30,0,0.0,0.0,146.9,,,,30,,147.0,0.0
199733,2026-12-01,31,0,0.0,0.0,145.0,,,,30,,145.0,0.0
199733,2027-01-01,31,0,0.0,0.0,145.5,,,,30,,146.0,0.0
199733,2027-02-01,28,0,0.0,0.0,144.2,,,,30,,144.0,0.0
199733,2027-03-01,31,0,0.0,0.0,144.9,,,,30,,145.0,0.0
199733,2027-04-01,30,0,0.0,0.0,144.7,,,,,,145.0,0.0
199733,2027-05-01,31,0,0.0,0.0,144.4,,,,,,144.0,0.0
199733,2027-06-01,30,0,0.0,0.0,144.3,,,,,,144.0,0.0
62925,2026-07-01,31,0,0.0,0.0,343.7,,,,30,,344.0,0.0
62925,2026-08-01,31,0,0.0,0.0,346.1,,,,30,,346.0,0.0
62925,2026-09-01,30,0,0.0,0.0,340.3,,,,30,,340.0,0.0
62925,2026-10-01,31,0,0.0,0.0,341.3,,,,30,,341.0,0.0
62925,2026-11-01,30,0,0.0,0.0,338.0,,,,30,,338.0,0.0
62925,2026-12-01,31,0,0.0,0.0,341.8,,,,30,,342.0,0.0
62925,2027-01-01,31,0,0.0,0.0,341.1,,,,30,,341.0,0.0
62925,2027-02-01,28,0,0.0,0.0,342.6,,,,30,,343.0,0.0
62925,2027-03-01,31,0,0.0,0.0,342.0,,,,30,,342.0,0.0
62925,2027-04-01,30,0,0.0,0.0,342.9,,,,30,,343.0,0.0
62925,2027-05-01,31,0,0.0,0.0,346.0,,,,30,,346.0,0.0
62925,2027-06-01,30,0,0.0,0.0,344.7,,,,30,,345.0,0.0
302705,2026-07-01,0,31,1.0,2729.0,88.0,88.0,97,122,30,88.0,88.0,2729.0
302705,2026-08-01,0,31,1.0,2817.0,90.9,90.9,,,30,91.0,91.0,2817.0
302705,2026-09-01,0,30,1.0,2724.0,90.8,90.8,,,30,91.0,91.0,2724.0
302705,2026-10-01,1,30,0.968,2663.0,88.7,88.8,,,30,89.0,89.0,2663.0
302705,2026-11-01,30,0,0.0,0.0,88.2,,,,30,,88.0,0.0
302705,2026-12-01,31,0,0.0,0.0,86.2,,,,30,,86.0,0.0
302705,2027-01-01,31,0,0.0,0.0,85.5,,,,30,,86.0,0.0
302705,2027-02-01,28,0,0.0,0.0,85.1,,,,30,,85.0,0.0
302705,2027-03-01,31,0,0.0,0.0,85.4,,,,30,,85.0,0.0
302705,2027-04-01,30,0,0.0,0.0,85.2,,,,30,,85.0,0.0
302705,2027-05-01,31,0,0.0,0.0,85.0,,,,30,,85.0,0.0
302705,2027-06-01,30,0,0.0,0.0,86.2,,,,30,,86.0,0.0
886808,2026-07-01,9,22,0.71,2255.0,101.1,102.5,86,3,1,103.0,101.0,2255.0
886808,2026-08-01,2,29,0.935,3062.0,104.8,105.6,100,7,1,106.0,105.0,3062.0
886808,2026-09-01,6,24,0.8,2447.0,100.6,102.0,118,5,1,102.0,101.0,2447.0
886808,2026-10-01,17,14,0.452,1406.0,97.9,100.4,155,5,1,100.0,98.0,1406.0
886808,2026-11-01,26,4,0.133,393.0,96.1,98.2,174,3,1,98.0,96.0,393.0
886808,2026-12-01,24,7,0.226,722.0,97.5,103.1,220,4,1,103.0,98.0,722.0
886808,2027-01-01,30,1,0.032,104.0,93.9,104.0,,,1,104.0,94.0,104.0
886808,2027-02-01,28,0,0.0,0.0,96.4,,,,1,,96.0,0.0
886808,2027-03-01,31,0,0.0,0.0,95.4,,,,1,,95.0,0.0
886808,2027-04-01,30,0,0.0,0.0,94.7,,,,1,,95.0,0.0
886808,2027-05-01,31,0,0.0,0.0,94.5,,,,1,,95.0,0.0
886808,2027-06-01,30,0,0.0,0.0,96.7,,,,,,97.0,0.0
613528,2026-07-01,2,29,0.935,4232.0,145.7,145.9,235,4,3,146.0,146.0,4232.0
613528,2026-08-01,3,28,0.903,3941.0,140.8,140.8,231,6,2,141.0,141.0,3941.0
613528,2026-09-01,2,28,0.933,4126.0,147.8,147.4,295,5,3,147.0,148.0,4126.0
613528,2026-10-01,2,29,0.935,4184.0,143.7,144.3,262,4,2,144.0,144.0,4184.0
613528,2026-11-01,3,27,0.9,4068.0,151.0,150.7,273,4,3,151.0,151.0,4068.0
613528,2026-12-01,3,28,0.903,4008.0,142.7,143.1,323,6,3,143.0,143.0,4008.0
613528,2027-01-01,18,13,0.419,1651.0,125.7,127.0,284,6,3,127.0,126.0,1651.0
613528,2027-02-01,19,9,0.321,1115.0,124.8,123.9,258,9,3,124.0,125.0,1115.0
613528,2027-03-01,31,0,0.0,0.0,138.9,,,,3,,139.0,0.0
613528,2027-04-01,30,0,0.0,0.0,150.0,,,,3,,150.0,0.0
613528,2027-05-01,31,0,0.0,0.0,154.4,,,,3,,154.0,0.0
613528,2027-06-01,30,0,0.0,0.0,148.6,,,,3,,149.0,0.0
904060,2026-07-01,31,0,0.0,0.0,202.6,,,,30,,203.0,0.0
904060,2026-08-01,31,0,0.0,0.0,203.0,,,,30,,203.0,0.0
904060,2026-09-01,30,0,0.0,0.0,206.6,,,,30,,207.0,0.0
904060,2026-10-01,31,0,0.0,0.0,205.8,,,,30,,206.0,0.0
904060,2026-11-01,30,0,0.0,0.0,206.3,,,,30,,206.0,0.0
904060,2026-12-01,31,0,0.0,0.0,206.6,,,,30,,207.0,0.0
904060,2027-01-01,31,0,0.0,0.0,203.5,,,,30,,204.0,0.0
904060,2027-02-01,28,0,0.0,0.0,202.9,,,,30,,203.0,0.0
904060,2027-03-01,31,0,0.0,0.0,203.6,,,,30,,204.0,0.0
904060,2027-04-01,30,0,0.0,0.0,204.1,,,,30,,204.0,0.0
904060,2027-05-01,31,0,0.0,0.0,204.5,,,,30,,205.0,0.0
904060,2027-06-01,30,0,0.0,0.0,201.4,,,,30,,201.0,0.0
783202,2026-07-01,15,16,0.516,6213.0,376.3,388.3,23,3,1,388.0,376.0,6213.0
783202,2026-08-01,23,8,0.258,2865.0,346.6,358.1,47,8,1,358.0,347.0,2865.0
783202,2026-09-01,30,0,0.0,0.0,412.3,,,,1,,412.0,0.0
783202,2026-10-01,31,0,0.0,0.0,401.7,,,,1,,402.0,0.0
783202,2026-11-01,30,0,0.0,0.0,396.7,,,,1,,397.0,0.0
783202,2026-12-01,31,0,0.0,0.0,396.2,,,,1,,396.0,0.0
783202,2027-01-01,31,0,0.0,0.0,387.5,,,,1,,388.0,0.0
783202,2027-02-01,28,0,0.0,0.0,394.8,,,,1,,395.0,0.0
783202,2027-03-01,31,0,0.0,0.0,397.6,,,,1,,398.0,0.0
783202,2027-04-01,30,0,0.0,0.0,399.0,,,,1,,399.0,0.0
783202,2027-05-01,31,0,0.0,0.0,396.9,,,,1,,397.0,0.0
783202,2027-06-01,30,0,0.0,0.0,408.6,,,,1,,409.0,0.0
12940,2026-07-01,4,27,0.871,3554.0,131.6,131.6,128,33,30,132.0,132.0,3554.0
12940,2026-08-01,25,6,0.194,852.0,146.3,142.0,,,30,142.0,146.0,852.0
12940,2026-09-01,29,1,0.033,130.0,128.5,130.0,125,3,30,130.0,129.0,130.0
12940,2026-10-01,9,22,0.71,2874.0,129.9,130.6,196,10,30,131.0,130.0,2874.0
12940,2026-11-01,30,0,0.0,0.0,125.5,,,,30,,126.0,0.0
12940,2026-12-01,31,0,0.0,0.0,125.8,,,,30,,126.0,0.0
12940,2027-01-01,31,0,0.0,0.0,126.7,,,,30,,127.0,0.0
12940,2027-02-01,28,0,0.0,0.0,127.6,,,,30,,128.0,0.0
12940,2027-03-01,31,0,0.0,0.0,126.4,,,,30,,126.0,0.0
12940,2027-04-01,30,0,0.0,0.0,125.1,,,,30,,125.0,0.0
12940,2027-05-01,31,0,0.0,0.0,127.5,,,,30,,128.0,0.0
12940,2027-06-01,30,0,0.0,0.0,132.5,,,,30,,133.0,0.0
148825,2026-07-01,0,31,1.0,4692.0,151.4,151.4,100,39,31,151.0,151.0,4692.0
148825,2026-08-01,16,15,0.484,2201.0,147.2,146.7,107,126,31,147.0,147.0,2201.0
148825,2026-09-01,0,30,1.0,4390.0,146.3,146.3,,,31,146.0,146.0,4390.0
148825,2026-10-01,0,31,1.0,4541.0,146.5,146.5,,,31,147.0,147.0,4541.0
148825,2026-11-01,0,30,1.0,4352.0,145.1,145.1,,,31,145.0,145.0,4352.0
148825,2026-12-01,3,28,0.903,4250.0,152.0,151.8,,,31,152.0,152.0,4250.0
148825,2027-01-01,31,0,0.0,0.0,149.2,,,,31,,149.0,0.0
148825,2027-02-01,28,0,0.0,0.0,148.2,,,,31,,148.0,0.0
148825,2027-03-01,31,0,0.0,0.0,156.7,,,,31,,157.0,0.0
148825,2027-04-01,30,0,0.0,0.0,155.2,,,,31,,155.0,0.0
148825,2027-05-01,31,0,0.0,0.0,151.3,,,,31,,151.0,0.0
148825,2027-06-01,30,0,0.0,0.0,150.8,,,,31,,151.0,0.0
836720,2026-07-01,0,31,1.0,5271.0,170.0,170.0,,,30,170.0,170.0,5271.0
836720,2026-08-01,31,0,0.0,0.0,175.3,,,,30,,175.0,0.0
836720,2026-09-01,30,0,0.0,0.0,181.1,,,,30,,181.0,0.0
836720,2026-10-01,31,0,0.0,0.0,179.6,,,,30,,180.0,0.0
836720,2026-11-01,30,0,0.0,0.0,177.6,,,,30,,178.0,0.0
836720,2026-12-01,31,0,0.0,0.0,179.4,,,,30,,179.0,0.0
836720,2027-01-01,31,0,0.0,0.0,177.0,,,,30,,177.0,0.0
836720,2027-02-01,28,0,0.0,0.0,176.0,,,,30,,176.0,0.0
836720,2027-03-01,31,0,0.0,0.0,180.5,,,,30,,181.0,0.0
836720,2027-04-01,30,0,0.0,0.0,182.7,,,,30,,183.0,0.0
836720,2027-05-01,31,0,0.0,0.0,184.4,,,,30,,184.0,0.0
836720,2027-06-01,30,0,0.0,0.0,180.9,,,,30,,181.0,0.0
1039984,2026-07-01,0,31,1.0,3900.0,125.8,125.8,39,75,30,126.0,126.0,3900.0
1039984,2026-08-01,0,31,1.0,3940.0,127.1,127.1,,,30,127.0,127.0,3940.0
1039984,2026-09-01,17,13,0.433,1660.0,126.9,127.7,,,30,128.0,127.0,1660.0
1039984,2026-10-01,31,0,0.0,0.0,127.2,,,,30,,127.0,0.0
1039984,2026-11-01,30,0,0.0,0.0,125.4,,,,30,,125.0,0.0
1039984,2026-12-01,31,0,0.0,0.0,125.2,,,,30,,125.0,0.0
1039984,2027-01-01,31,0,0.0,0.0,124.2,,,,30,,124.0,0.0
1039984,2027-02-01,28,0,0.0,0.0,123.0,,,,30,,123.0,0.0
1039984,2027-03-01,31,0,0.0,0.0,124.5,,,,30,,125.0,0.0
1039984,2027-04-01,30,0,0.0,0.0,127.3,,,,30,,127.0,0.0
1039984,2027-05-01,31,0,0.0,0.0,129.6,,,,30,,130.0,0.0
1039984,2027-06-01,30,0,0.0,0.0,127.5,,,,30,,128.0,0.0
9357,2026-07-01,0,31,1.0,4797.0,154.7,154.7,198,31,30,155.0,155.0,4797.0
9357,2026-08-01,31,0,0.0,0.0,157.2,,,,30,,157.0,0.0
9357,2026-09-01,30,0,0.0,0.0,155.4,,,,30,,155.0,0.0
9357,2026-10-01,31,0,0.0,0.0,155.1,,,,30,,155.0,0.0
9357,2026-11-01,30,0,0.0,0.0,155.9,,,,30,,156.0,0.0
9357,2026-12-01,31,0,0.0,0.0,155.7,,,,30,,156.0,0.0
9357,2027-01-01,31,0,0.0,0.0,154.5,,,,30,,155.0,0.0
9357,2027-02-01,28,0,0.0,0.0,155.9,,,,30,,156.0,0.0
9357,2027-03-01,31,0,0.0,0.0,155.2,,,,30,,155.0,0.0
9357,2027-04-01,30,0,0.0,0.0,154.1,,,,30,,154.0,0.0
9357,2027-05-01,31,0,0.0,0.0,155.6,,,,30,,156.0,0.0
9357,2027-06-01,30,0,0.0,0.0,156.3,,,,30,,156.0,0.0
1026683,2026-07-01,8,23,0.742,2510.0,108.6,109.1,66,3,2,109.0,109.0,2510.0
1026683,2026-08-01,31,0,0.0,0.0,108.4,,,,2,,108.0,0.0
1026683,2026-09-01,30,0,0.0,0.0,107.5,,,,2,,108.0,0.0
1026683,2026-10-01,31,0,0.0,0.0,106.0,,,,2,,106.0,0.0
1026683,2026-11-01,30,0,0.0,0.0,105.4,,,,2,,105.0,0.0
1026683,2026-12-01,31,0,0.0,0.0,105.2,,,,2,,105.0,0.0
1026683,2027-01-01,31,0,0.0,0.0,105.2,,,,2,,105.0,0.0
1026683,2027-02-01,28,0,0.0,0.0,106.5,,,,2,,107.0,0.0
1026683,2027-03-01,31,0,0.0,0.0,106.4,,,,2,,106.0,0.0
1026683,2027-04-01,30,0,0.0,0.0,106.5,,,,2,,107.0,0.0
1026683,2027-05-01,31,0,0.0,0.0,108.0,,,,2,,108.0,0.0
1026683,2027-06-01,30,0,0.0,0.0,109.5,,,,2,,110.0,0.0
1038802,2026-07-01,0,31,1.0,2720.0,87.7,87.7,,,30,88.0,88.0,2720.0
1038802,2026-08-01,0,31,1.0,2632.0,84.9,84.9,,,30,85.0,85.0,2632.0
1038802,2026-09-01,11,19,0.633,1558.0,81.9,82.0,,,30,82.0,82.0,1558.0
1038802,2026-10-01,31,0,0.0,0.0,85.3,,,,30,,85.0,0.0
1038802,2026-11-01,30,0,0.0,0.0,88.2,,,,30,,88.0,0.0
1038802,2026-12-01,31,0,0.0,0.0,88.4,,,,30,,88.0,0.0
1038802,2027-01-01,31,0,0.0,0.0,89.5,,,,30,,90.0,0.0
1038802,2027-02-01,28,0,0.0,0.0,89.2,,,,30,,89.0,0.0
1038802,2027-03-01,31,0,0.0,0.0,89.6,,,,30,,90.0,0.0
1038802,2027-04-01,30,0,0.0,0.0,90.1,,,,30,,90.0,0.0
1038802,2027-05-01,31,0,0.0,0.0,88.8,,,,30,,89.0,0.0
1038802,2027-06-01,30,0,0.0,0.0,91.6,,,,30,,92.0,0.0
279857,2026-07-01,8,23,0.742,38019.0,1673.6,1653.0,210,4,3,1653.0,1674.0,38019.0
279857,2026-08-01,22,9,0.29,13234.0,1490.8,1470.4,228,4,3,1470.0,1491.0,13234.0
279857,2026-09-01,8,22,0.733,32449.0,1476.4,1475.0,200,5,3,1475.0,1476.0,32449.0
279857,2026-10-01,16,15,0.484,22389.0,1509.3,1492.6,231,4,4,1493.0,1509.0,22389.0
279857,2026-11-01,18,12,0.4,17415.0,1464.5,1451.2,316,3,4,1451.0,1465.0,17415.0
279857,2026-12-01,15,16,0.516,23899.0,1488.4,1493.7,323,4,4,1494.0,1488.0,23899.0
279857,2027-01-01,27,4,0.129,6108.0,1536.0,1527.0,359,4,4,1527.0,1536.0,6108.0
279857,2027-02-01,13,15,0.536,22930.0,1540.3,1528.7,316,15,4,1529.0,1540.0,22930.0
279857,2027-03-01,9,22,0.71,33867.0,1544.5,1539.4,343,11,4,1539.0,1545.0,33867.0
279857,2027-04-01,19,11,0.367,16883.0,1544.7,1534.8,362,11,4,1535.0,1545.0,16883.0
279857,2027-05-01,20,11,0.355,16888.0,1537.8,1535.3,336,5,4,1535.0,1538.0,16888.0
279857,2027-06-01,30,0,0.0,0.0,1538.6,,,,,,1539.0,0.0
919830,2026-07-01,19,12,0.387,4992.0,415.0,416.0,210,6,30,416.0,415.0,4992.0
919830,2026-08-01,31,0,0.0,0.0,399.4,,,,30,,399.0,0.0
919830,2026-09-01,30,0,0.0,0.0,415.9,,,,30,,416.0,0.0
919830,2026-10-01,24,7,0.226,2876.0,408.0,410.9,119,3,30,411.0,408.0,2876.0
919830,2026-11-01,30,0,0.0,0.0,405.0,,,,30,,405.0,0.0
919830,2026-12-01,31,0,0.0,0.0,407.5,,,,30,,408.0,0.0
919830,2027-01-01,31,0,0.0,0.0,419.3,,,,30,,419.0,0.0
919830,2027-02-01,28,0,0.0,0.0,417.8,,,,30,,418.0,0.0
919830,2027-03-01,31,0,0.0,0.0,415.6,,,,30,,416.0,0.0
919830,2027-04-01,30,0,0.0,0.0,416.0,,,,30,,416.0,0.0
919830,2027-05-01,31,0,0.0,0.0,421.7,,,,30,,422.0,0.0
919830,2027-06-01,30,0,0.0,0.0,429.0,,,,30,,429.0,0.0
1101035,2026-07-01,0,31,1.0,7218.0,232.8,232.8,61,18,40,233.0,233.0,7218.0
1101035,2026-08-01,23,8,0.258,1849.0,221.2,231.1,,,30,231.0,221.0,1849.0
1101035,2026-09-01,30,0,0.0,0.0,224.0,,,,30,,224.0,0.0
1101035,2026-10-01,31,0,0.0,0.0,220.2,,,,30,,220.0,0.0
1101035,2026-11-01,30,0,0.0,0.0,226.3,,,,30,,226.0,0.0
1101035,2026-12-01,31,0,0.0,0.0,231.2,,,,30,,231.0,0.0
1101035,2027-01-01,31,0,0.0,0.0,230.7,,,,30,,231.0,0.0
1101035,2027-02-01,28,0,0.0,0.0,229.0,,,,30,,229.0,0.0
1101035,2027-03-01,31,0,0.0,0.0,228.9,,,,30,,229.0,0.0
1101035,2027-04-01,30,0,0.0,0.0,230.4,,,,30,,230.0,0.0
1101035,2027-05-01,31,0,0.0,0.0,233.1,,,,30,,233.0,0.0
1101035,2027-06-01,30,0,0.0,0.0,233.0,,,,30,,233.0,0.0
82638,2026-07-01,7,24,0.774,4348.0,184.9,181.2,39,22,30,181.0,185.0,4348.0
82638,2026-08-01,11,20,0.645,3512.0,180.1,175.6,,,30,176.0,180.0,3512.0
82638,2026-09-01,30,0,0.0,0.0,194.3,,,,30,,194.0,0.0
82638,2026-10-01,31,0,0.0,0.0,177.4,,,,30,,177.0,0.0
82638,2026-11-01,30,0,0.0,0.0,188.2,,,,30,,188.0,0.0
82638,2026-12-01,31,0,0.0,0.0,185.9,,,,30,,186.0,0.0
82638,2027-01-01,31,0,0.0,0.0,176.0,,,,30,,176.0,0.0
82638,2027-02-01,28,0,0.0,0.0,181.9,,,,30,,182.0,0.0
82638,2027-03-01,31,0,0.0,0.0,179.6,,,,30,,180.0,0.0
82638,2027-04-01,30,0,0.0,0.0,183.5,,,,30,,184.0,0.0
82638,2027-05-01,31,0,0.0,0.0,172.1,,,,30,,172.0,0.0
82638,2027-06-01,30,0,0.0,0.0,172.8,,,,30,,173.0,0.0
49048,2026-07-01,0,31,1.0,2112.0,68.1,68.1,136,40,30,68.0,68.0,2112.0
49048,2026-08-01,10,21,0.677,1534.0,73.2,73.0,96,273,30,73.0,73.0,1534.0
49048,2026-09-01,0,30,1.0,2314.0,77.1,77.1,,,30,77.0,77.0,2314.0
49048,2026-10-01,0,31,1.0,2397.0,77.3,77.3,,,30,77.0,77.0,2397.0
49048,2026-11-01,0,30,1.0,2204.0,73.5,73.5,,,30,74.0,74.0,2204.0
49048,2026-12-01,0,31,1.0,2267.0,73.1,73.1,,,30,73.0,73.0,2267.0
49048,2027-01-01,0,31,1.0,2219.0,71.6,71.6,,,30,72.0,72.0,2219.0
49048,2027-02-01,0,28,1.0,2007.0,71.7,71.7,,,30,72.0,72.0,2007.0
49048,2027-03-01,0,31,1.0,2280.0,73.5,73.5,,,30,74.0,74.0,2280.0
49048,2027-04-01,0,30,1.0,2202.0,73.4,73.4,,,30,73.0,73.0,2202.0
49048,2027-05-01,12,19,0.613,1385.0,72.8,72.9,,,30,73.0,73.0,1385.0
49048,2027-06-01,30,0,0.0,0.0,72.8,,,,,,73.0,0.0
781865,2026-07-01,0,31,1.0,6091.0,196.5,196.5,34,39,30,197.0,197.0,6091.0
781865,2026-08-01,23,8,0.258,1239.0,141.1,154.9,,,30,155.0,141.0,1239.0
781865,2026-09-01,26,4,0.133,529.0,133.9,132.2,92,34,30,132.0,134.0,529.0
781865,2026-10-01,1,30,0.968,3884.0,129.2,129.5,,,30,130.0,129.0,3884.0
781865,2026-11-01,30,0,0.0,0.0,142.1,,,,30,,142.0,0.0
781865,2026-12-01,31,0,0.0,0.0,144.7,,,,30,,145.0,0.0
781865,2027-01-01,31,0,0.0,0.0,143.3,,,,30,,143.0,0.0
781865,2027-02-01,28,0,0.0,0.0,140.6,,,,30,,141.0,0.0
781865,2027-03-01,31,0,0.0,0.0,143.0,,,,30,,143.0,0.0
781865,2027-04-01,30,0,0.0,0.0,149.4,,,,30,,149.0,0.0
781865,2027-05-01,31,0,0.0,0.0,150.0,,,,30,,150.0,0.0
781865,2027-06-01,30,0,0.0,0.0,149.4,,,,30,,149.0,0.0
826685,2026-07-01,31,0,0.0,0.0,52.5,,,,30,,53.0,0.0
826685,2026-08-01,23,8,0.258,407.0,52.2,50.9,94,68,30,51.0,52.0,407.0
826685,2026-09-01,0,30,1.0,1551.0,51.7,51.7,,,30,52.0,52.0,1551.0
826685,2026-10-01,1,30,0.968,1550.0,51.6,51.7,,,30,52.0,52.0,1550.0
826685,2026-11-01,30,0,0.0,0.0,51.5,,,,30,,52.0,0.0
826685,2026-12-01,31,0,0.0,0.0,50.9,,,,30,,51.0,0.0
826685,2027-01-01,31,0,0.0,0.0,51.9,,,,30,,52.0,0.0
826685,2027-02-01,28,0,0.0,0.0,52.2,,,,30,,52.0,0.0
826685,2027-03-01,31,0,0.0,0.0,53.4,,,,30,,53.0,0.0
826685,2027-04-01,30,0,0.0,0.0,54.6,,,,30,,55.0,0.0
826685,2027-05-01,31,0,0.0,0.0,53.5,,,,30,,54.0,0.0
826685,2027-06-01,30,0,0.0,0.0,53.2,,,,,,53.0,0.0
66251,2026-07-01,11,20,0.645,4747.0,236.6,237.3,86,6,30,237.0,237.0,4747.0
66251,2026-08-01,31,0,0.0,0.0,239.8,,,,30,,240.0,0.0
66251,2026-09-01,30,0,0.0,0.0,243.4,,,,30,,243.0,0.0
66251,2026-10-01,31,0,0.0,0.0,239.7,,,,30,,240.0,0.0
66251,2026-11-01,30,0,0.0,0.0,238.9,,,,30,,239.0,0.0
66251,2026-12-01,31,0,0.0,0.0,239.2,,,,30,,239.0,0.0
66251,2027-01-01,31,0,0.0,0.0,240.6,,,,30,,241.0,0.0
66251,2027-02-01,28,0,0.0,0.0,240.4,,,,30,,240.0,0.0
66251,2027-03-01,31,0,0.0,0.0,240.2,,,,30,,240.0,0.0
66251,2027-04-01,30,0,0.0,0.0,240.3,,,,30,,240.0,0.0
66251,2027-05-01,31,0,0.0,0.0,240.4,,,,30,,240.0,0.0
66251,2027-06-01,30,0,0.0,0.0,238.3,,,,,,238.0,0.0
249704,2026-07-01,11,20,0.645,2802.0,141.0,140.1,69,94,30,140.0,141.0,2802.0
249704,2026-08-01,0,31,1.0,4428.0,142.8,142.8,,,30,143.0,143.0,4428.0
249704,2026-09-01,0,30,1.0,4306.0,143.5,143.5,,,30,144.0,144.0,4306.0
249704,2026-10-01,0,31,1.0,4413.0,142.4,142.4,,,30,142.0,142.0,4413.0
249704,2026-11-01,29,1,0.033,143.0,140.8,143.0,,,30,143.0,141.0,143.0
249704,2026-12-01,31,0,0.0,0.0,139.0,,,,30,,139.0,0.0
249704,2027-01-01,31,0,0.0,0.0,137.2,,,,30,,137.0,0.0
249704,2027-02-01,28,0,0.0,0.0,137.7,,,,30,,138.0,0.0
249704,2027-03-01,31,0,0.0,0.0,143.1,,,,30,,143.0,0.0
249704,2027-04-01,30,0,0.0,0.0,144.3,,,,30,,144.0,0.0
249704,2027-05-01,31,0,0.0,0.0,144.3,,,,30,,144.0,0.0
249704,2027-06-01,30,0,0.0,0.0,143.8,,,,30,,144.0,0.0
31994,2026-07-01,8,23,0.742,3757.0,163.2,163.3,140,7,2,163.0,163.0,3757.0
31994,2026-08-01,17,14,0.452,2146.0,156.0,153.3,107,4,2,153.0,156.0,2146.0
31994,2026-09-01,12,18,0.6,2781.0,158.1,154.5,145,4,2,155.0,158.0,2781.0
31994,2026-10-01,16,15,0.484,2405.0,158.9,160.3,209,5,2,160.0,159.0,2405.0
31994,2026-11-01,20,10,0.333,1529.0,150.8,152.9,154,7,2,153.0,151.0,1529.0
31994,2026-12-01,6,25,0.806,3825.0,153.0,153.0,316,14,2,153.0,153.0,3825.0
31994,2027-01-01,30,1,0.032,154.0,149.2,154.0,341,1,2,154.0,149.0,154.0
31994,2027-02-01,28,0,0.0,0.0,151.4,,,,2,,151.0,0.0
31994,2027-03-01,31,0,0.0,0.0,152.7,,,,2,,153.0,0.0
31994,2027-04-01,30,0,0.0,0.0,168.4,,,,2,,168.0,0.0
31994,2027-05-01,31,0,0.0,0.0,167.4,,,,2,,167.0,0.0
31994,2027-06-01,30,0,0.0,0.0,156.3,,,,2,,156.0,0.0
658366,2026-07-01,0,31,1.0,5865.0,189.2,189.2,55,17,30,189.0,189.0,5865.0
658366,2026-08-01,28,3,0.097,593.0,200.2,197.7,,,30,198.0,200.0,593.0
658366,2026-09-01,30,0,0.0,0.0,199.1,,,,30,,199.0,0.0
658366,2026-10-01,31,0,0.0,0.0,197.8,,,,30,,198.0,0.0
658366,2026-11-01,30,0,0.0,0.0,194.7,,,,30,,195.0,0.0
658366,2026-12-01,31,0,0.0,0.0,194.5,,,,30,,195.0,0.0
658366,2027-01-01,31,0,0.0,0.0,195.0,,,,30,,195.0,0.0
658366,2027-02-01,28,0,0.0,0.0,195.5,,,,30,,196.0,0.0
658366,2027-03-01,31,0,0.0,0.0,196.4,,,,30,,196.0,0.0
658366,2027-04-01,30,0,0.0,0.0,198.1,,,,30,,198.0,0.0
658366,2027-05-01,31,0,0.0,0.0,201.3,,,,30,,201.0,0.0
658366,2027-06-01,30,0,0.0,0.0,198.6,,,,30,,199.0,0.0
60611,2026-07-01,28,3,0.097,440.0,142.7,146.7,19,3,30,147.0,143.0,440.0
60611,2026-08-01,22,9,0.29,1309.0,146.0,145.4,56,9,30,145.0,146.0,1309.0
60611,2026-09-01,30,0,0.0,0.0,147.9,,,,30,,148.0,0.0
60611,2026-10-01,31,0,0.0,0.0,146.4,,,,30,,146.0,0.0
60611,2026-11-01,30,0,0.0,0.0,145.3,,,,30,,145.0,0.0
60611,2026-12-01,31,0,0.0,0.0,145.5,,,,30,,146.0,0.0
60611,2027-01-01,31,0,0.0,0.0,153.6,,,,30,,154.0,0.0
60611,2027-02-01,28,0,0.0,0.0,151.1,,,,30,,151.0,0.0
60611,2027-03-01,31,0,0.0,0.0,151.4,,,,30,,151.0,0.0
60611,2027-04-01,30,0,0.0,0.0,148.2,,,,30,,148.0,0.0
60611,2027-05-01,31,0,0.0,0.0,149.2,,,,30,,149.0,0.0
60611,2027-06-01,30,0,0.0,0.0,149.4,,,,30,,149.0,0.0
993575,2026-07-01,31,0,0.0,0.0,261.9,,,,30,,262.0,0.0
993575,2026-08-01,31,0,0.0,0.0,262.8,,,,30,,263.0,0.0
993575,2026-09-01,30,0,0.0,0.0,266.5,,,,30,,267.0,0.0
993575,2026-10-01,31,0,0.0,0.0,263.9,,,,30,,264.0,0.0
993575,2026-11-01,30,0,0.0,0.0,261.9,,,,30,,262.0,0.0
993575,2026-12-01,31,0,0.0,0.0,254.2,,,,30,,254.0,0.0
993575,2027-01-01,31,0,0.0,0.0,252.8,,,,30,,253.0,0.0
993575,2027-02-01,28,0,0.0,0.0,251.4,,,,30,,251.0,0.0
993575,2027-03-01,31,0,0.0,0.0,252.0,,,,30,,252.0,0.0
993575,2027-04-01,30,0,0.0,0.0,251.8,,,,,,252.0,0.0
993575,2027-05-01,31,0,0.0,0.0,251.0,,,,,,251.0,0.0
993575,2027-06-01,30,0,0.0,0.0,242.2,,,,,,242.0,0.0
257097,2026-07-01,11,20,0.645,2883.0,144.6,144.2,108,20,60,144.0,145.0,2883.0
257097,2026-08-01,31,0,0.0,0.0,156.4,,,,60,,156.0,0.0
257097,2026-09-01,30,0,0.0,0.0,154.3,,,,60,,154.0,0.0
257097,2026-10-01,31,0,0.0,0.0,155.9,,,,60,,156.0,0.0
257097,2026-11-01,30,0,0.0,0.0,155.1,,,,60,,155.0,0.0
257097,2026-12-01,31,0,0.0,0.0,153.5,,,,60,,154.0,0.0
257097,2027-01-01,31,0,0.0,0.0,154.1,,,,60,,154.0,0.0
257097,2027-02-01,28,0,0.0,0.0,157.3,,,,60,,157.0,0.0
257097,2027-03-01,31,0,0.0,0.0,156.0,,,,60,,156.0,0.0
257097,2027-04-01,30,0,0.0,0.0,155.7,,,,60,,156.0,0.0
257097,2027-05-01,31,0,0.0,0.0,156.9,,,,60,,157.0,0.0
257097,2027-06-01,30,0,0.0,0.0,156.3,,,,60,,156.0,0.0
1087215,2026-07-01,6,25,0.806,8024.0,320.3,321.0,,,30,321.0,320.0,8024.0
1087215,2026-08-01,31,0,0.0,0.0,329.5,,,,30,,330.0,0.0
1087215,2026-09-01,16,14,0.467,4494.0,319.1,321.0,94,31,30,321.0,319.0,4494.0
1087215,2026-10-01,14,17,0.548,5512.0,323.7,324.2,,,30,324.0,324.0,5512.0
1087215,2026-11-01,30,0,0.0,0.0,319.4,,,,30,,319.0,0.0
1087215,2026-12-01,31,0,0.0,0.0,315.0,,,,30,,315.0,0.0
1087215,2027-01-01,31,0,0.0,0.0,318.9,,,,30,,319.0,0.0
1087215,2027-02-01,28,0,0.0,0.0,320.1,,,,30,,320.0,0.0
1087215,2027-03-01,31,0,0.0,0.0,317.0,,,,30,,317.0,0.0
1087215,2027-04-01,30,0,0.0,0.0,317.8,,,,30,,318.0,0.0
1087215,2027-05-01,31,0,0.0,0.0,319.2,,,,30,,319.0,0.0
1087215,2027-06-01,30,0,0.0,0.0,322.3,,,,30,,322.0,0.0
263888,2026-07-01,9,22,0.71,5556.0,261.8,252.5,162,18,30,253.0,262.0,5556.0
263888,2026-08-01,17,14,0.452,3886.0,279.9,277.6,,,30,278.0,280.0,3886.0
263888,2026-09-01,7,23,0.767,6397.0,279.8,278.1,127,47,30,278.0,280.0,6397.0
263888,2026-10-01,7,24,0.774,6635.0,277.4,276.5,,,30,277.0,277.0,6635.0
263888,2026-11-01,30,0,0.0,0.0,280.3,,,,30,,280.0,0.0
263888,2026-12-01,31,0,0.0,0.0,277.2,,,,30,,277.0,0.0
263888,2027-01-01,31,0,0.0,0.0,286.1,,,,30,,286.0,0.0
263888,2027-02-01,28,0,0.0,0.0,285.8,,,,30,,286.0,0.0
263888,2027-03-01,31,0,0.0,0.0,291.2,,,,30,,291.0,0.0
263888,2027-04-01,30,0,0.0,0.0,290.5,,,,30,,291.0,0.0
263888,2027-05-01,31,0,0.0,0.0,280.3,,,,30,,280.0,0.0
263888,2027-06-01,30,0,0.0,0.0,278.0,,,,,,278.0,0.0
302309,2026-07-01,31,0,0.0,0.0,240.0,,,,30,,240.0,0.0
302309,2026-08-01,31,0,0.0,0.0,240.5,,,,30,,241.0,0.0
302309,2026-09-01,30,0,0.0,0.0,242.0,,,,30,,242.0,0.0
302309,2026-10-01,31,0,0.0,0.0,244.2,,,,30,,244.0,0.0
302309,2026-11-01,30,0,0.0,0.0,238.3,,,,30,,238.0,0.0
302309,2026-12-01,31,0,0.0,0.0,238.6,,,,30,,239.0,0.0
302309,2027-01-01,31,0,0.0,0.0,241.9,,,,30,,242.0,0.0
302309,2027-02-01,28,0,0.0,0.0,244.1,,,,30,,244.0,0.0
302309,2027-03-01,31,0,0.0,0.0,244.3,,,,,,244.0,0.0
302309,2027-04-01,30,0,0.0,0.0,244.3,,,,,,244.0,0.0
302309,2027-05-01,31,0,0.0,0.0,243.5,,,,,,244.0,0.0
302309,2027-06-01,30,0,0.0,0.0,244.8,,,,,,245.0,0.0
6990,2026-07-01,17,14,0.452,1236.0,85.2,88.3,160,14,30,88.0,85.0,1236.0
6990,2026-08-01,11,20,0.645,1658.0,82.8,82.9,112,116,30,83.0,83.0,1658.0
6990,2026-09-01,0,30,1.0,2457.0,81.9,81.9,,,30,82.0,82.0,2457.0
6990,2026-10-01,0,31,1.0,2500.0,80.6,80.6,,,30,81.0,81.0,2500.0
6990,2026-11-01,0,30,1.0,2438.0,81.3,81.3,,,30,81.0,81.0,2438.0
6990,2026-12-01,26,5,0.161,407.0,80.8,81.4,,,30,81.0,81.0,407.0
6990,2027-01-01,31,0,0.0,0.0,84.4,,,,30,,84.0,0.0
6990,2027-02-01,28,0,0.0,0.0,81.5,,,,30,,82.0,0.0
6990,2027-03-01,31,0,0.0,0.0,80.9,,,,30,,81.0,0.0
6990,2027-04-01,30,0,0.0,0.0,82.0,,,,30,,82.0,0.0
6990,2027-05-01,31,0,0.0,0.0,84.5,,,,30,,85.0,0.0
6990,2027-06-01,30,0,0.0,0.0,85.4,,,,30,,85.0,0.0
16338,2026-07-01,0,31,1.0,1862.0,60.1,60.1,19,184,30,60.0,60.0,1862.0
16338,2026-08-01,0,31,1.0,1882.0,60.7,60.7,,,30,61.0,61.0,1882.0
16338,2026-09-01,0,30,1.0,1784.0,59.5,59.5,,,30,60.0,60.0,1784.0
16338,2026-10-01,0,31,1.0,1767.0,57.0,57.0,,,30,57.0,57.0,1767.0
16338,2026-11-01,0,30,1.0,1721.0,57.4,57.4,,,30,57.0,57.0,1721.0
16338,2026-12-01,0,31,1.0,1771.0,57.1,57.1,,,30,57.0,57.0,1771.0
16338,2027-01-01,31,0,0.0,0.0,57.3,,,,30,,57.0,0.0
16338,2027-02-01,28,0,0.0,0.0,56.8,,,,30,,57.0,0.0
16338,2027-03-01,31,0,0.0,0.0,60.4,,,,30,,60.0,0.0
16338,2027-04-01,30,0,0.0,0.0,57.1,,,,30,,57.0,0.0
16338,2027-05-01,31,0,0.0,0.0,58.5,,,,30,,59.0,0.0
16338,2027-06-01,30,0,0.0,0.0,59.3,,,,30,,59.0,0.0
540057,2026-07-01,0,31,1.0,4562.0,147.2,147.2,82,46,30,147.0,147.0,4562.0
540057,2026-08-01,16,15,0.484,2184.0,144.8,145.6,,,30,146.0,145.0,2184.0
540057,2026-09-01,30,0,0.0,0.0,144.1,,,,30,,144.0,0.0
540057,2026-10-01,31,0,0.0,0.0,144.6,,,,30,,145.0,0.0
540057,2026-11-01,30,0,0.0,0.0,143.9,,,,30,,144.0,0.0
540057,2026-12-01,31,0,0.0,0.0,145.4,,,,30,,145.0,0.0
540057,2027-01-01,31,0,0.0,0.0,147.7,,,,30,,148.0,0.0
540057,2027-02-01,28,0,0.0,0.0,143.9,,,,30,,144.0,0.0
540057,2027-03-01,31,0,0.0,0.0,142.6,,,,30,,143.0,0.0
540057,2027-04-01,30,0,0.0,0.0,144.3,,,,30,,144.0,0.0
540057,2027-05-01,31,0,0.0,0.0,144.0,,,,,,144.0,0.0
540057,2027-06-01,30,0,0.0,0.0,144.2,,,,,,144.0,0.0
281851,2026-07-01,0,31,1.0,3538.0,114.1,114.1,25,31,30,114.0,114.0,3538.0
281851,2026-08-01,31,0,0.0,0.0,111.4,,,,30,,111.0,0.0
281851,2026-09-01,30,0,0.0,0.0,111.2,,,,30,,111.0,0.0
281851,2026-10-01,31,0,0.0,0.0,111.5,,,,30,,112.0,0.0
281851,2026-11-01,30,0,0.0,0.0,110.7,,,,30,,111.0,0.0
281851,2026-12-01,31,0,0.0,0.0,111.1,,,,30,,111.0,0.0
281851,2027-01-01,31,0,0.0,0.0,109.6,,,,30,,110.0,0.0
281851,2027-02-01,28,0,0.0,0.0,110.7,,,,30,,111.0,0.0
281851,2027-03-01,31,0,0.0,0.0,111.1,,,,30,,111.0,0.0
281851,2027-04-01,30,0,0.0,0.0,111.5,,,,30,,112.0,0.0
281851,2027-05-01,31,0,0.0,0.0,110.3,,,,30,,110.0,0.0
281851,2027-06-01,30,0,0.0,0.0,110.6,,,,30,,111.0,0.0
433414,2026-07-01,13,18,0.581,2737.0,151.7,152.1,109,18,30,152.0,152.0,2737.0
433414,2026-08-01,0,31,1.0,4686.0,151.2,151.2,101,57,30,151.0,151.0,4686.0
433414,2026-09-01,4,26,0.867,4036.0,155.1,155.2,,,30,155.0,155.0,4036.0
433414,2026-10-01,17,14,0.452,2145.0,152.9,153.2,176,18,30,153.0,153.0,2145.0
433414,2026-11-01,7,23,0.767,3490.0,152.5,151.7,,,30,152.0,153.0,3490.0
433414,2026-12-01,31,0,0.0,0.0,150.8,,,,30,,151.0,0.0
433414,2027-01-01,31,0,0.0,0.0,151.2,,,,30,,151.0,0.0
433414,2027-02-01,28,0,0.0,0.0,149.3,,,,30,,149.0,0.0
433414,2027-03-01,31,0,0.0,0.0,150.9,,,,30,,151.0,0.0
433414,2027-04-01,30,0,0.0,0.0,151.0,,,,30,,151.0,0.0
433414,2027-05-01,31,0,0.0,0.0,151.3,,,,30,,151.0,0.0
433414,2027-06-01,30,0,0.0,0.0,149.3,,,,30,,149.0,0.0
552639,2026-07-01,3,28,0.903,7861.0,281.3,280.8,229,4,2,281.0,281.0,7861.0
552639,2026-08-01,3,28,0.903,7274.0,258.0,259.8,193,5,2,260.0,258.0,7274.0
552639,2026-09-01,6,24,0.8,6499.0,269.1,270.8,225,4,3,271.0,269.0,6499.0
552639,2026-10-01,4,27,0.871,7378.0,274.2,273.3,311,4,3,273.0,274.0,7378.0
552639,2026-11-01,13,17,0.567,4838.0,286.4,284.6,264,5,3,285.0,286.0,4838.0
552639,2026-12-01,3,28,0.903,7597.0,270.9,271.3,339,6,2,271.0,271.0,7597.0
552639,2027-01-01,28,3,0.097,708.0,224.8,236.0,286,1,3,236.0,225.0,708.0
552639,2027-02-01,23,5,0.179,1133.0,224.3,226.6,287,5,3,227.0,224.0,1133.0
552639,2027-03-01,31,0,0.0,0.0,245.8,,,,3,,246.0,0.0
552639,2027-04-01,23,7,0.233,2026.0,297.1,289.4,336,9,3,289.0,297.0,2026.0
552639,2027-05-01,16,15,0.484,4228.0,279.0,281.9,345,4,3,282.0,279.0,4228.0
552639,2027-06-01,1,29,0.967,8022.0,276.7,276.6,360,29,3,277.0,277.0,8022.0
188803,2026-07-01,31,0,0.0,0.0,146.7,,,,2,,147.0,0.0
188803,2026-08-01,31,0,0.0,0.0,159.4,,,,2,,159.0,0.0
188803,2026-09-01,30,0,0.0,0.0,152.6,,,,2,,153.0,0.0
188803,2026-10-01,31,0,0.0,0.0,146.9,,,,2,,147.0,0.0
188803,2026-11-01,30,0,0.0,0.0,151.8,,,,2,,152.0,0.0
188803,2026-12-01,31,0,0.0,0.0,160.2,,,,2,,160.0,0.0
188803,2027-01-01,31,0,0.0,0.0,160.4,,,,2,,160.0,0.0
188803,2027-02-01,28,0,0.0,0.0,149.9,,,,2,,150.0,0.0
188803,2027-03-01,31,0,0.0,0.0,159.5,,,,2,,160.0,0.0
188803,2027-04-01,30,0,0.0,0.0,164.3,,,,2,,164.0,0.0
188803,2027-05-01,31,0,0.0,0.0,160.9,,,,2,,161.0,0.0
188803,2027-06-01,30,0,0.0,0.0,156.2,,,,2,,156.0,0.0
848718,2026-07-01,31,0,0.0,0.0,310.8,,,,4,,311.0,0.0
848718,2026-08-01,31,0,0.0,0.0,227.1,,,,4,,227.0,0.0
848718,2026-09-01,11,19,0.633,4318.0,230.2,227.3,114,9,4,227.0,230.0,4318.0
848718,2026-10-01,24,7,0.226,1676.0,237.5,239.4,140,7,4,239.0,238.0,1676.0
848718,2026-11-01,22,8,0.267,1962.0,244.1,245.2,242,12,4,245.0,244.0,1962.0
848718,2026-12-01,27,4,0.129,987.0,235.4,246.8,,,4,247.0,235.0,987.0
848718,2027-01-01,31,0,0.0,0.0,240.9,,,,4,,241.0,0.0
848718,2027-02-01,28,0,0.0,0.0,233.2,,,,4,,233.0,0.0
848718,2027-03-01,31,0,0.0,0.0,233.5,,,,4,,234.0,0.0
848718,2027-04-01,30,0,0.0,0.0,238.1,,,,4,,238.0,0.0
848718,2027-05-01,31,0,0.0,0.0,235.8,,,,4,,236.0,0.0
848718,2027-06-01,30,0,0.0,0.0,233.3,,,,4,,233.0,0.0
253800,2026-07-01,29,2,0.065,1276.0,555.1,638.0,16,2,1,638.0,555.0,1276.0
253800,2026-08-01,31,0,0.0,0.0,393.5,,,,1,,394.0,0.0
253800,2026-09-01,30,0,0.0,0.0,469.3,,,,1,,469.0,0.0
253800,2026-10-01,31,0,0.0,0.0,470.2,,,,1,,470.0,0.0
253800,2026-11-01,30,0,0.0,0.0,467.2,,,,1,,467.0,0.0
253800,2026-12-01,31,0,0.0,0.0,401.2,,,,1,,401.0,0.0
253800,2027-01-01,31,0,0.0,0.0,381.6,,,,1,,382.0,0.0
253800,2027-02-01,28,0,0.0,0.0,379.2,,,,1,,379.0,0.0
253800,2027-03-01,31,0,0.0,0.0,354.9,,,,1,,355.0,0.0
253800,2027-04-01,30,0,0.0,0.0,382.2,,,,1,,382.0,0.0
253800,2027-05-01,31,0,0.0,0.0,348.0,,,,1,,348.0,0.0
253800,2027-06-01,30,0,0.0,0.0,359.2,,,,1,,359.0,0.0
758919,2026-07-01,31,0,0.0,0.0,603.1,,,,30,,603.0,0.0
758919,2026-08-01,31,0,0.0,0.0,614.5,,,,30,,615.0,0.0
758919,2026-09-01,30,0,0.0,0.0,602.3,,,,30,,602.0,0.0
758919,2026-10-01,31,0,0.0,0.0,597.3,,,,30,,597.0,0.0
758919,2026-11-01,30,0,0.0,0.0,603.9,,,,30,,604.0,0.0
758919,2026-12-01,31,0,0.0,0.0,602.1,,,,30,,602.0,0.0
758919,2027-01-01,31,0,0.0,0.0,596.6,,,,30,,597.0,0.0
758919,2027-02-01,28,0,0.0,0.0,605.8,,,,30,,606.0,0.0
758919,2027-03-01,31,0,0.0,0.0,608.5,,,,30,,609.0,0.0
758919,2027-04-01,30,0,0.0,0.0,604.8,,,,30,,605.0,0.0
758919,2027-05-01,31,0,0.0,0.0,613.9,,,,30,,614.0,0.0
758919,2027-06-01,30,0,0.0,0.0,606.5,,,,30,,607.0,0.0
136493,2026-07-01,5,26,0.839,10215.0,394.0,392.9,57,5,3,393.0,394.0,10215.0
136493,2026-08-01,11,20,0.645,8487.0,423.6,424.4,45,10,3,424.0,424.0,8487.0
136493,2026-09-01,27,3,0.1,1278.0,416.9,426.0,99,3,3,426.0,417.0,1278.0
136493,2026-10-01,31,0,0.0,0.0,401.8,,,,3,,402.0,0.0
136493,2026-11-01,30,0,0.0,0.0,402.1,,,,3,,402.0,0.0
136493,2026-12-01,31,0,0.0,0.0,403.2,,,,3,,403.0,0.0
136493,2027-01-01,31,0,0.0,0.0,402.4,,,,3,,402.0,0.0
136493,2027-02-01,28,0,0.0,0.0,406.8,,,,3,,407.0,0.0
136493,2027-03-01,31,0,0.0,0.0,407.6,,,,3,,408.0,0.0
136493,2027-04-01,30,0,0.0,0.0,406.6,,,,3,,407.0,0.0
136493,2027-05-01,31,0,0.0,0.0,408.2,,,,3,,408.0,0.0
136493,2027-06-01,30,0,0.0,0.0,408.1,,,,3,,408.0,0.0
1278784,2026-07-01,0,31,1.0,2154.0,69.5,69.5,,,30,70.0,70.0,2154.0
1278784,2026-08-01,9,22,0.71,1369.0,62.7,62.2,94,8,30,62.0,63.0,1369.0
1278784,2026-09-01,30,0,0.0,0.0,61.9,,,,30,,62.0,0.0
1278784,2026-10-01,11,20,0.645,1306.0,64.5,65.3,166,16,30,65.0,65.0,1306.0
1278784,2026-11-01,18,12,0.4,805.0,69.1,67.1,,,30,67.0,69.0,805.0
1278784,2026-12-01,31,0,0.0,0.0,67.5,,,,30,,68.0,0.0
1278784,2027-01-01,31,0,0.0,0.0,69.1,,,,30,,69.0,0.0
1278784,2027-02-01,28,0,0.0,0.0,63.5,,,,30,,64.0,0.0
1278784,2027-03-01,31,0,0.0,0.0,65.4,,,,30,,65.0,0.0
1278784,2027-04-01,30,0,0.0,0.0,65.8,,,,30,,66.0,0.0
1278784,2027-05-01,31,0,0.0,0.0,68.7,,,,30,,69.0,0.0
1278784,2027-06-01,30,0,0.0,0.0,70.9,,,,30,,71.0,0.0
425423,2026-07-01,31,0,0.0,0.0,52.4,,,,30,,52.0,0.0
425423,2026-08-01,31,0,0.0,0.0,51.9,,,,30,,52.0,0.0
425423,2026-09-01,30,0,0.0,0.0,52.0,,,,,,52.0,0.0
425423,2026-10-01,31,0,0.0,0.0,52.2,,,,,,52.0,0.0
425423,2026-11-01,30,0,0.0,0.0,53.8,,,,,,54.0,0.0
425423,2026-12-01,31,0,0.0,0.0,55.0,,,,,,55.0,0.0
425423,2027-01-01,31,0,0.0,0.0,56.0,,,,,,56.0,0.0
425423,2027-02-01,28,0,0.0,0.0,56.1,,,,,,56.0,0.0
425423,2027-03-01,31,0,0.0,0.0,55.1,,,,,,55.0,0.0
425423,2027-04-01,30,0,0.0,0.0,54.2,,,,,,54.0,0.0
425423,2027-05-01,31,0,0.0,0.0,53.9,,,,,,54.0,0.0
425423,2027-06-01,30,0,0.0,0.0,54.0,,,,,,54.0,0.0
33009,2026-07-01,31,0,0.0,0.0,196.7,,,,30,,197.0,0.0
33009,2026-08-01,31,0,0.0,0.0,199.9,,,,30,,200.0,0.0
33009,2026-09-01,30,0,0.0,0.0,200.2,,,,30,,200.0,0.0
33009,2026-10-01,31,0,0.0,0.0,200.4,,,,30,,200.0,0.0
33009,2026-11-01,30,0,0.0,0.0,197.0,,,,30,,197.0,0.0
33009,2026-12-01,31,0,0.0,0.0,197.8,,,,30,,198.0,0.0
33009,2027-01-01,31,0,0.0,0.0,196.8,,,,30,,197.0,0.0
33009,2027-02-01,28,0,0.0,0.0,197.0,,,,30,,197.0,0.0
33009,2027-03-01,31,0,0.0,0.0,197.0,,,,30,,197.0,0.0
33009,2027-04-01,30,0,0.0,0.0,197.0,,,,30,,197.0,0.0
33009,2027-05-01,31,0,0.0,0.0,196.3,,,,30,,196.0,0.0
33009,2027-06-01,30,0,0.0,0.0,195.9,,,,,,196.0,0.0
993514,2026-07-01,31,0,0.0,0.0,253.7,,,,30,,254.0,0.0
993514,2026-08-01,31,0,0.0,0.0,263.4,,,,30,,263.0,0.0
993514,2026-09-01,30,0,0.0,0.0,267.5,,,,30,,268.0,0.0
993514,2026-10-01,31,0,0.0,0.0,246.5,,,,30,,247.0,0.0
993514,2026-11-01,30,0,0.0,0.0,241.0,,,,30,,241.0,0.0
993514,2026-12-01,31,0,0.0,0.0,231.6,,,,30,,232.0,0.0
993514,2027-01-01,31,0,0.0,0.0,223.4,,,,30,,223.0,0.0
993514,2027-02-01,28,0,0.0,0.0,221.4,,,,30,,221.0,0.0
993514,2027-03-01,31,0,0.0,0.0,224.5,,,,30,,225.0,0.0
993514,2027-04-01,30,0,0.0,0.0,226.9,,,,30,,227.0,0.0
993514,2027-05-01,31,0,0.0,0.0,227.6,,,,30,,228.0,0.0
993514,2027-06-01,30,0,0.0,0.0,235.3,,,,30,,235.0,0.0
417685,2026-07-01,1,30,0.968,5015.0,167.6,167.2,204,1,30,167.0,168.0,5015.0
417685,2026-08-01,0,31,1.0,5440.0,175.5,175.5,117,15,30,176.0,176.0,5440.0
417685,2026-09-01,11,19,0.633,3268.0,172.3,172.0,106,47,30,172.0,172.0,3268.0
417685,2026-10-01,2,29,0.935,5076.0,174.8,175.0,201,30,30,175.0,175.0,5076.0
417685,2026-11-01,0,30,1.0,5073.0,169.1,169.1,185,1,30,169.0,169.0,5073.0
417685,2026-12-01,0,31,1.0,5212.0,168.1,168.1,157,90,30,168.0,168.0,5212.0
417685,2027-01-01,0,31,1.0,5297.0,170.9,170.9,,,30,171.0,171.0,5297.0
417685,2027-02-01,0,28,1.0,4678.0,167.1,167.1,,,30,167.0,167.0,4678.0
417685,2027-03-01,31,0,0.0,0.0,167.6,,,,30,,168.0,0.0
417685,2027-04-01,30,0,0.0,0.0,171.5,,,,30,,172.0,0.0
417685,2027-05-01,31,0,0.0,0.0,172.9,,,,30,,173.0,0.0
417685,2027-06-01,30,0,0.0,0.0,170.9,,,,30,,171.0,0.0
26785,2026-07-01,31,0,0.0,0.0,83.8,,,,30,,84.0,0.0
26785,2026-08-01,31,0,0.0,0.0,84.0,,,,30,,84.0,0.0
26785,2026-09-01,30,0,0.0,0.0,84.3,,,,30,,84.0,0.0
26785,2026-10-01,31,0,0.0,0.0,84.6,,,,30,,85.0,0.0
26785,2026-11-01,30,0,0.0,0.0,84.5,,,,30,,85.0,0.0
26785,2026-12-01,31,0,0.0,0.0,84.6,,,,30,,85.0,0.0
26785,2027-01-01,31,0,0.0,0.0,85.5,,,,30,,86.0,0.0
26785,2027-02-01,28,0,0.0,0.0,86.0,,,,30,,86.0,0.0
26785,2027-03-01,31,0,0.0,0.0,86.0,,,,30,,86.0,0.0
26785,2027-04-01,30,0,0.0,0.0,85.9,,,,30,,86.0,0.0
26785,2027-05-01,31,0,0.0,0.0,85.7,,,,30,,86.0,0.0
26785,2027-06-01,30,0,0.0,0.0,85.0,,,,30,,85.0,0.0
213330,2026-07-01,14,17,0.548,4625.0,266.4,272.1,91,5,4,272.0,266.0,4625.0
213330,2026-08-01,17,14,0.452,3714.0,260.1,265.3,104,8,4,265.0,260.0,3714.0
213330,2026-09-01,12,18,0.6,5206.0,289.2,289.2,141,5,4,289.0,289.0,5206.0
213330,2026-10-01,11,20,0.645,5783.0,299.2,289.1,185,6,4,289.0,299.0,5783.0
213330,2026-11-01,30,0,0.0,0.0,280.7,,,,4,,281.0,0.0
213330,2026-12-01,31,0,0.0,0.0,285.7,,,,4,,286.0,0.0
213330,2027-01-01,31,0,0.0,0.0,260.3,,,,4,,260.0,0.0
213330,2027-02-01,28,0,0.0,0.0,261.5,,,,4,,262.0,0.0
213330,2027-03-01,31,0,0.0,0.0,261.8,,,,4,,262.0,0.0
213330,2027-04-01,30,0,0.0,0.0,263.0,,,,4,,263.0,0.0
213330,2027-05-01,31,0,0.0,0.0,263.0,,,,4,,263.0,0.0
213330,2027-06-01,30,0,0.0,0.0,261.2,,,,4,,261.0,0.0
7097,2026-07-01,0,31,1.0,7143.0,230.4,230.4,130,242,30,230.0,230.0,7143.0
7097,2026-08-01,0,31,1.0,7143.0,230.4,230.4,,,30,230.0,230.0,7143.0
7097,2026-09-01,0,30,1.0,6912.0,230.4,230.4,,,30,230.0,230.0,6912.0
7097,2026-10-01,0,31,1.0,7173.0,231.4,231.4,,,30,231.0,231.0,7173.0
7097,2026-11-01,0,30,1.0,6977.0,232.6,232.6,,,30,233.0,233.0,6977.0
7097,2026-12-01,0,31,1.0,7199.0,232.2,232.2,,,30,232.0,232.0,7199.0
7097,2027-01-01,0,31,1.0,7166.0,231.2,231.2,,,30,231.0,231.0,7166.0
7097,2027-02-01,1,27,0.964,6276.0,233.0,232.4,,,30,232.0,233.0,6276.0
7097,2027-03-01,31,0,0.0,0.0,229.9,,,,30,,230.0,0.0
7097,2027-04-01,30,0,0.0,0.0,232.1,,,,30,,232.0,0.0
7097,2027-05-01,31,0,0.0,0.0,229.4,,,,30,,229.0,0.0
7097,2027-06-01,30,0,0.0,0.0,230.7,,,,30,,231.0,0.0
1117706,2026-07-01,0,31,1.0,5186.0,167.3,167.3,145,52,30,167.0,167.0,5186.0
1117706,2026-08-01,0,31,1.0,5204.0,167.9,167.9,107,72,30,168.0,168.0,5204.0
1117706,2026-09-01,0,30,1.0,4972.0,165.7,165.7,,,30,166.0,166.0,4972.0
1117706,2026-10-01,0,31,1.0,5161.0,166.5,166.5,,,30,167.0,167.0,5161.0
1117706,2026-11-01,29,1,0.033,162.0,164.1,162.0,,,30,162.0,164.0,162.0
1117706,2026-12-01,31,0,0.0,0.0,162.8,,,,30,,163.0,0.0
1117706,2027-01-01,31,0,0.0,0.0,165.2,,,,30,,165.0,0.0
1117706,2027-02-01,26,2,0.071,315.0,158.8,157.5,259,34,30,158.0,159.0,315.0
1117706,2027-03-01,0,31,1.0,4964.0,160.1,160.1,,,30,160.0,160.0,4964.0
1117706,2027-04-01,29,1,0.033,160.0,162.3,160.0,,,30,160.0,162.0,160.0
1117706,2027-05-01,31,0,0.0,0.0,165.5,,,,30,,166.0,0.0
1117706,2027-06-01,30,0,0.0,0.0,166.6,,,,30,,167.0,0.0
294280,2026-07-01,11,20,0.645,8839.0,431.0,441.9,,,1,442.0,431.0,8839.0
294280,2026-08-01,31,0,0.0,0.0,428.8,,,,1,,429.0,0.0
294280,2026-09-01,30,0,0.0,0.0,479.3,,,,1,,479.0,0.0
294280,2026-10-01,31,0,0.0,0.0,492.2,,,,1,,492.0,0.0
294280,2026-11-01,30,0,0.0,0.0,465.1,,,,1,,465.0,0.0
294280,2026-12-01,31,0,0.0,0.0,394.0,,,,1,,394.0,0.0
294280,2027-01-01,31,0,0.0,0.0,376.1,,,,1,,376.0,0.0
294280,2027-02-01,28,0,0.0,0.0,377.9,,,,1,,378.0,0.0
294280,2027-03-01,31,0,0.0,0.0,380.9,,,,1,,381.0,0.0
294280,2027-04-01,30,0,0.0,0.0,378.8,,,,1,,379.0,0.0
294280,2027-05-01,31,0,0.0,0.0,337.9,,,,1,,338.0,0.0
294280,2027-06-01,30,0,0.0,0.0,341.8,,,,1,,342.0,0.0
69894,2026-07-01,31,0,0.0,0.0,137.8,,,,30,,138.0,0.0
69894,2026-08-01,31,0,0.0,0.0,138.7,,,,,,139.0,0.0
69894,2026-09-01,30,0,0.0,0.0,139.3,,,,,,139.0,0.0
69894,2026-10-01,31,0,0.0,0.0,140.2,,,,,,140.0,0.0
69894,2026-11-01,30,0,0.0,0.0,140.0,,,,,,140.0,0.0
69894,2026-12-01,31,0,0.0,0.0,140.4,,,,,,140.0,0.0
69894,2027-01-01,31,0,0.0,0.0,140.6,,,,,,141.0,0.0
69894,2027-02-01,28,0,0.0,0.0,140.6,,,,,,141.0,0.0
69894,2027-03-01,31,0,0.0,0.0,139.5,,,,,,140.0,0.0
69894,2027-04-01,30,0,0.0,0.0,139.4,,,,,,139.0,0.0
69894,2027-05-01,31,0,0.0,0.0,139.3,,,,,,139.0,0.0
69894,2027-06-01,30,0,0.0,0.0,139.2,,,,,,139.0,0.0
825129,2026-07-01,0,31,1.0,2725.0,87.9,87.9,163,33,31,88.0,88.0,2725.0
825129,2026-08-01,29,2,0.065,169.0,84.1,84.5,,,31,85.0,84.0,169.0
825129,2026-09-01,1,29,0.967,2448.0,84.4,84.4,136,99,31,84.0,84.0,2448.0
825129,2026-10-01,0,31,1.0,2629.0,84.8,84.8,,,31,85.0,85.0,2629.0
825129,2026-11-01,0,30,1.0,2497.0,83.2,83.2,,,31,83.0,83.0,2497.0
825129,2026-12-01,22,9,0.29,756.0,84.6,84.0,,,31,84.0,85.0,756.0
825129,2027-01-01,31,0,0.0,0.0,84.1,,,,31,,84.0,0.0
825129,2027-02-01,28,0,0.0,0.0,83.7,,,,31,,84.0,0.0
825129,2027-03-01,31,0,0.0,0.0,85.9,,,,31,,86.0,0.0
825129,2027-04-01,30,0,0.0,0.0,88.7,,,,31,,89.0,0.0
825129,2027-05-01,31,0,0.0,0.0,89.5,,,,31,,90.0,0.0
825129,2027-06-01,30,0,0.0,0.0,88.7,,,,,,89.0,0.0
938022,2026-07-01,28,3,0.097,1085.0,296.5,361.7,91,3,3,362.0,297.0,1085.0
938022,2026-08-01,31,0,0.0,0.0,307.7,,,,3,,308.0,0.0
938022,2026-09-01,30,0,0.0,0.0,268.8,,,,3,,269.0,0.0
938022,2026-10-01,31,0,0.0,0.0,263.8,,,,3,,264.0,0.0
938022,2026-11-01,30,0,0.0,0.0,266.8,,,,3,,267.0,0.0
938022,2026-12-01,31,0,0.0,0.0,287.0,,,,3,,287.0,0.0
938022,2027-01-01,31,0,0.0,0.0,269.7,,,,3,,270.0,0.0
938022,2027-02-01,28,0,0.0,0.0,259.5,,,,3,,260.0,0.0
938022,2027-03-01,31,0,0.0,0.0,261.6,,,,3,,262.0,0.0
938022,2027-04-01,30,0,0.0,0.0,280.4,,,,3,,280.0,0.0
938022,2027-05-01,31,0,0.0,0.0,280.2,,,,3,,280.0,0.0
938022,2027-06-01,30,0,0.0,0.0,278.9,,,,,,279.0,0.0
777327,2026-07-01,31,0,0.0,0.0,142.4,,,,30,,142.0,0.0
777327,2026-08-01,31,0,0.0,0.0,147.8,,,,30,,148.0,0.0
777327,2026-09-01,30,0,0.0,0.0,145.9,,,,30,,146.0,0.0
777327,2026-10-01,31,0,0.0,0.0,143.8,,,,30,,144.0,0.0
777327,2026-11-01,30,0,0.0,0.0,142.3,,,,30,,142.0,0.0
777327,2026-12-01,31,0,0.0,0.0,142.0,,,,30,,142.0,0.0
777327,2027-01-01,31,0,0.0,0.0,143.9,,,,30,,144.0,0.0
777327,2027-02-01,28,0,0.0,0.0,144.3,,,,30,,144.0,0.0
777327,2027-03-01,31,0,0.0,0.0,144.0,,,,30,,144.0,0.0
777327,2027-04-01,30,0,0.0,0.0,143.6,,,,30,,144.0,0.0
777327,2027-05-01,31,0,0.0,0.0,141.7,,,,30,,142.0,0.0
777327,2027-06-01,30,0,0.0,0.0,144.3,,,,30,,144.0,0.0
1549413,2026-07-01,21,10,0.323,1057.0,107.7,105.7,40,51,31,106.0,108.0,1057.0
1549413,2026-08-01,0,31,1.0,3377.0,108.9,108.9,,,31,109.0,109.0,3377.0
1549413,2026-09-01,3,27,0.9,2901.0,107.4,107.4,94,91,31,107.0,107.0,2901.0
1549413,2026-10-01,0,31,1.0,3385.0,109.2,109.2,,,31,109.0,109.0,3385.0
1549413,2026-11-01,0,30,1.0,3335.0,111.2,111.2,,,31,111.0,111.0,3335.0
1549413,2026-12-01,18,13,0.419,1480.0,110.2,113.8,,,31,114.0,110.0,1480.0
1549413,2027-01-01,31,0,0.0,0.0,104.4,,,,31,,104.0,0.0
1549413,2027-02-01,3,25,0.893,2565.0,102.5,102.6,238,29,31,103.0,103.0,2565.0
1549413,2027-03-01,0,31,1.0,3184.0,102.7,102.7,,,31,103.0,103.0,3184.0
1549413,2027-04-01,27,3,0.1,300.0,103.0,100.0,296,1,31,100.0,103.0,300.0
1549413,2027-05-01,31,0,0.0,0.0,108.8,,,,31,,109.0,0.0
1549413,2027-06-01,30,0,0.0,0.0,107.8,,,,31,,108.0,0.0
828616,2026-07-01,18,13,0.419,1200.0,92.5,92.3,16,1,30,92.0,93.0,1200.0
828616,2026-08-01,30,1,0.032,91.0,92.5,91.0,65,151,30,91.0,93.0,91.0
828616,2026-09-01,0,30,1.0,2749.0,91.6,91.6,,,30,92.0,92.0,2749.0
828616,2026-10-01,0,31,1.0,2807.0,90.5,90.5,,,30,91.0,91.0,2807.0
828616,2026-11-01,0,30,1.0,2711.0,90.4,90.4,,,30,90.0,90.0,2711.0
828616,2026-12-01,0,31,1.0,2809.0,90.6,90.6,,,30,91.0,91.0,2809.0
828616,2027-01-01,3,28,0.903,2518.0,90.3,89.9,,,30,90.0,90.0,2518.0
828616,2027-02-01,28,0,0.0,0.0,91.4,,,,30,,91.0,0.0
828616,2027-03-01,31,0,0.0,0.0,91.1,,,,30,,91.0,0.0
828616,2027-04-01,30,0,0.0,0.0,91.6,,,,30,,92.0,0.0
828616,2027-05-01,31,0,0.0,0.0,91.5,,,,30,,92.0,0.0
828616,2027-06-01,30,0,0.0,0.0,92.2,,,,30,,92.0,0.0
1533652,2026-07-01,0,31,1.0,5092.0,164.3,164.3,73,31,30,164.0,164.0,5092.0
1533652,2026-08-01,0,31,1.0,4554.0,146.9,146.9,,,30,147.0,147.0,4554.0
1533652,2026-09-01,21,9,0.3,1418.0,149.9,157.6,111,77,30,158.0,150.0,1418.0
1533652,2026-10-01,0,31,1.0,4713.0,152.0,152.0,,,30,152.0,152.0,4713.0
1533652,2026-11-01,0,30,1.0,4568.0,152.3,152.3,,,30,152.0,152.0,4568.0
1533652,2026-12-01,24,7,0.226,1070.0,152.1,152.9,,,30,153.0,152.0,1070.0
1533652,2027-01-01,31,0,0.0,0.0,144.5,,,,30,,145.0,0.0
1533652,2027-02-01,28,0,0.0,0.0,152.2,,,,30,,152.0,0.0
1533652,2027-03-01,31,0,0.0,0.0,152.2,,,,30,,152.0,0.0
1533652,2027-04-01,30,0,0.0,0.0,152.8,,,,30,,153.0,0.0
1533652,2027-05-01,31,0,0.0,0.0,154.3,,,,30,,154.0,0.0
1533652,2027-06-01,30,0,0.0,0.0,157.9,,,,30,,158.0,0.0
2539,2026-07-01,21,10,0.323,902.0,100.3,90.2,,,30,90.0,100.0,902.0
2539,2026-08-01,31,0,0.0,0.0,80.1,,,,30,,80.0,0.0
2539,2026-09-01,30,0,0.0,0.0,75.8,,,,30,,76.0,0.0
2539,2026-10-01,31,0,0.0,0.0,99.3,,,,30,,99.0,0.0
2539,2026-11-01,30,0,0.0,0.0,101.0,,,,30,,101.0,0.0
2539,2026-12-01,31,0,0.0,0.0,101.9,,,,30,,102.0,0.0
2539,2027-01-01,31,0,0.0,0.0,100.4,,,,30,,100.0,0.0
2539,2027-02-01,28,0,0.0,0.0,99.2,,,,30,,99.0,0.0
2539,2027-03-01,31,0,0.0,0.0,98.6,,,,30,,99.0,0.0
2539,2027-04-01,30,0,0.0,0.0,100.3,,,,30,,100.0,0.0
2539,2027-05-01,31,0,0.0,0.0,100.1,,,,30,,100.0,0.0
2539,2027-06-01,30,0,0.0,0.0,95.4,,,,30,,95.0,0.0
568661,2026-07-01,31,0,0.0,0.0,108.3,,,,30,,108.0,0.0
568661,2026-08-01,31,0,0.0,0.0,108.4,,,,30,,108.0,0.0
568661,2026-09-01,30,0,0.0,0.0,107.6,,,,30,,108.0,0.0
568661,2026-10-01,31,0,0.0,0.0,107.8,,,,,,108.0,0.0
568661,2026-11-01,30,0,0.0,0.0,108.2,,,,,,108.0,0.0
568661,2026-12-01,31,0,0.0,0.0,106.9,,,,,,107.0,0.0
568661,2027-01-01,31,0,0.0,0.0,108.4,,,,,,108.0,0.0
568661,2027-02-01,28,0,0.0,0.0,108.5,,,,,,109.0,0.0
568661,2027-03-01,31,0,0.0,0.0,108.4,,,,,,108.0,0.0
568661,2027-04-01,30,0,0.0,0.0,108.3,,,,,,108.0,0.0
568661,2027-05-01,31,0,0.0,0.0,108.3,,,,,,108.0,0.0
568661,2027-06-01,30,0,0.0,0.0,108.1,,,,,,108.0,0.0
543792,2026-07-01,0,31,1.0,3269.0,105.5,105.5,120,62,30,106.0,106.0,3269.0
543792,2026-08-01,0,31,1.0,3322.0,107.2,107.2,,,30,107.0,107.0,3322.0
543792,2026-09-01,0,30,1.0,3024.0,100.8,100.8,153,33,30,101.0,101.0,3024.0
543792,2026-10-01,9,22,0.71,2271.0,103.3,103.2,155,9,30,103.0,103.0,2271.0
543792,2026-11-01,30,0,0.0,0.0,103.4,,,,30,,103.0,0.0
543792,2026-12-01,31,0,0.0,0.0,105.8,,,,30,,106.0,0.0
543792,2027-01-01,31,0,0.0,0.0,105.7,,,,30,,106.0,0.0
543792,2027-02-01,28,0,0.0,0.0,105.0,,,,30,,105.0,0.0
543792,2027-03-01,31,0,0.0,0.0,104.3,,,,30,,104.0,0.0
543792,2027-04-01,30,0,0.0,0.0,104.4,,,,30,,104.0,0.0
543792,2027-05-01,31,0,0.0,0.0,105.6,,,,30,,106.0,0.0
543792,2027-06-01,30,0,0.0,0.0,106.4,,,,,,106.0,0.0
75635,2026-07-01,16,15,0.484,2118.0,142.7,141.2,303,15,30,141.0,143.0,2118.0
75635,2026-08-01,0,31,1.0,4276.0,137.9,137.9,136,15,30,138.0,138.0,4276.0
75635,2026-09-01,2,28,0.933,3987.0,142.0,142.4,91,35,30,142.0,142.0,3987.0
75635,2026-10-01,24,7,0.226,973.0,137.9,139.0,,,30,139.0,138.0,973.0
75635,2026-11-01,30,0,0.0,0.0,139.4,,,,30,,139.0,0.0
75635,2026-12-01,5,26,0.839,3614.0,139.0,139.0,219,33,30,139.0,139.0,3614.0
75635,2027-01-01,24,7,0.226,974.0,138.7,139.1,,,30,139.0,139.0,974.0
75635,2027-02-01,28,0,0.0,0.0,137.2,,,,30,,137.0,0.0
75635,2027-03-01,31,0,0.0,0.0,138.4,,,,30,,138.0,0.0
75635,2027-04-01,30,0,0.0,0.0,140.0,,,,30,,140.0,0.0
75635,2027-05-01,31,0,0.0,0.0,141.0,,,,30,,141.0,0.0
75635,2027-06-01,30,0,0.0,0.0,140.9,,,,30,,141.0,0.0
152263,2026-07-01,10,21,0.677,7389.0,351.9,351.9,129,7,2,352.0,352.0,7389.0
152263,2026-08-01,31,0,0.0,0.0,346.3,,,,2,,346.0,0.0
152263,2026-09-01,23,7,0.233,2431.0,345.5,347.3,154,7,2,347.0,346.0,2431.0
152263,2026-10-01,31,0,0.0,0.0,343.0,,,,2,,343.0,0.0
152263,2026-11-01,30,0,0.0,0.0,339.2,,,,2,,339.0,0.0
152263,2026-12-01,27,4,0.129,1339.0,342.4,334.8,193,4,2,335.0,342.0,1339.0
152263,2027-01-01,31,0,0.0,0.0,362.9,,,,2,,363.0,0.0
152263,2027-02-01,28,0,0.0,0.0,363.1,,,,2,,363.0,0.0
152263,2027-03-01,31,0,0.0,0.0,356.2,,,,2,,356.0,0.0
152263,2027-04-01,30,0,0.0,0.0,350.9,,,,2,,351.0,0.0
152263,2027-05-01,31,0,0.0,0.0,350.8,,,,2,,351.0,0.0
152263,2027-06-01,30,0,0.0,0.0,329.4,,,,2,,329.0,0.0
318021,2026-07-01,27,4,0.129,201.0,49.5,50.2,,,30,50.0,50.0,201.0
318021,2026-08-01,16,15,0.484,678.0,46.0,45.2,288,45,30,45.0,46.0,678.0
318021,2026-09-01,0,30,1.0,1421.0,47.4,47.4,,,30,47.0,47.0,1421.0
318021,2026-10-01,14,17,0.548,799.0,46.9,47.0,325,8,30,47.0,47.0,799.0
318021,2026-11-01,2,28,0.933,1307.0,46.7,46.7,373,14,30,47.0,47.0,1307.0
318021,2026-12-01,29,2,0.065,99.0,50.6,49.5,295,2,30,50.0,51.0,99.0
318021,2027-01-01,31,0,0.0,0.0,50.1,,,,30,,50.0,0.0
318021,2027-02-01,28,0,0.0,0.0,48.1,,,,30,,48.0,0.0
318021,2027-03-01,31,0,0.0,0.0,48.5,,,,30,,49.0,0.0
318021,2027-04-01,0,30,1.0,1464.0,48.8,48.8,301,60,30,49.0,49.0,1464.0
318021,2027-05-01,1,30,0.968,1481.0,49.4,49.4,,,30,49.0,49.0,1481.0
318021,2027-06-01,30,0,0.0,0.0,51.4,,,,30,,51.0,0.0
711635,2026-07-01,31,0,0.0,0.0,211.5,,,,30,,212.0,0.0
711635,2026-08-01,31,0,0.0,0.0,211.6,,,,30,,212.0,0.0
711635,2026-09-01,30,0,0.0,0.0,213.0,,,,30,,213.0,0.0
711635,2026-10-01,31,0,0.0,0.0,213.7,,,,30,,214.0,0.0
711635,2026-11-01,30,0,0.0,0.0,211.6,,,,30,,212.0,0.0
711635,2026-12-01,31,0,0.0,0.0,212.7,,,,30,,213.0,0.0
711635,2027-01-01,31,0,0.0,0.0,211.1,,,,30,,211.0,0.0
711635,2027-02-01,28,0,0.0,0.0,210.0,,,,30,,210.0,0.0
711635,2027-03-01,31,0,0.0,0.0,208.1,,,,,,208.0,0.0
711635,2027-04-01,30,0,0.0,0.0,208.8,,,,,,209.0,0.0
711635,2027-05-01,31,0,0.0,0.0,210.2,,,,,,210.0,0.0
711635,2027-06-01,30,0,0.0,0.0,207.3,,,,,,207.0,0.0
513343,2026-07-01,0,31,1.0,3476.0,112.1,112.1,19,39,30,112.0,112.0,3476.0
513343,2026-08-01,14,17,0.548,1925.0,114.3,113.2,72,42,30,113.0,114.0,1925.0
513343,2026-09-01,0,30,1.0,3315.0,110.5,110.5,,,30,111.0,111.0,3315.0
513343,2026-10-01,28,3,0.097,323.0,106.3,107.7,,,30,108.0,106.0,323.0
513343,2026-11-01,30,0,0.0,0.0,109.3,,,,30,,109.0,0.0
513343,2026-12-01,31,0,0.0,0.0,111.1,,,,30,,111.0,0.0
513343,2027-01-01,31,0,0.0,0.0,112.1,,,,30,,112.0,0.0
513343,2027-02-01,28,0,0.0,0.0,107.1,,,,30,,107.0,0.0
513343,2027-03-01,31,0,0.0,0.0,108.2,,,,30,,108.0,0.0
513343,2027-04-01,30,0,0.0,0.0,109.1,,,,30,,109.0,0.0
513343,2027-05-01,31,0,0.0,0.0,114.5,,,,30,,115.0,0.0
513343,2027-06-01,30,0,0.0,0.0,114.2,,,,30,,114.0,0.0
225976,2026-07-01,31,0,0.0,0.0,76.6,,,,30,,77.0,0.0
225976,2026-08-01,25,6,0.194,439.0,74.6,73.2,237,131,30,73.0,75.0,439.0
225976,2026-09-01,0,30,1.0,2325.0,77.5,77.5,,,30,78.0,78.0,2325.0
225976,2026-10-01,0,31,1.0,2467.0,79.6,79.6,,,30,80.0,80.0,2467.0
225976,2026-11-01,0,30,1.0,2321.0,77.4,77.4,,,30,77.0,77.0,2321.0
225976,2026-12-01,0,31,1.0,2357.0,76.0,76.0,,,30,76.0,76.0,2357.0
225976,2027-01-01,28,3,0.097,229.0,75.9,76.3,,,30,76.0,76.0,229.0
225976,2027-02-01,28,0,0.0,0.0,75.4,,,,30,,75.0,0.0
225976,2027-03-01,31,0,0.0,0.0,78.5,,,,,,79.0,0.0
225976,2027-04-01,30,0,0.0,0.0,78.5,,,,,,79.0,0.0
225976,2027-05-01,31,0,0.0,0.0,76.5,,,,,,77.0,0.0
225976,2027-06-01,30,0,0.0,0.0,77.7,,,,,,78.0,0.0
690603,2026-07-01,12,19,0.613,3484.0,180.9,183.4,28,34,30,183.0,181.0,3484.0
690603,2026-08-01,16,15,0.484,2932.0,195.2,195.5,,,30,196.0,195.0,2932.0
690603,2026-09-01,30,0,0.0,0.0,193.4,,,,30,,193.0,0.0
690603,2026-10-01,31,0,0.0,0.0,190.3,,,,30,,190.0,0.0
690603,2026-11-01,30,0,0.0,0.0,192.9,,,,30,,193.0,0.0
690603,2026-12-01,31,0,0.0,0.0,195.5,,,,30,,196.0,0.0
690603,2027-01-01,31,0,0.0,0.0,195.2,,,,30,,195.0,0.0
690603,2027-02-01,28,0,0.0,0.0,199.8,,,,30,,200.0,0.0
690603,2027-03-01,31,0,0.0,0.0,196.1,,,,30,,196.0,0.0
690603,2027-04-01,30,0,0.0,0.0,196.1,,,,30,,196.0,0.0
690603,2027-05-01,31,0,0.0,0.0,195.6,,,,30,,196.0,0.0
690603,2027-06-01,30,0,0.0,0.0,199.8,,,,30,,200.0,0.0
896535,2026-07-01,0,31,1.0,4988.0,160.9,160.9,,,31,161.0,161.0,4988.0
896535,2026-08-01,21,10,0.323,1543.0,154.6,154.3,157,14,31,154.0,155.0,1543.0
896535,2026-09-01,18,12,0.4,1930.0,160.7,160.8,,,31,161.0,161.0,1930.0
896535,2026-10-01,12,19,0.613,2899.0,153.9,152.6,201,38,31,153.0,154.0,2899.0
896535,2026-11-01,11,19,0.633,2912.0,153.9,153.3,,,31,153.0,154.0,2912.0
896535,2026-12-01,31,0,0.0,0.0,163.8,,,,31,,164.0,0.0
896535,2027-01-01,31,0,0.0,0.0,162.9,,,,31,,163.0,0.0
896535,2027-02-01,28,0,0.0,0.0,162.2,,,,31,,162.0,0.0
896535,2027-03-01,31,0,0.0,0.0,161.4,,,,31,,161.0,0.0
896535,2027-04-01,30,0,0.0,0.0,160.5,,,,31,,161.0,0.0
896535,2027-05-01,31,0,0.0,0.0,162.6,,,,31,,163.0,0.0
896535,2027-06-01,30,0,0.0,0.0,162.0,,,,,,162.0,0.0
54860,2026-07-01,23,8,0.258,718.0,89.2,89.8,136,8,30,90.0,89.0,718.0
54860,2026-08-01,19,12,0.387,1070.0,89.9,89.2,66,32,30,89.0,90.0,1070.0
54860,2026-09-01,10,20,0.667,1788.0,89.4,89.4,,,30,89.0,89.0,1788.0
54860,2026-10-01,31,0,0.0,0.0,90.1,,,,30,,90.0,0.0
54860,2026-11-01,30,0,0.0,0.0,89.1,,,,30,,89.0,0.0
54860,2026-12-01,31,0,0.0,0.0,89.1,,,,30,,89.0,0.0
54860,2027-01-01,31,0,0.0,0.0,88.5,,,,30,,89.0,0.0
54860,2027-02-01,28,0,0.0,0.0,89.0,,,,30,,89.0,0.0
54860,2027-03-01,31,0,0.0,0.0,88.6,,,,30,,89.0,0.0
54860,2027-04-01,30,0,0.0,0.0,88.7,,,,30,,89.0,0.0
54860,2027-05-01,31,0,0.0,0.0,89.2,,,,30,,89.0,0.0
54860,2027-06-01,30,0,0.0,0.0,89.2,,,,30,,89.0,0.0
721762,2026-07-01,1,30,0.968,3130.0,104.3,104.3,85,30,30,104.0,104.0,3130.0
721762,2026-08-01,1,30,0.968,3120.0,104.0,104.0,308,29,30,104.0,104.0,3120.0
721762,2026-09-01,2,28,0.933,2867.0,102.4,102.4,,,30,102.0,102.0,2867.0
721762,2026-10-01,0,31,1.0,3189.0,102.9,102.9,297,71,30,103.0,103.0,3189.0
721762,2026-11-01,0,30,1.0,3119.0,104.0,104.0,,,30,104.0,104.0,3119.0
721762,2026-12-01,0,31,1.0,3152.0,101.7,101.7,218,150,30,102.0,102.0,3152.0
721762,2027-01-01,0,31,1.0,3183.0,102.7,102.7,,,30,103.0,103.0,3183.0
721762,2027-02-01,0,28,1.0,2866.0,102.4,102.4,,,30,102.0,102.0,2866.0
721762,2027-03-01,0,31,1.0,3184.0,102.7,102.7,,,30,103.0,103.0,3184.0
721762,2027-04-01,0,30,1.0,3115.0,103.8,103.8,,,30,104.0,104.0,3115.0
721762,2027-05-01,22,9,0.29,909.0,103.2,101.0,,,30,101.0,103.0,909.0
721762,2027-06-01,30,0,0.0,0.0,108.7,,,,30,,109.0,0.0
14314,2026-07-01,31,0,0.0,0.0,140.8,,,,30,,141.0,0.0
14314,2026-08-01,0,31,1.0,4310.0,139.0,139.0,107,60,30,139.0,139.0,4310.0
14314,2026-09-01,1,29,0.967,4067.0,140.3,140.2,,,30,140.0,140.0,4067.0
14314,2026-10-01,31,0,0.0,0.0,142.0,,,,30,,142.0,0.0
14314,2026-11-01,30,0,0.0,0.0,144.3,,,,30,,144.0,0.0
14314,2026-12-01,31,0,0.0,0.0,143.8,,,,30,,144.0,0.0
14314,2027-01-01,31,0,0.0,0.0,141.1,,,,30,,141.0,0.0
14314,2027-02-01,28,0,0.0,0.0,140.9,,,,30,,141.0,0.0
14314,2027-03-01,31,0,0.0,0.0,143.4,,,,30,,143.0,0.0
14314,2027-04-01,30,0,0.0,0.0,145.0,,,,30,,145.0,0.0
14314,2027-05-01,31,0,0.0,0.0,145.2,,,,,,145.0,0.0
14314,2027-06-01,30,0,0.0,0.0,144.8,,,,,,145.0,0.0
7801,2026-07-01,31,0,0.0,0.0,484.9,,,,30,,485.0,0.0
7801,2026-08-01,31,0,0.0,0.0,472.5,,,,30,,473.0,0.0
7801,2026-09-01,30,0,0.0,0.0,471.2,,,,30,,471.0,0.0
7801,2026-10-01,31,0,0.0,0.0,468.4,,,,30,,468.0,0.0
7801,2026-11-01,0,30,1.0,14042.0,468.1,468.1,259,62,30,468.0,468.0,14042.0
7801,2026-12-01,0,31,1.0,14527.0,468.6,468.6,,,30,469.0,469.0,14527.0
7801,2027-01-01,30,1,0.032,470.0,476.7,470.0,,,30,470.0,477.0,470.0
7801,2027-02-01,28,0,0.0,0.0,479.9,,,,30,,480.0,0.0
7801,2027-03-01,31,0,0.0,0.0,478.1,,,,,,478.0,0.0
7801,2027-04-01,30,0,0.0,0.0,481.8,,,,,,482.0,0.0
7801,2027-05-01,31,0,0.0,0.0,478.0,,,,,,478.0,0.0
7801,2027-06-01,30,0,0.0,0.0,479.4,,,,,,479.0,0.0
1127770,2026-07-01,23,8,0.258,1875.0,219.0,234.4,43,4,5,234.0,219.0,1875.0
1127770,2026-08-01,17,14,0.452,2780.0,196.6,198.6,122,7,5,199.0,197.0,2780.0
1127770,2026-09-01,8,22,0.733,4551.0,208.0,206.9,152,31,5,207.0,208.0,4551.0
1127770,2026-10-01,22,9,0.29,1913.0,210.7,212.6,,,5,213.0,211.0,1913.0
1127770,2026-11-01,30,0,0.0,0.0,210.9,,,,5,,211.0,0.0
1127770,2026-12-01,31,0,0.0,0.0,204.9,,,,5,,205.0,0.0
1127770,2027-01-01,31,0,0.0,0.0,196.4,,,,5,,196.0,0.0
1127770,2027-02-01,28,0,0.0,0.0,197.8,,,,5,,198.0,0.0
1127770,2027-03-01,31,0,0.0,0.0,202.2,,,,5,,202.0,0.0
1127770,2027-04-01,30,0,0.0,0.0,205.7,,,,5,,206.0,0.0
1127770,2027-05-01,31,0,0.0,0.0,203.2,,,,5,,203.0,0.0
1127770,2027-06-01,30,0,0.0,0.0,201.5,,,,5,,202.0,0.0
287845,2026-07-01,3,28,0.903,9933.0,355.6,354.8,31,56,30,355.0,356.0,9933.0
287845,2026-08-01,2,29,0.935,10238.0,352.5,353.0,119,61,30,353.0,353.0,10238.0
287845,2026-09-01,0,30,1.0,10665.0,355.5,355.5,,,30,356.0,356.0,10665.0
287845,2026-10-01,1,30,0.968,10748.0,358.1,358.3,,,30,358.0,358.0,10748.0
287845,2026-11-01,29,1,0.033,346.0,351.6,346.0,210,27,30,346.0,352.0,346.0
287845,2026-12-01,5,26,0.839,9103.0,349.4,350.1,,,30,350.0,349.0,9103.0
287845,2027-01-01,31,0,0.0,0.0,348.0,,,,30,,348.0,0.0
287845,2027-02-01,28,0,0.0,0.0,357.8,,,,30,,358.0,0.0
287845,2027-03-01,31,0,0.0,0.0,355.5,,,,30,,356.0,0.0
287845,2027-04-01,30,0,0.0,0.0,356.0,,,,30,,356.0,0.0
287845,2027-05-01,31,0,0.0,0.0,356.3,,,,30,,356.0,0.0
287845,2027-06-01,30,0,0.0,0.0,350.2,,,,30,,350.0,0.0
784122,2026-07-01,0,31,1.0,5874.0,189.5,189.5,19,122,30,190.0,190.0,5874.0
784122,2026-08-01,0,31,1.0,5852.0,188.8,188.8,,,30,189.0,189.0,5852.0
784122,2026-09-01,0,30,1.0,5553.0,185.1,185.1,,,30,185.0,185.0,5553.0
784122,2026-10-01,1,30,0.968,5534.0,184.0,184.5,,,30,185.0,184.0,5534.0
784122,2026-11-01,30,0,0.0,0.0,177.0,,,,30,,177.0,0.0
784122,2026-12-01,31,0,0.0,0.0,176.3,,,,30,,176.0,0.0
784122,2027-01-01,31,0,0.0,0.0,173.5,,,,30,,174.0,0.0
784122,2027-02-01,28,0,0.0,0.0,172.3,,,,30,,172.0,0.0
784122,2027-03-01,31,0,0.0,0.0,173.7,,,,30,,174.0,0.0
784122,2027-04-01,30,0,0.0,0.0,173.5,,,,30,,174.0,0.0
784122,2027-05-01,31,0,0.0,0.0,175.8,,,,30,,176.0,0.0
784122,2027-06-01,30,0,0.0,0.0,175.6,,,,30,,176.0,0.0
15341,2026-07-01,5,26,0.839,7064.0,272.3,271.7,9,38,30,272.0,272.0,7064.0
15341,2026-08-01,19,12,0.387,3651.0,315.1,304.2,,,30,304.0,315.0,3651.0
15341,2026-09-01,30,0,0.0,0.0,307.2,,,,30,,307.0,0.0
15341,2026-10-01,0,31,1.0,9648.0,311.2,311.2,96,92,30,311.0,311.0,9648.0
15341,2026-11-01,0,30,1.0,9337.0,311.2,311.2,,,30,311.0,311.0,9337.0
15341,2026-12-01,0,31,1.0,9355.0,301.8,301.8,,,30,302.0,302.0,9355.0
15341,2027-01-01,31,0,0.0,0.0,296.3,,,,30,,296.0,0.0
15341,2027-02-01,28,0,0.0,0.0,295.7,,,,30,,296.0,0.0
15341,2027-03-01,31,0,0.0,0.0,293.6,,,,30,,294.0,0.0
15341,2027-04-01,30,0,0.0,0.0,286.0,,,,30,,286.0,0.0
15341,2027-05-01,31,0,0.0,0.0,280.4,,,,30,,280.0,0.0
15341,2027-06-01,30,0,0.0,0.0,289.6,,,,30,,290.0,0.0
883480,2026-07-01,0,31,1.0,4292.0,138.5,138.5,198,46,53,139.0,139.0,4292.0
883480,2026-08-01,11,20,0.645,2735.0,137.2,136.8,255,115,30,137.0,137.0,2735.0
883480,2026-09-01,0,30,1.0,4174.0,139.1,139.1,,,30,139.0,139.0,4174.0
883480,2026-10-01,0,31,1.0,4310.0,139.0,139.0,,,30,139.0,139.0,4310.0
883480,2026-11-01,0,30,1.0,4208.0,140.3,140.3,,,30,140.0,140.0,4208.0
883480,2026-12-01,12,19,0.613,2653.0,138.5,139.6,,,30,140.0,139.0,2653.0
883480,2027-01-01,17,14,0.452,1935.0,138.6,138.2,220,120,30,138.0,139.0,1935.0
883480,2027-02-01,0,28,1.0,3859.0,137.8,137.8,,,30,138.0,138.0,3859.0
883480,2027-03-01,0,31,1.0,4328.0,139.6,139.6,,,30,140.0,140.0,4328.0
883480,2027-04-01,0,30,1.0,4157.0,138.6,138.6,,,30,139.0,139.0,4157.0
883480,2027-05-01,14,17,0.548,2352.0,138.4,138.4,,,30,138.0,138.0,2352.0
883480,2027-06-01,30,0,0.0,0.0,139.6,,,,30,,140.0,0.0
68735,2026-07-01,0,31,1.0,6913.0,223.0,223.0,34,123,30,223.0,223.0,6913.0
68735,2026-08-01,0,31,1.0,6969.0,224.8,224.8,,,30,225.0,225.0,6969.0
68735,2026-09-01,0,30,1.0,6713.0,223.8,223.8,,,30,224.0,224.0,6713.0
68735,2026-10-01,0,31,1.0,6869.0,221.6,221.6,,,30,222.0,222.0,6869.0
68735,2026-11-01,30,0,0.0,0.0,207.1,,,,30,,207.0,0.0
68735,2026-12-01,31,0,0.0,0.0,207.6,,,,30,,208.0,0.0
68735,2027-01-01,31,0,0.0,0.0,207.1,,,,30,,207.0,0.0
68735,2027-02-01,28,0,0.0,0.0,188.1,,,,30,,188.0,0.0
68735,2027-03-01,31,0,0.0,0.0,185.5,,,,30,,186.0,0.0
68735,2027-04-01,30,0,0.0,0.0,178.8,,,,30,,179.0,0.0
68735,2027-05-01,31,0,0.0,0.0,181.5,,,,30,,182.0,0.0
68735,2027-06-01,30,0,0.0,0.0,181.5,,,,,,182.0,0.0
1045897,2026-07-01,22,9,0.29,2252.0,239.8,250.2,,,30,250.0,240.0,2252.0
1045897,2026-08-01,31,0,0.0,0.0,233.3,,,,30,,233.0,0.0
1045897,2026-09-01,30,0,0.0,0.0,225.6,,,,30,,226.0,0.0
1045897,2026-10-01,31,0,0.0,0.0,222.9,,,,30,,223.0,0.0
1045897,2026-11-01,30,0,0.0,0.0,222.7,,,,30,,223.0,0.0
1045897,2026-12-01,31,0,0.0,0.0,222.2,,,,30,,222.0,0.0
1045897,2027-01-01,31,0,0.0,0.0,221.7,,,,30,,222.0,0.0
1045897,2027-02-01,28,0,0.0,0.0,221.3,,,,30,,221.0,0.0
1045897,2027-03-01,31,0,0.0,0.0,221.3,,,,30,,221.0,0.0
1045897,2027-04-01,30,0,0.0,0.0,221.8,,,,30,,222.0,0.0
1045897,2027-05-01,31,0,0.0,0.0,226.7,,,,30,,227.0,0.0
1045897,2027-06-01,30,0,0.0,0.0,228.9,,,,30,,229.0,0.0
1024647,2026-07-01,0,31,1.0,3445.0,111.1,111.1,,,30,111.0,111.0,3445.0
1024647,2026-08-01,28,3,0.097,330.0,108.3,110.0,,,30,110.0,108.0,330.0
1024647,2026-09-01,8,22,0.733,2401.0,108.7,109.1,94,60,30,109.0,109.0,2401.0
1024647,2026-10-01,0,31,1.0,3471.0,112.0,112.0,,,30,112.0,112.0,3471.0
1024647,2026-11-01,23,7,0.233,761.0,108.7,108.7,,,30,109.0,109.0,761.0
1024647,2026-12-01,31,0,0.0,0.0,108.5,,,,30,,109.0,0.0
1024647,2027-01-01,31,0,0.0,0.0,106.7,,,,30,,107.0,0.0
1024647,2027-02-01,28,0,0.0,0.0,106.1,,,,30,,106.0,0.0
1024647,2027-03-01,31,0,0.0,0.0,107.1,,,,30,,107.0,0.0
1024647,2027-04-01,30,0,0.0,0.0,108.2,,,,30,,108.0,0.0
1024647,2027-05-01,31,0,0.0,0.0,108.8,,,,30,,109.0,0.0
1024647,2027-06-01,30,0,0.0,0.0,109.6,,,,30,,110.0,0.0
1294973,2026-07-01,27,4,0.129,959.0,264.6,239.8,29,4,4,240.0,265.0,959.0
1294973,2026-08-01,31,0,0.0,0.0,236.3,,,,4,,236.0,0.0
1294973,2026-09-01,30,0,0.0,0.0,251.3,,,,4,,251.0,0.0
1294973,2026-10-01,31,0,0.0,0.0,248.8,,,,4,,249.0,0.0
1294973,2026-11-01,30,0,0.0,0.0,242.3,,,,4,,242.0,0.0
1294973,2026-12-01,31,0,0.0,0.0,240.6,,,,4,,241.0,0.0
1294973,2027-01-01,31,0,0.0,0.0,247.7,,,,4,,248.0,0.0
1294973,2027-02-01,28,0,0.0,0.0,244.6,,,,4,,245.0,0.0
1294973,2027-03-01,31,0,0.0,0.0,247.7,,,,4,,248.0,0.0
1294973,2027-04-01,30,0,0.0,0.0,249.9,,,,4,,250.0,0.0
1294973,2027-05-01,31,0,0.0,0.0,247.8,,,,4,,248.0,0.0
1294973,2027-06-01,30,0,0.0,0.0,247.1,,,,4,,247.0,0.0
523123,2026-07-01,30,1,0.032,327.0,322.3,327.0,13,1,30,327.0,322.0,327.0
523123,2026-08-01,9,22,0.71,7433.0,333.9,337.9,104,14,30,338.0,334.0,7433.0
523123,2026-09-01,0,30,1.0,10197.0,339.9,339.9,177,73,30,340.0,340.0,10197.0
523123,2026-10-01,0,31,1.0,10454.0,337.2,337.2,,,30,337.0,337.0,10454.0
523123,2026-11-01,0,30,1.0,10091.0,336.4,336.4,154,31,30,336.0,336.0,10091.0
523123,2026-12-01,12,19,0.613,6536.0,342.8,344.0,,,30,344.0,343.0,6536.0
523123,2027-01-01,31,0,0.0,0.0,349.8,,,,30,,350.0,0.0
523123,2027-02-01,28,0,0.0,0.0,351.9,,,,30,,352.0,0.0
523123,2027-03-01,31,0,0.0,0.0,341.6,,,,30,,342.0,0.0
523123,2027-04-01,30,0,0.0,0.0,337.7,,,,30,,338.0,0.0
523123,2027-05-01,31,0,0.0,0.0,343.0,,,,30,,343.0,0.0
523123,2027-06-01,30,0,0.0,0.0,353.3,,,,30,,353.0,0.0
322037,2026-07-01,26,5,0.161,1546.0,308.5,309.2,76,5,30,309.0,309.0,1546.0
322037,2026-08-01,31,0,0.0,0.0,295.4,,,,30,,295.0,0.0
322037,2026-09-01,30,0,0.0,0.0,277.0,,,,30,,277.0,0.0
322037,2026-10-01,31,0,0.0,0.0,268.9,,,,30,,269.0,0.0
322037,2026-11-01,30,0,0.0,0.0,271.7,,,,30,,272.0,0.0
322037,2026-12-01,31,0,0.0,0.0,275.4,,,,30,,275.0,0.0
322037,2027-01-01,31,0,0.0,0.0,274.9,,,,30,,275.0,0.0
322037,2027-02-01,28,0,0.0,0.0,273.5,,,,30,,274.0,0.0
322037,2027-03-01,31,0,0.0,0.0,269.6,,,,30,,270.0,0.0
322037,2027-04-01,30,0,0.0,0.0,271.0,,,,30,,271.0,0.0
322037,2027-05-01,31,0,0.0,0.0,274.5,,,,30,,275.0,0.0
322037,2027-06-01,30,0,0.0,0.0,276.1,,,,30,,276.0,0.0
844319,2026-07-01,31,0,0.0,0.0,138.0,,,,30,,138.0,0.0
844319,2026-08-01,31,0,0.0,0.0,135.8,,,,30,,136.0,0.0
844319,2026-09-01,30,0,0.0,0.0,134.1,,,,30,,134.0,0.0
844319,2026-10-01,31,0,0.0,0.0,140.1,,,,30,,140.0,0.0
844319,2026-11-01,30,0,0.0,0.0,138.0,,,,30,,138.0,0.0
844319,2026-12-01,31,0,0.0,0.0,135.7,,,,30,,136.0,0.0
844319,2027-01-01,31,0,0.0,0.0,134.9,,,,30,,135.0,0.0
844319,2027-02-01,28,0,0.0,0.0,135.2,,,,,,135.0,0.0
844319,2027-03-01,31,0,0.0,0.0,134.5,,,,,,135.0,0.0
844319,2027-04-01,30,0,0.0,0.0,133.8,,,,,,134.0,0.0
844319,2027-05-01,31,0,0.0,0.0,136.5,,,,,,137.0,0.0
844319,2027-06-01,30,0,0.0,0.0,136.2,,,,,,136.0,0.0
321136,2026-07-01,31,0,0.0,0.0,342.1,,,,30,,342.0,0.0
321136,2026-08-01,31,0,0.0,0.0,276.3,,,,30,,276.0,0.0
321136,2026-09-01,30,0,0.0,0.0,275.3,,,,30,,275.0,0.0
321136,2026-10-01,31,0,0.0,0.0,260.7,,,,30,,261.0,0.0
321136,2026-11-01,30,0,0.0,0.0,234.1,,,,30,,234.0,0.0
321136,2026-12-01,31,0,0.0,0.0,230.0,,,,30,,230.0,0.0
321136,2027-01-01,31,0,0.0,0.0,227.3,,,,30,,227.0,0.0
321136,2027-02-01,28,0,0.0,0.0,200.6,,,,30,,201.0,0.0
321136,2027-03-01,31,0,0.0,0.0,219.6,,,,30,,220.0,0.0
321136,2027-04-01,30,0,0.0,0.0,238.3,,,,30,,238.0,0.0
321136,2027-05-01,31,0,0.0,0.0,236.3,,,,,,236.0,0.0
321136,2027-06-01,30,0,0.0,0.0,233.0,,,,,,233.0,0.0
597544,2026-07-01,31,0,0.0,0.0,63.7,,,,,,64.0,0.0
597544,2026-08-01,31,0,0.0,0.0,63.1,,,,,,63.0,0.0
597544,2026-09-01,30,0,0.0,0.0,63.3,,,,,,63.0,0.0
597544,2026-10-01,31,0,0.0,0.0,63.3,,,,,,63.0,0.0
597544,2026-11-01,30,0,0.0,0.0,63.0,,,,,,63.0,0.0
597544,2026-12-01,31,0,0.0,0.0,63.1,,,,,,63.0,0.0
597544,2027-01-01,31,0,0.0,0.0,64.1,,,,,,64.0,0.0
597544,2027-02-01,28,0,0.0,0.0,64.1,,,,,,64.0,0.0
597544,2027-03-01,31,0,0.0,0.0,64.0,,,,,,64.0,0.0
597544,2027-04-01,30,0,0.0,0.0,63.9,,,,,,64.0,0.0
597544,2027-05-01,31,0,0.0,0.0,63.8,,,,,,64.0,0.0
597544,2027-06-01,30,0,0.0,0.0,64.0,,,,,,64.0,0.0
294242,2026-07-01,31,0,0.0,0.0,632.2,,,,1,,632.0,0.0
294242,2026-08-01,31,0,0.0,0.0,436.6,,,,1,,437.0,0.0
294242,2026-09-01,22,8,0.267,3592.0,493.1,449.0,75,8,1,449.0,493.0,3592.0
294242,2026-10-01,31,0,0.0,0.0,491.4,,,,1,,491.0,0.0
294242,2026-11-01,30,0,0.0,0.0,456.5,,,,1,,457.0,0.0
294242,2026-12-01,31,0,0.0,0.0,426.0,,,,1,,426.0,0.0
294242,2027-01-01,31,0,0.0,0.0,433.8,,,,1,,434.0,0.0
294242,2027-02-01,28,0,0.0,0.0,414.1,,,,1,,414.0,0.0
294242,2027-03-01,31,0,0.0,0.0,403.0,,,,1,,403.0,0.0
294242,2027-04-01,30,0,0.0,0.0,433.6,,,,1,,434.0,0.0
294242,2027-05-01,31,0,0.0,0.0,397.5,,,,1,,398.0,0.0
294242,2027-06-01,30,0,0.0,0.0,384.7,,,,1,,385.0,0.0
116551,2026-07-01,31,0,0.0,0.0,121.3,,,,30,,121.0,0.0
116551,2026-08-01,31,0,0.0,0.0,125.5,,,,30,,126.0,0.0
116551,2026-09-01,30,0,0.0,0.0,127.2,,,,30,,127.0,0.0
116551,2026-10-01,31,0,0.0,0.0,121.9,,,,30,,122.0,0.0
116551,2026-11-01,30,0,0.0,0.0,120.3,,,,30,,120.0,0.0
116551,2026-12-01,31,0,0.0,0.0,119.6,,,,30,,120.0,0.0
116551,2027-01-01,31,0,0.0,0.0,119.8,,,,30,,120.0,0.0
116551,2027-02-01,28,0,0.0,0.0,120.4,,,,,,120.0,0.0
116551,2027-03-01,31,0,0.0,0.0,120.1,,,,,,120.0,0.0
116551,2027-04-01,30,0,0.0,0.0,117.9,,,,,,118.0,0.0
116551,2027-05-01,31,0,0.0,0.0,121.1,,,,,,121.0,0.0
116551,2027-06-01,30,0,0.0,0.0,121.5,,,,,,122.0,0.0
303264,2026-07-01,31,0,0.0,0.0,218.1,,,,30,,218.0,0.0
303264,2026-08-01,31,0,0.0,0.0,221.7,,,,30,,222.0,0.0
303264,2026-09-01,30,0,0.0,0.0,219.4,,,,30,,219.0,0.0
303264,2026-10-01,31,0,0.0,0.0,215.8,,,,30,,216.0,0.0
303264,2026-11-01,30,0,0.0,0.0,215.1,,,,30,,215.0,0.0
303264,2026-12-01,31,0,0.0,0.0,217.5,,,,30,,218.0,0.0
303264,2027-01-01,31,0,0.0,0.0,217.9,,,,,,218.0,0.0
303264,2027-02-01,28,0,0.0,0.0,218.3,,,,,,218.0,0.0
303264,2027-03-01,31,0,0.0,0.0,213.9,,,,,,214.0,0.0
303264,2027-04-01,30,0,0.0,0.0,215.3,,,,,,215.0,0.0
303264,2027-05-01,31,0,0.0,0.0,216.5,,,,,,217.0,0.0
303264,2027-06-01,30,0,0.0,0.0,217.3,,,,,,217.0,0.0
698132,2026-07-01,19,12,0.387,3917.0,281.5,326.4,47,4,3,326.0,282.0,3917.0
698132,2026-08-01,24,7,0.226,1802.0,239.9,257.4,65,7,3,257.0,240.0,1802.0
698132,2026-09-01,30,0,0.0,0.0,265.3,,,,3,,265.0,0.0
698132,2026-10-01,31,0,0.0,0.0,264.9,,,,3,,265.0,0.0
698132,2026-11-01,30,0,0.0,0.0,275.3,,,,3,,275.0,0.0
698132,2026-12-01,31,0,0.0,0.0,254.7,,,,3,,255.0,0.0
698132,2027-01-01,31,0,0.0,0.0,258.6,,,,3,,259.0,0.0
698132,2027-02-01,28,0,0.0,0.0,250.2,,,,3,,250.0,0.0
698132,2027-03-01,31,0,0.0,0.0,247.1,,,,3,,247.0,0.0
698132,2027-04-01,30,0,0.0,0.0,250.7,,,,3,,251.0,0.0
698132,2027-05-01,31,0,0.0,0.0,251.5,,,,3,,252.0,0.0
698132,2027-06-01,30,0,0.0,0.0,245.4,,,,3,,245.0,0.0
1205103,2026-07-01,0,31,1.0,3683.0,118.8,118.8,151,38,30,119.0,119.0,3683.0
1205103,2026-08-01,24,7,0.226,832.0,116.6,118.9,,,30,119.0,117.0,832.0
1205103,2026-09-01,30,0,0.0,0.0,117.7,,,,30,,118.0,0.0
1205103,2026-10-01,14,17,0.548,1994.0,116.8,117.3,166,31,30,117.0,117.0,1994.0
1205103,2026-11-01,16,14,0.467,1616.0,116.5,115.4,,,30,115.0,117.0,1616.0
1205103,2026-12-01,31,0,0.0,0.0,116.9,,,,30,,117.0,0.0
1205103,2027-01-01,31,0,0.0,0.0,115.8,,,,30,,116.0,0.0
1205103,2027-02-01,28,0,0.0,0.0,115.9,,,,30,,116.0,0.0
1205103,2027-03-01,31,0,0.0,0.0,118.3,,,,30,,118.0,0.0
1205103,2027-04-01,30,0,0.0,0.0,121.6,,,,30,,122.0,0.0
1205103,2027-05-01,31,0,0.0,0.0,118.0,,,,30,,118.0,0.0
1205103,2027-06-01,30,0,0.0,0.0,118.9,,,,,,119.0,0.0
294263,2026-07-01,11,20,0.645,8209.0,403.9,410.4,101,10,1,410.0,404.0,8209.0
294263,2026-08-01,24,7,0.226,2885.0,410.7,412.1,56,7,1,412.0,411.0,2885.0
294263,2026-09-01,30,0,0.0,0.0,527.6,,,,1,,528.0,0.0
294263,2026-10-01,31,0,0.0,0.0,514.7,,,,1,,515.0,0.0
294263,2026-11-01,30,0,0.0,0.0,485.7,,,,1,,486.0,0.0
294263,2026-12-01,31,0,0.0,0.0,416.1,,,,1,,416.0,0.0
294263,2027-01-01,31,0,0.0,0.0,417.2,,,,1,,417.0,0.0
294263,2027-02-01,28,0,0.0,0.0,379.9,,,,1,,380.0,0.0
294263,2027-03-01,31,0,0.0,0.0,377.1,,,,1,,377.0,0.0
294263,2027-04-01,30,0,0.0,0.0,363.0,,,,1,,363.0,0.0
294263,2027-05-01,31,0,0.0,0.0,326.0,,,,1,,326.0,0.0
294263,2027-06-01,30,0,0.0,0.0,305.4,,,,1,,305.0,0.0
57874,2026-07-01,0,31,1.0,4440.0,143.2,143.2,190,15,30,143.0,143.0,4440.0
57874,2026-08-01,30,1,0.032,142.0,141.6,142.0,221,1,30,142.0,142.0,142.0
57874,2026-09-01,0,30,1.0,4200.0,140.0,140.0,132,31,30,140.0,140.0,4200.0
57874,2026-10-01,5,26,0.839,3727.0,143.4,143.3,273,31,30,143.0,143.0,3727.0
57874,2026-11-01,0,30,1.0,4263.0,142.1,142.1,,,30,142.0,142.0,4263.0
57874,2026-12-01,23,8,0.258,1143.0,138.6,142.9,,,30,143.0,139.0,1143.0
57874,2027-01-01,31,0,0.0,0.0,146.5,,,,30,,147.0,0.0
57874,2027-02-01,28,0,0.0,0.0,154.1,,,,30,,154.0,0.0
57874,2027-03-01,31,0,0.0,0.0,150.7,,,,30,,151.0,0.0
57874,2027-04-01,30,0,0.0,0.0,149.7,,,,30,,150.0,0.0
57874,2027-05-01,31,0,0.0,0.0,145.9,,,,30,,146.0,0.0
57874,2027-06-01,30,0,0.0,0.0,146.3,,,,30,,146.0,0.0
57166,2026-07-01,31,0,0.0,0.0,144.5,,,,30,,145.0,0.0
57166,2026-08-01,31,0,0.0,0.0,131.4,,,,30,,131.0,0.0
57166,2026-09-01,0,30,1.0,3987.0,132.9,132.9,111,30,30,133.0,133.0,3987.0
57166,2026-10-01,31,0,0.0,0.0,140.5,,,,30,,141.0,0.0
57166,2026-11-01,30,0,0.0,0.0,140.0,,,,30,,140.0,0.0
57166,2026-12-01,31,0,0.0,0.0,139.4,,,,30,,139.0,0.0
57166,2027-01-01,31,0,0.0,0.0,137.5,,,,30,,138.0,0.0
57166,2027-02-01,28,0,0.0,0.0,139.8,,,,30,,140.0,0.0
57166,2027-03-01,31,0,0.0,0.0,141.6,,,,30,,142.0,0.0
57166,2027-04-01,30,0,0.0,0.0,141.7,,,,30,,142.0,0.0
57166,2027-05-01,31,0,0.0,0.0,141.6,,,,30,,142.0,0.0
57166,2027-06-01,30,0,0.0,0.0,137.6,,,,30,,138.0,0.0
151199,2026-07-01,8,23,0.742,7170.0,315.2,311.7,169,4,2,312.0,315.0,7170.0
151199,2026-08-01,17,14,0.452,5210.0,371.6,372.1,212,2,2,372.0,372.0,5210.0
151199,2026-09-01,13,17,0.567,6048.0,365.4,355.8,111,4,2,356.0,365.0,6048.0
151199,2026-10-01,31,0,0.0,0.0,405.3,,,,2,,405.0,0.0
151199,2026-11-01,30,0,0.0,0.0,425.4,,,,2,,425.0,0.0
151199,2026-12-01,31,0,0.0,0.0,398.9,,,,2,,399.0,0.0
151199,2027-01-01,31,0,0.0,0.0,304.6,,,,2,,305.0,0.0
151199,2027-02-01,28,0,0.0,0.0,303.8,,,,2,,304.0,0.0
151199,2027-03-01,31,0,0.0,0.0,309.2,,,,2,,309.0,0.0
151199,2027-04-01,30,0,0.0,0.0,304.4,,,,2,,304.0,0.0
151199,2027-05-01,31,0,0.0,0.0,318.8,,,,2,,319.0,0.0
151199,2027-06-01,30,0,0.0,0.0,326.8,,,,2,,327.0,0.0
352651,2026-07-01,31,0,0.0,0.0,57.5,,,,30,,58.0,0.0
352651,2026-08-01,31,0,0.0,0.0,60.2,,,,30,,60.0,0.0
352651,2026-09-01,30,0,0.0,0.0,57.2,,,,30,,57.0,0.0
352651,2026-10-01,31,0,0.0,0.0,56.3,,,,30,,56.0,0.0
352651,2026-11-01,30,0,0.0,0.0,56.1,,,,30,,56.0,0.0
352651,2026-12-01,31,0,0.0,0.0,55.9,,,,30,,56.0,0.0
352651,2027-01-01,31,0,0.0,0.0,55.8,,,,30,,56.0,0.0
352651,2027-02-01,28,0,0.0,0.0,55.9,,,,30,,56.0,0.0
352651,2027-03-01,31,0,0.0,0.0,56.5,,,,30,,57.0,0.0
352651,2027-04-01,30,0,0.0,0.0,56.5,,,,30,,57.0,0.0
352651,2027-05-01,31,0,0.0,0.0,55.9,,,,30,,56.0,0.0
352651,2027-06-01,30,0,0.0,0.0,56.1,,,,30,,56.0,0.0
67299,2026-07-01,1,30,0.968,5593.0,186.3,186.4,71,10,30,186.0,186.0,5593.0
67299,2026-08-01,31,0,0.0,0.0,175.7,,,,30,,176.0,0.0
67299,2026-09-01,0,30,1.0,5330.0,177.7,177.7,138,61,30,178.0,178.0,5330.0
67299,2026-10-01,0,31,1.0,5613.0,181.1,181.1,,,30,181.0,181.0,5613.0
67299,2026-11-01,30,0,0.0,0.0,175.2,,,,30,,175.0,0.0
67299,2026-12-01,31,0,0.0,0.0,172.1,,,,30,,172.0,0.0
67299,2027-01-01,31,0,0.0,0.0,172.3,,,,30,,172.0,0.0
67299,2027-02-01,28,0,0.0,0.0,174.2,,,,30,,174.0,0.0
67299,2027-03-01,31,0,0.0,0.0,171.4,,,,30,,171.0,0.0
67299,2027-04-01,30,0,0.0,0.0,173.1,,,,30,,173.0,0.0
67299,2027-05-01,31,0,0.0,0.0,174.4,,,,30,,174.0,0.0
67299,2027-06-01,30,0,0.0,0.0,171.5,,,,,,172.0,0.0
944840,2026-07-01,5,26,0.839,2917.0,112.1,112.2,24,57,33,112.0,112.0,2917.0
944840,2026-08-01,0,31,1.0,3466.0,111.8,111.8,,,30,112.0,112.0,3466.0
944840,2026-09-01,3,27,0.9,2994.0,110.9,110.9,84,78,30,111.0,111.0,2994.0
944840,2026-10-01,0,31,1.0,3449.0,111.3,111.3,,,30,111.0,111.0,3449.0
944840,2026-11-01,10,20,0.667,2231.0,111.7,111.5,,,30,112.0,112.0,2231.0
944840,2026-12-01,31,0,0.0,0.0,111.6,,,,30,,112.0,0.0
944840,2027-01-01,31,0,0.0,0.0,111.8,,,,30,,112.0,0.0
944840,2027-02-01,28,0,0.0,0.0,111.6,,,,30,,112.0,0.0
944840,2027-03-01,31,0,0.0,0.0,111.2,,,,30,,111.0,0.0
944840,2027-04-01,30,0,0.0,0.0,111.6,,,,30,,112.0,0.0
944840,2027-05-01,31,0,0.0,0.0,111.6,,,,30,,112.0,0.0
944840,2027-06-01,30,0,0.0,0.0,111.1,,,,30,,111.0,0.0
476983,2026-07-01,0,31,1.0,1704.0,55.0,55.0,190,39,30,55.0,55.0,1704.0
476983,2026-08-01,12,19,0.613,992.0,51.9,52.2,136,29,30,52.0,52.0,992.0
476983,2026-09-01,0,30,1.0,1626.0,54.2,54.2,,,30,54.0,54.0,1626.0
476983,2026-10-01,0,31,1.0,1673.0,54.0,54.0,141,37,30,54.0,54.0,1673.0
476983,2026-11-01,6,24,0.8,1280.0,53.3,53.3,,,30,53.0,53.0,1280.0
476983,2026-12-01,31,0,0.0,0.0,53.7,,,,30,,54.0,0.0
476983,2027-01-01,31,0,0.0,0.0,52.0,,,,30,,52.0,0.0
476983,2027-02-01,28,0,0.0,0.0,51.6,,,,30,,52.0,0.0
476983,2027-03-01,31,0,0.0,0.0,53.7,,,,30,,54.0,0.0
476983,2027-04-01,30,0,0.0,0.0,51.7,,,,30,,52.0,0.0
476983,2027-05-01,31,0,0.0,0.0,51.4,,,,30,,51.0,0.0
476983,2027-06-01,30,0,0.0,0.0,51.4,,,,30,,51.0,0.0
255476,2026-07-01,0,31,1.0,3623.0,116.9,116.9,4,31,30,117.0,117.0,3623.0
255476,2026-08-01,31,0,0.0,0.0,115.3,,,,30,,115.0,0.0
255476,2026-09-01,30,0,0.0,0.0,116.0,,,,30,,116.0,0.0
255476,2026-10-01,31,0,0.0,0.0,114.8,,,,30,,115.0,0.0
255476,2026-11-01,30,0,0.0,0.0,114.3,,,,30,,114.0,0.0
255476,2026-12-01,31,0,0.0,0.0,114.1,,,,30,,114.0,0.0
255476,2027-01-01,31,0,0.0,0.0,114.7,,,,30,,115.0,0.0
255476,2027-02-01,28,0,0.0,0.0,115.6,,,,30,,116.0,0.0
255476,2027-03-01,31,0,0.0,0.0,115.7,,,,30,,116.0,0.0
255476,2027-04-01,30,0,0.0,0.0,115.7,,,,30,,116.0,0.0
255476,2027-05-01,31,0,0.0,0.0,116.3,,,,30,,116.0,0.0
255476,2027-06-01,30,0,0.0,0.0,116.2,,,,30,,116.0,0.0
507393,2026-07-01,31,0,0.0,0.0,51.8,,,,30,,52.0,0.0
507393,2026-08-01,31,0,0.0,0.0,51.8,,,,30,,52.0,0.0
507393,2026-09-01,30,0,0.0,0.0,51.6,,,,30,,52.0,0.0
507393,2026-10-01,31,0,0.0,0.0,50.7,,,,30,,51.0,0.0
507393,2026-11-01,30,0,0.0,0.0,52.4,,,,30,,52.0,0.0
507393,2026-12-01,31,0,0.0,0.0,51.0,,,,30,,51.0,0.0
507393,2027-01-01,31,0,0.0,0.0,53.3,,,,30,,53.0,0.0
507393,2027-02-01,28,0,0.0,0.0,53.8,,,,,,54.0,0.0
507393,2027-03-01,31,0,0.0,0.0,53.4,,,,,,53.0,0.0
507393,2027-04-01,30,0,0.0,0.0,52.6,,,,,,53.0,0.0
507393,2027-05-01,31,0,0.0,0.0,53.8,,,,,,54.0,0.0
507393,2027-06-01,30,0,0.0,0.0,54.9,,,,,,55.0,0.0
333323,2026-07-01,0,31,1.0,3408.0,109.9,109.9,,,30,110.0,110.0,3408.0
333323,2026-08-01,1,30,0.968,2847.0,94.7,94.9,,,31,95.0,95.0,2847.0
333323,2026-09-01,30,0,0.0,0.0,91.7,,,,31,,92.0,0.0
333323,2026-10-01,31,0,0.0,0.0,94.0,,,,30,,94.0,0.0
333323,2026-11-01,30,0,0.0,0.0,102.1,,,,30,,102.0,0.0
333323,2026-12-01,31,0,0.0,0.0,97.4,,,,30,,97.0,0.0
333323,2027-01-01,31,0,0.0,0.0,91.7,,,,30,,92.0,0.0
333323,2027-02-01,28,0,0.0,0.0,89.0,,,,30,,89.0,0.0
333323,2027-03-01,31,0,0.0,0.0,91.2,,,,30,,91.0,0.0
333323,2027-04-01,30,0,0.0,0.0,92.9,,,,30,,93.0,0.0
333323,2027-05-01,31,0,0.0,0.0,99.9,,,,30,,100.0,0.0
333323,2027-06-01,30,0,0.0,0.0,98.7,,,,30,,99.0,0.0
817113,2026-07-01,23,8,0.258,629.0,82.6,78.6,23,4,30,79.0,83.0,629.0
817113,2026-08-01,31,0,0.0,0.0,82.9,,,,30,,83.0,0.0
817113,2026-09-01,30,0,0.0,0.0,84.3,,,,30,,84.0,0.0
817113,2026-10-01,31,0,0.0,0.0,82.7,,,,30,,83.0,0.0
817113,2026-11-01,30,0,0.0,0.0,82.0,,,,30,,82.0,0.0
817113,2026-12-01,31,0,0.0,0.0,82.7,,,,30,,83.0,0.0
817113,2027-01-01,31,0,0.0,0.0,81.9,,,,30,,82.0,0.0
817113,2027-02-01,28,0,0.0,0.0,81.5,,,,30,,82.0,0.0
817113,2027-03-01,31,0,0.0,0.0,82.1,,,,30,,82.0,0.0
817113,2027-04-01,30,0,0.0,0.0,82.7,,,,30,,83.0,0.0
817113,2027-05-01,31,0,0.0,0.0,81.5,,,,30,,82.0,0.0
817113,2027-06-01,30,0,0.0,0.0,79.6,,,,30,,80.0,0.0
1411811,2026-07-01,8,23,0.742,10315.0,436.9,448.5,27,6,1,449.0,437.0,10315.0
1411811,2026-08-01,23,8,0.258,3520.0,409.7,440.0,,,1,440.0,410.0,3520.0
1411811,2026-09-01,30,0,0.0,0.0,408.0,,,,1,,408.0,0.0
1411811,2026-10-01,31,0,0.0,0.0,407.5,,,,1,,408.0,0.0
1411811,2026-11-01,30,0,0.0,0.0,397.7,,,,1,,398.0,0.0
1411811,2026-12-01,31,0,0.0,0.0,396.7,,,,1,,397.0,0.0
1411811,2027-01-01,31,0,0.0,0.0,402.5,,,,1,,403.0,0.0
1411811,2027-02-01,28,0,0.0,0.0,412.9,,,,1,,413.0,0.0
1411811,2027-03-01,31,0,0.0,0.0,416.0,,,,1,,416.0,0.0
1411811,2027-04-01,30,0,0.0,0.0,418.2,,,,1,,418.0,0.0
1411811,2027-05-01,31,0,0.0,0.0,416.3,,,,1,,416.0,0.0
1411811,2027-06-01,30,0,0.0,0.0,415.7,,,,1,,416.0,0.0
302238,2026-07-01,0,31,1.0,7162.0,231.0,231.0,109,31,30,231.0,231.0,7162.0
302238,2026-08-01,30,1,0.032,232.0,233.4,232.0,141,1,30,232.0,233.0,232.0
302238,2026-09-01,30,0,0.0,0.0,228.8,,,,30,,229.0,0.0
302238,2026-10-01,31,0,0.0,0.0,229.6,,,,30,,230.0,0.0
302238,2026-11-01,30,0,0.0,0.0,232.7,,,,30,,233.0,0.0
302238,2026-12-01,31,0,0.0,0.0,232.4,,,,30,,232.0,0.0
302238,2027-01-01,31,0,0.0,0.0,229.0,,,,30,,229.0,0.0
302238,2027-02-01,28,0,0.0,0.0,228.5,,,,30,,229.0,0.0
302238,2027-03-01,31,0,0.0,0.0,230.4,,,,30,,230.0,0.0
302238,2027-04-01,30,0,0.0,0.0,231.8,,,,30,,232.0,0.0
302238,2027-05-01,31,0,0.0,0.0,236.9,,,,30,,237.0,0.0
302238,2027-06-01,30,0,0.0,0.0,237.7,,,,30,,238.0,0.0
255601,2026-07-01,7,24,0.774,7756.0,319.8,323.2,122,7,3,323.0,320.0,7756.0
255601,2026-08-01,7,24,0.774,6436.0,268.2,268.2,108,7,3,268.0,268.0,6436.0
255601,2026-09-01,3,27,0.9,7744.0,286.7,286.8,143,12,4,287.0,287.0,7744.0
255601,2026-10-01,14,17,0.548,4873.0,294.8,286.6,200,7,4,287.0,295.0,4873.0
255601,2026-11-01,28,2,0.067,555.0,295.2,277.5,,,4,278.0,295.0,555.0
255601,2026-12-01,31,0,0.0,0.0,302.4,,,,4,,302.0,0.0
255601,2027-01-01,31,0,0.0,0.0,290.9,,,,4,,291.0,0.0
255601,2027-02-01,28,0,0.0,0.0,289.6,,,,4,,290.0,0.0
255601,2027-03-01,17,14,0.452,4027.0,282.3,287.6,299,24,4,288.0,282.0,4027.0
255601,2027-04-01,20,10,0.333,2920.0,309.9,292.0,,,4,292.0,310.0,2920.0
255601,2027-05-01,31,0,0.0,0.0,331.5,,,,4,,332.0,0.0
255601,2027-06-01,30,0,0.0,0.0,313.1,,,,4,,313.0,0.0
1027808,2026-07-01,23,8,0.258,4758.0,598.1,594.8,57,2,30,595.0,598.0,4758.0
1027808,2026-08-01,31,0,0.0,0.0,603.4,,,,30,,603.0,0.0
1027808,2026-09-01,30,0,0.0,0.0,580.1,,,,30,,580.0,0.0
1027808,2026-10-01,31,0,0.0,0.0,563.7,,,,30,,564.0,0.0
1027808,2026-11-01,30,0,0.0,0.0,576.5,,,,30,,577.0,0.0
1027808,2026-12-01,31,0,0.0,0.0,583.5,,,,30,,584.0,0.0
1027808,2027-01-01,31,0,0.0,0.0,588.6,,,,30,,589.0,0.0
1027808,2027-02-01,28,0,0.0,0.0,599.5,,,,30,,600.0,0.0
1027808,2027-03-01,31,0,0.0,0.0,609.0,,,,30,,609.0,0.0
1027808,2027-04-01,30,0,0.0,0.0,607.4,,,,30,,607.0,0.0
1027808,2027-05-01,31,0,0.0,0.0,613.0,,,,30,,613.0,0.0
1027808,2027-06-01,30,0,0.0,0.0,602.5,,,,30,,603.0,0.0
1057022,2026-07-01,0,31,1.0,4577.0,147.6,147.6,166,46,30,148.0,148.0,4577.0
1057022,2026-08-01,12,19,0.613,2918.0,155.3,153.6,71,118,30,154.0,155.0,2918.0
1057022,2026-09-01,0,30,1.0,4416.0,147.2,147.2,,,30,147.0,147.0,4416.0
1057022,2026-10-01,0,31,1.0,4595.0,148.2,148.2,,,30,148.0,148.0,4595.0
1057022,2026-11-01,0,30,1.0,4449.0,148.3,148.3,,,30,148.0,148.0,4449.0
1057022,2026-12-01,8,23,0.742,3405.0,145.5,148.0,,,30,148.0,146.0,3405.0
1057022,2027-01-01,31,0,0.0,0.0,139.1,,,,30,,139.0,0.0
1057022,2027-02-01,28,0,0.0,0.0,140.6,,,,30,,141.0,0.0
1057022,2027-03-01,31,0,0.0,0.0,147.1,,,,30,,147.0,0.0
1057022,2027-04-01,30,0,0.0,0.0,145.1,,,,30,,145.0,0.0
1057022,2027-05-01,31,0,0.0,0.0,145.6,,,,30,,146.0,0.0
1057022,2027-06-01,30,0,0.0,0.0,146.7,,,,30,,147.0,0.0
1326566,2026-07-01,0,31,1.0,2434.0,78.5,78.5,117,19,30,79.0,79.0,2434.0
1326566,2026-08-01,23,8,0.258,629.0,79.6,78.6,,,30,79.0,80.0,629.0
1326566,2026-09-01,30,0,0.0,0.0,79.4,,,,30,,79.0,0.0
1326566,2026-10-01,31,0,0.0,0.0,79.3,,,,30,,79.0,0.0
1326566,2026-11-01,30,0,0.0,0.0,79.1,,,,30,,79.0,0.0
1326566,2026-12-01,31,0,0.0,0.0,79.1,,,,30,,79.0,0.0
1326566,2027-01-01,31,0,0.0,0.0,81.0,,,,30,,81.0,0.0
1326566,2027-02-01,28,0,0.0,0.0,81.0,,,,30,,81.0,0.0
1326566,2027-03-01,31,0,0.0,0.0,81.0,,,,30,,81.0,0.0
1326566,2027-04-01,30,0,0.0,0.0,81.5,,,,30,,82.0,0.0
1326566,2027-05-01,31,0,0.0,0.0,81.7,,,,30,,82.0,0.0
1326566,2027-06-01,30,0,0.0,0.0,81.6,,,,30,,82.0,0.0
34760,2026-07-01,31,0,0.0,0.0,89.0,,,,30,,89.0,0.0
34760,2026-08-01,31,0,0.0,0.0,89.5,,,,30,,90.0,0.0
34760,2026-09-01,30,0,0.0,0.0,89.5,,,,30,,90.0,0.0
34760,2026-10-01,31,0,0.0,0.0,89.0,,,,30,,89.0,0.0
34760,2026-11-01,30,0,0.0,0.0,89.0,,,,30,,89.0,0.0
34760,2026-12-01,31,0,0.0,0.0,89.5,,,,30,,90.0,0.0
34760,2027-01-01,31,0,0.0,0.0,91.0,,,,30,,91.0,0.0
34760,2027-02-01,28,0,0.0,0.0,90.5,,,,,,91.0,0.0
34760,2027-03-01,31,0,0.0,0.0,90.6,,,,,,91.0,0.0
34760,2027-04-01,30,0,0.0,0.0,91.0,,,,,,91.0,0.0
34760,2027-05-01,31,0,0.0,0.0,91.0,,,,,,91.0,0.0
34760,2027-06-01,30,0,0.0,0.0,90.6,,,,,,91.0,0.0
816888,2026-07-01,1,30,0.968,2828.0,94.3,94.3,58,30,30,94.0,94.0,2828.0
816888,2026-08-01,11,20,0.645,2097.0,102.4,104.8,108,21,30,105.0,102.0,2097.0
816888,2026-09-01,7,23,0.767,2253.0,97.4,98.0,,,30,98.0,97.0,2253.0
816888,2026-10-01,31,0,0.0,0.0,92.9,,,,30,,93.0,0.0
816888,2026-11-01,30,0,0.0,0.0,91.8,,,,30,,92.0,0.0
816888,2026-12-01,31,0,0.0,0.0,89.9,,,,30,,90.0,0.0
816888,2027-01-01,31,0,0.0,0.0,97.2,,,,30,,97.0,0.0
816888,2027-02-01,28,0,0.0,0.0,107.9,,,,30,,108.0,0.0
816888,2027-03-01,31,0,0.0,0.0,109.7,,,,30,,110.0,0.0
816888,2027-04-01,30,0,0.0,0.0,105.0,,,,30,,105.0,0.0
816888,2027-05-01,31,0,0.0,0.0,101.8,,,,30,,102.0,0.0
816888,2027-06-01,30,0,0.0,0.0,98.9,,,,30,,99.0,0.0
16580,2026-07-01,27,4,0.129,1130.0,248.0,282.5,123,2,2,283.0,248.0,1130.0
16580,2026-08-01,31,0,0.0,0.0,267.1,,,,2,,267.0,0.0
16580,2026-09-01,30,0,0.0,0.0,275.9,,,,2,,276.0,0.0
16580,2026-10-01,28,3,0.097,835.0,283.0,278.3,190,3,2,278.0,283.0,835.0
16580,2026-11-01,30,0,0.0,0.0,248.9,,,,2,,249.0,0.0
16580,2026-12-01,31,0,0.0,0.0,242.7,,,,2,,243.0,0.0
16580,2027-01-01,31,0,0.0,0.0,236.2,,,,2,,236.0,0.0
16580,2027-02-01,28,0,0.0,0.0,238.0,,,,2,,238.0,0.0
16580,2027-03-01,31,0,0.0,0.0,239.8,,,,2,,240.0,0.0
16580,2027-04-01,30,0,0.0,0.0,239.7,,,,2,,240.0,0.0
16580,2027-05-01,31,0,0.0,0.0,227.8,,,,2,,228.0,0.0
16580,2027-06-01,30,0,0.0,0.0,241.6,,,,,,242.0,0.0
310524,2026-07-01,22,9,0.29,1665.0,181.8,185.0,49,3,2,185.0,182.0,1665.0
310524,2026-08-01,29,2,0.065,346.0,183.0,173.0,,,2,173.0,183.0,346.0
310524,2026-09-01,26,4,0.133,772.0,188.9,193.0,86,4,2,193.0,189.0,772.0
310524,2026-10-01,31,0,0.0,0.0,188.2,,,,2,,188.0,0.0
310524,2026-11-01,30,0,0.0,0.0,188.6,,,,2,,189.0,0.0
310524,2026-12-01,31,0,0.0,0.0,182.8,,,,2,,183.0,0.0
310524,2027-01-01,31,0,0.0,0.0,190.0,,,,2,,190.0,0.0
310524,2027-02-01,28,0,0.0,0.0,201.0,,,,2,,201.0,0.0
310524,2027-03-01,31,0,0.0,0.0,193.5,,,,2,,194.0,0.0
310524,2027-04-01,30,0,0.0,0.0,207.8,,,,2,,208.0,0.0
310524,2027-05-01,31,0,0.0,0.0,212.7,,,,2,,213.0,0.0
310524,2027-06-01,30,0,0.0,0.0,194.1,,,,2,,194.0,0.0
301034,2026-07-01,31,0,0.0,0.0,152.7,,,,,,153.0,0.0
301034,2026-08-01,31,0,0.0,0.0,151.7,,,,,,152.0,0.0
301034,2026-09-01,30,0,0.0,0.0,148.1,,,,,,148.0,0.0
301034,2026-10-01,31,0,0.0,0.0,149.9,,,,,,150.0,0.0
301034,2026-11-01,30,0,0.0,0.0,149.6,,,,,,150.0,0.0
301034,2026-12-01,31,0,0.0,0.0,149.8,,,,,,150.0,0.0
301034,2027-01-01,31,0,0.0,0.0,151.3,,,,,,151.0,0.0
301034,2027-02-01,28,0,0.0,0.0,151.7,,,,,,152.0,0.0
301034,2027-03-01,31,0,0.0,0.0,151.6,,,,,,152.0,0.0
301034,2027-04-01,30,0,0.0,0.0,151.6,,,,,,152.0,0.0
301034,2027-05-01,31,0,0.0,0.0,151.6,,,,,,152.0,0.0
301034,2027-06-01,30,0,0.0,0.0,151.9,,,,,,152.0,0.0
232612,2026-07-01,9,22,0.71,4218.0,194.7,191.7,152,4,3,192.0,195.0,4218.0
232612,2026-08-01,4,27,0.871,4226.0,157.5,156.5,215,7,3,157.0,158.0,4226.0
232612,2026-09-01,6,24,0.8,3652.0,153.8,152.2,248,4,3,152.0,154.0,3652.0
232612,2026-10-01,3,28,0.903,4280.0,152.3,152.9,270,6,3,153.0,152.0,4280.0
232612,2026-11-01,14,16,0.533,2660.0,170.5,166.2,240,2,2,166.0,171.0,2660.0
232612,2026-12-01,4,27,0.871,5330.0,197.4,197.4,312,6,2,197.0,197.0,5330.0
232612,2027-01-01,30,1,0.032,197.0,187.6,197.0,362,1,3,197.0,188.0,197.0
232612,2027-02-01,28,0,0.0,0.0,176.8,,,,3,,177.0,0.0
232612,2027-03-01,31,0,0.0,0.0,173.7,,,,3,,174.0,0.0
232612,2027-04-01,30,0,0.0,0.0,176.1,,,,3,,176.0,0.0
232612,2027-05-01,31,0,0.0,0.0,175.9,,,,3,,176.0,0.0
232612,2027-06-01,30,0,0.0,0.0,178.6,,,,3,,179.0,0.0
940116,2026-07-01,0,31,1.0,1787.0,57.6,57.6,104,31,30,58.0,58.0,1787.0
940116,2026-08-01,0,31,1.0,1889.0,60.9,60.9,,,30,61.0,61.0,1889.0
940116,2026-09-01,0,30,1.0,1828.0,60.9,60.9,79,17,30,61.0,61.0,1828.0
940116,2026-10-01,0,31,1.0,1880.0,60.6,60.6,97,57,30,61.0,61.0,1880.0
940116,2026-11-01,0,30,1.0,1802.0,60.1,60.1,,,30,60.0,60.0,1802.0
940116,2026-12-01,31,0,0.0,0.0,58.9,,,,30,,59.0,0.0
940116,2027-01-01,31,0,0.0,0.0,58.5,,,,30,,59.0,0.0
940116,2027-02-01,28,0,0.0,0.0,59.2,,,,30,,59.0,0.0
940116,2027-03-01,31,0,0.0,0.0,60.1,,,,30,,60.0,0.0
940116,2027-04-01,30,0,0.0,0.0,61.4,,,,30,,61.0,0.0
940116,2027-05-01,31,0,0.0,0.0,59.7,,,,30,,60.0,0.0
940116,2027-06-01,30,0,0.0,0.0,61.8,,,,30,,62.0,0.0
58059,2026-07-01,5,26,0.839,1455.0,55.7,56.0,226,26,30,56.0,56.0,1455.0
58059,2026-08-01,0,31,1.0,1694.0,54.6,54.6,206,70,30,55.0,55.0,1694.0
58059,2026-09-01,0,30,1.0,1675.0,55.8,55.8,,,30,56.0,56.0,1675.0
58059,2026-10-01,0,31,1.0,1751.0,56.5,56.5,,,30,57.0,57.0,1751.0
58059,2026-11-01,0,30,1.0,1735.0,57.8,57.8,,,30,58.0,58.0,1735.0
58059,2026-12-01,12,19,0.613,1041.0,54.8,54.8,,,30,55.0,55.0,1041.0
58059,2027-01-01,31,0,0.0,0.0,54.6,,,,31,,55.0,0.0
58059,2027-02-01,28,0,0.0,0.0,54.2,,,,30,,54.0,0.0
58059,2027-03-01,31,0,0.0,0.0,54.5,,,,30,,55.0,0.0
58059,2027-04-01,30,0,0.0,0.0,56.5,,,,30,,57.0,0.0
58059,2027-05-01,31,0,0.0,0.0,56.0,,,,30,,56.0,0.0
58059,2027-06-01,30,0,0.0,0.0,54.0,,,,30,,54.0,0.0
873701,2026-07-01,0,31,1.0,4071.0,131.3,131.3,146,40,30,131.0,131.0,4071.0
873701,2026-08-01,19,12,0.387,1622.0,134.5,135.2,114,33,30,135.0,135.0,1622.0
873701,2026-09-01,0,30,1.0,4177.0,139.2,139.2,,,30,139.0,139.0,4177.0
873701,2026-10-01,1,30,0.968,4192.0,139.9,139.7,295,49,30,140.0,140.0,4192.0
873701,2026-11-01,11,19,0.633,2613.0,138.4,137.5,,,30,138.0,138.0,2613.0
873701,2026-12-01,22,9,0.29,1236.0,136.2,137.3,321,9,30,137.0,136.0,1236.0
873701,2027-01-01,30,1,0.032,138.0,137.3,138.0,359,1,30,138.0,137.0,138.0
873701,2027-02-01,11,17,0.607,2241.0,132.2,131.8,311,52,30,132.0,132.0,2241.0
873701,2027-03-01,0,31,1.0,4099.0,132.2,132.2,,,30,132.0,132.0,4099.0
873701,2027-04-01,26,4,0.133,562.0,134.8,140.5,,,30,141.0,135.0,562.0
873701,2027-05-01,31,0,0.0,0.0,132.9,,,,30,,133.0,0.0
873701,2027-06-01,30,0,0.0,0.0,131.1,,,,30,,131.0,0.0
846854,2026-07-01,0,31,1.0,16515.0,532.7,532.7,136,15,30,533.0,533.0,16515.0
846854,2026-08-01,15,16,0.516,7902.0,500.5,493.9,311,39,30,494.0,501.0,7902.0
846854,2026-09-01,7,23,0.767,10864.0,471.2,472.3,,,30,472.0,471.0,10864.0
846854,2026-10-01,0,31,1.0,13709.0,442.2,442.2,297,33,30,442.0,442.0,13709.0
846854,2026-11-01,28,2,0.067,828.0,425.9,414.0,,,30,414.0,426.0,828.0
846854,2026-12-01,31,0,0.0,0.0,421.6,,,,30,,422.0,0.0
846854,2027-01-01,31,0,0.0,0.0,407.5,,,,30,,408.0,0.0
846854,2027-02-01,28,0,0.0,0.0,393.1,,,,30,,393.0,0.0
846854,2027-03-01,31,0,0.0,0.0,409.5,,,,30,,410.0,0.0
846854,2027-04-01,30,0,0.0,0.0,432.0,,,,30,,432.0,0.0
846854,2027-05-01,31,0,0.0,0.0,461.1,,,,30,,461.0,0.0
846854,2027-06-01,30,0,0.0,0.0,458.9,,,,,,459.0,0.0
24285,2026-07-01,0,31,1.0,7705.0,248.5,248.5,67,184,30,249.0,249.0,7705.0
24285,2026-08-01,0,31,1.0,7960.0,256.8,256.8,,,30,257.0,257.0,7960.0
24285,2026-09-01,0,30,1.0,7597.0,253.2,253.2,,,30,253.0,253.0,7597.0
24285,2026-10-01,0,31,1.0,7728.0,249.3,249.3,,,30,249.0,249.0,7728.0
24285,2026-11-01,0,30,1.0,7440.0,248.0,248.0,,,30,248.0,248.0,7440.0
24285,2026-12-01,0,31,1.0,7692.0,248.1,248.1,,,30,248.0,248.0,7692.0
24285,2027-01-01,31,0,0.0,0.0,247.4,,,,30,,247.0,0.0
24285,2027-02-01,28,0,0.0,0.0,251.6,,,,30,,252.0,0.0
24285,2027-03-01,31,0,0.0,0.0,248.4,,,,30,,248.0,0.0
24285,2027-04-01,30,0,0.0,0.0,253.4,,,,30,,253.0,0.0
24285,2027-05-01,31,0,0.0,0.0,253.8,,,,,,254.0,0.0
24285,2027-06-01,30,0,0.0,0.0,256.3,,,,,,256.0,0.0
218358,2026-07-01,0,31,1.0,2196.0,70.8,70.8,303,91,30,71.0,71.0,2196.0
218358,2026-08-01,0,31,1.0,2199.0,70.9,70.9,,,30,71.0,71.0,2199.0
218358,2026-09-01,1,29,0.967,2084.0,72.0,71.9,,,30,72.0,72.0,2084.0
218358,2026-10-01,31,0,0.0,0.0,72.3,,,,30,,72.0,0.0
218358,2026-11-01,30,0,0.0,0.0,72.2,,,,30,,72.0,0.0
218358,2026-12-01,31,0,0.0,0.0,71.8,,,,,,72.0,0.0
218358,2027-01-01,31,0,0.0,0.0,71.9,,,,,,72.0,0.0
218358,2027-02-01,28,0,0.0,0.0,71.8,,,,,,72.0,0.0
218358,2027-03-01,31,0,0.0,0.0,73.1,,,,,,73.0,0.0
218358,2027-04-01,30,0,0.0,0.0,73.1,,,,,,73.0,0.0
218358,2027-05-01,31,0,0.0,0.0,71.7,,,,,,72.0,0.0
218358,2027-06-01,30,0,0.0,0.0,70.8,,,,,,71.0,0.0
387666,2026-07-01,0,31,1.0,1880.0,60.6,60.6,24,61,30,61.0,61.0,1880.0
387666,2026-08-01,1,30,0.968,1794.0,59.7,59.8,,,30,60.0,60.0,1794.0
387666,2026-09-01,30,0,0.0,0.0,60.6,,,,30,,61.0,0.0
387666,2026-10-01,31,0,0.0,0.0,62.6,,,,30,,63.0,0.0
387666,2026-11-01,30,0,0.0,0.0,62.9,,,,30,,63.0,0.0
387666,2026-12-01,31,0,0.0,0.0,62.5,,,,30,,63.0,0.0
387666,2027-01-01,31,0,0.0,0.0,63.7,,,,30,,64.0,0.0
387666,2027-02-01,28,0,0.0,0.0,64.9,,,,30,,65.0,0.0
387666,2027-03-01,31,0,0.0,0.0,66.0,,,,30,,66.0,0.0
387666,2027-04-01,30,0,0.0,0.0,65.9,,,,30,,66.0,0.0
387666,2027-05-01,31,0,0.0,0.0,65.8,,,,30,,66.0,0.0
387666,2027-06-01,30,0,0.0,0.0,65.1,,,,30,,65.0,0.0
1534212,2026-07-01,31,0,0.0,0.0,120.7,,,,30,,121.0,0.0
1534212,2026-08-01,31,0,0.0,0.0,121.0,,,,30,,121.0,0.0
1534212,2026-09-01,30,0,0.0,0.0,125.1,,,,30,,125.0,0.0
1534212,2026-10-01,31,0,0.0,0.0,122.0,,,,30,,122.0,0.0
1534212,2026-11-01,30,0,0.0,0.0,123.2,,,,30,,123.0,0.0
1534212,2026-12-01,31,0,0.0,0.0,125.9,,,,30,,126.0,0.0
1534212,2027-01-01,31,0,0.0,0.0,126.2,,,,30,,126.0,0.0
1534212,2027-02-01,28,0,0.0,0.0,126.9,,,,,,127.0,0.0
1534212,2027-03-01,31,0,0.0,0.0,125.4,,,,,,125.0,0.0
1534212,2027-04-01,30,0,0.0,0.0,123.4,,,,,,123.0,0.0
1534212,2027-05-01,31,0,0.0,0.0,125.7,,,,,,126.0,0.0
1534212,2027-06-01,30,0,0.0,0.0,125.9,,,,,,126.0,0.0
100186,2026-07-01,0,31,1.0,4221.0,136.2,136.2,133,42,30,136.0,136.0,4221.0
100186,2026-08-01,0,31,1.0,4735.0,152.7,152.7,67,20,30,153.0,153.0,4735.0
100186,2026-09-01,30,0,0.0,0.0,153.2,,,,30,,153.0,0.0
100186,2026-10-01,31,0,0.0,0.0,156.2,,,,30,,156.0,0.0
100186,2026-11-01,30,0,0.0,0.0,150.1,,,,30,,150.0,0.0
100186,2026-12-01,31,0,0.0,0.0,147.7,,,,30,,148.0,0.0
100186,2027-01-01,31,0,0.0,0.0,147.7,,,,30,,148.0,0.0
100186,2027-02-01,28,0,0.0,0.0,148.3,,,,30,,148.0,0.0
100186,2027-03-01,31,0,0.0,0.0,148.6,,,,30,,149.0,0.0
100186,2027-04-01,30,0,0.0,0.0,148.0,,,,30,,148.0,0.0
100186,2027-05-01,31,0,0.0,0.0,147.7,,,,30,,148.0,0.0
100186,2027-06-01,30,0,0.0,0.0,148.3,,,,30,,148.0,0.0
227495,2026-07-01,0,31,1.0,5749.0,185.5,185.5,55,38,30,186.0,186.0,5749.0
227495,2026-08-01,24,7,0.226,1309.0,187.2,187.0,,,30,187.0,187.0,1309.0
227495,2026-09-01,30,0,0.0,0.0,187.0,,,,30,,187.0,0.0
227495,2026-10-01,31,0,0.0,0.0,190.1,,,,30,,190.0,0.0
227495,2026-11-01,30,0,0.0,0.0,189.0,,,,30,,189.0,0.0
227495,2026-12-01,31,0,0.0,0.0,188.5,,,,30,,189.0,0.0
227495,2027-01-01,31,0,0.0,0.0,188.0,,,,30,,188.0,0.0
227495,2027-02-01,28,0,0.0,0.0,187.4,,,,30,,187.0,0.0
227495,2027-03-01,31,0,0.0,0.0,189.6,,,,30,,190.0,0.0
227495,2027-04-01,30,0,0.0,0.0,189.7,,,,30,,190.0,0.0
227495,2027-05-01,31,0,0.0,0.0,189.8,,,,30,,190.0,0.0
227495,2027-06-01,30,0,0.0,0.0,188.6,,,,30,,189.0,0.0
29013,2026-07-01,0,31,1.0,2038.0,65.7,65.7,67,62,30,66.0,66.0,2038.0
29013,2026-08-01,0,31,1.0,2003.0,64.6,64.6,,,30,65.0,65.0,2003.0
29013,2026-09-01,30,0,0.0,0.0,70.9,,,,30,,71.0,0.0
29013,2026-10-01,31,0,0.0,0.0,67.9,,,,30,,68.0,0.0
29013,2026-11-01,30,0,0.0,0.0,71.5,,,,30,,72.0,0.0
29013,2026-12-01,31,0,0.0,0.0,70.8,,,,30,,71.0,0.0
29013,2027-01-01,31,0,0.0,0.0,69.9,,,,30,,70.0,0.0
29013,2027-02-01,28,0,0.0,0.0,70.0,,,,30,,70.0,0.0
29013,2027-03-01,31,0,0.0,0.0,71.9,,,,30,,72.0,0.0
29013,2027-04-01,30,0,0.0,0.0,79.9,,,,30,,80.0,0.0
29013,2027-05-01,31,0,0.0,0.0,79.2,,,,30,,79.0,0.0
29013,2027-06-01,30,0,0.0,0.0,77.8,,,,30,,78.0,0.0
162493,2026-07-01,10,21,0.677,12567.0,620.1,598.4,136,21,31,598.0,620.0,12567.0
162493,2026-08-01,31,0,0.0,0.0,716.8,,,,31,,717.0,0.0
162493,2026-09-01,30,0,0.0,0.0,742.4,,,,31,,742.0,0.0
162493,2026-10-01,31,0,0.0,0.0,757.5,,,,31,,758.0,0.0
162493,2026-11-01,30,0,0.0,0.0,745.9,,,,31,,746.0,0.0
162493,2026-12-01,31,0,0.0,0.0,738.2,,,,31,,738.0,0.0
162493,2027-01-01,31,0,0.0,0.0,736.4,,,,31,,736.0,0.0
162493,2027-02-01,28,0,0.0,0.0,724.5,,,,31,,725.0,0.0
162493,2027-03-01,31,0,0.0,0.0,722.0,,,,,,722.0,0.0
162493,2027-04-01,30,0,0.0,0.0,712.8,,,,,,713.0,0.0
162493,2027-05-01,31,0,0.0,0.0,705.9,,,,,,706.0,0.0
162493,2027-06-01,30,0,0.0,0.0,704.2,,,,,,704.0,0.0
666837,2026-07-01,3,28,0.903,4075.0,145.7,145.5,131,36,31,146.0,146.0,4075.0
666837,2026-08-01,16,15,0.484,2141.0,146.3,142.7,,,31,143.0,146.0,2141.0
666837,2026-09-01,30,0,0.0,0.0,146.2,,,,31,,146.0,0.0
666837,2026-10-01,31,0,0.0,0.0,149.3,,,,31,,149.0,0.0
666837,2026-11-01,30,0,0.0,0.0,149.0,,,,31,,149.0,0.0
666837,2026-12-01,31,0,0.0,0.0,146.7,,,,31,,147.0,0.0
666837,2027-01-01,31,0,0.0,0.0,146.2,,,,31,,146.0,0.0
666837,2027-02-01,28,0,0.0,0.0,148.5,,,,31,,149.0,0.0
666837,2027-03-01,31,0,0.0,0.0,148.5,,,,31,,149.0,0.0
666837,2027-04-01,30,0,0.0,0.0,147.6,,,,31,,148.0,0.0
666837,2027-05-01,31,0,0.0,0.0,147.4,,,,,,147.0,0.0
666837,2027-06-01,30,0,0.0,0.0,145.7,,,,,,146.0,0.0
46911,2026-07-01,10,21,0.677,2020.0,94.6,96.2,156,28,14,96.0,95.0,2020.0
46911,2026-08-01,12,19,0.613,1992.0,104.3,104.8,84,21,14,105.0,104.0,1992.0
46911,2026-09-01,13,17,0.567,1869.0,109.1,109.9,198,11,14,110.0,109.0,1869.0
46911,2026-10-01,4,27,0.871,2981.0,110.4,110.4,151,28,14,110.0,110.0,2981.0
46911,2026-11-01,26,4,0.133,443.0,110.5,110.8,,,14,111.0,111.0,443.0
46911,2026-12-01,2,29,0.935,3101.0,106.8,106.9,157,29,14,107.0,107.0,3101.0
46911,2027-01-01,31,0,0.0,0.0,101.4,,,,14,,101.0,0.0
46911,2027-02-01,28,0,0.0,0.0,103.5,,,,14,,104.0,0.0
46911,2027-03-01,31,0,0.0,0.0,109.3,,,,14,,109.0,0.0
46911,2027-04-01,30,0,0.0,0.0,111.0,,,,14,,111.0,0.0
46911,2027-05-01,31,0,0.0,0.0,114.3,,,,14,,114.0,0.0
46911,2027-06-01,30,0,0.0,0.0,116.9,,,,14,,117.0,0.0
927408,2026-07-01,0,31,1.0,3003.0,96.9,96.9,105,125,30,97.0,97.0,3003.0
927408,2026-08-01,0,31,1.0,2971.0,95.8,95.8,,,30,96.0,96.0,2971.0
927408,2026-09-01,0,30,1.0,2907.0,96.9,96.9,,,30,97.0,97.0,2907.0
927408,2026-10-01,0,31,1.0,2753.0,88.8,88.8,,,30,89.0,89.0,2753.0
927408,2026-11-01,28,2,0.067,153.0,78.3,76.5,,,30,77.0,78.0,153.0
927408,2026-12-01,31,0,0.0,0.0,79.0,,,,30,,79.0,0.0
927408,2027-01-01,31,0,0.0,0.0,77.3,,,,30,,77.0,0.0
927408,2027-02-01,28,0,0.0,0.0,77.2,,,,30,,77.0,0.0
927408,2027-03-01,31,0,0.0,0.0,79.9,,,,30,,80.0,0.0
927408,2027-04-01,30,0,0.0,0.0,79.7,,,,30,,80.0,0.0
927408,2027-05-01,31,0,0.0,0.0,81.9,,,,30,,82.0,0.0
927408,2027-06-01,30,0,0.0,0.0,85.5,,,,30,,86.0,0.0
23545,2026-07-01,31,0,0.0,0.0,212.5,,,,30,,213.0,0.0
23545,2026-08-01,31,0,0.0,0.0,217.6,,,,30,,218.0,0.0
23545,2026-09-01,30,0,0.0,0.0,218.3,,,,30,,218.0,0.0
23545,2026-10-01,31,0,0.0,0.0,211.1,,,,30,,211.0,0.0
23545,2026-11-01,30,0,0.0,0.0,211.9,,,,30,,212.0,0.0
23545,2026-12-01,31,0,0.0,0.0,211.2,,,,30,,211.0,0.0
23545,2027-01-01,31,0,0.0,0.0,210.3,,,,30,,210.0,0.0
23545,2027-02-01,28,0,0.0,0.0,209.9,,,,30,,210.0,0.0
23545,2027-03-01,31,0,0.0,0.0,210.8,,,,30,,211.0,0.0
23545,2027-04-01,30,0,0.0,0.0,210.7,,,,30,,211.0,0.0
23545,2027-05-01,31,0,0.0,0.0,209.3,,,,30,,209.0,0.0
23545,2027-06-01,30,0,0.0,0.0,211.2,,,,30,,211.0,0.0
113265,2026-07-01,5,26,0.839,1673.0,63.8,64.3,49,26,30,64.0,64.0,1673.0
113265,2026-08-01,31,0,0.0,0.0,61.7,,,,30,,62.0,0.0
113265,2026-09-01,30,0,0.0,0.0,60.8,,,,30,,61.0,0.0
113265,2026-10-01,31,0,0.0,0.0,60.1,,,,30,,60.0,0.0
113265,2026-11-01,30,0,0.0,0.0,60.3,,,,30,,60.0,0.0
113265,2026-12-01,31,0,0.0,0.0,60.3,,,,30,,60.0,0.0
113265,2027-01-01,31,0,0.0,0.0,60.5,,,,30,,61.0,0.0
113265,2027-02-01,28,0,0.0,0.0,60.6,,,,30,,61.0,0.0
113265,2027-03-01,31,0,0.0,0.0,62.9,,,,30,,63.0,0.0
113265,2027-04-01,30,0,0.0,0.0,61.1,,,,30,,61.0,0.0
113265,2027-05-01,31,0,0.0,0.0,59.5,,,,30,,60.0,0.0
113265,2027-06-01,30,0,0.0,0.0,58.0,,,,30,,58.0,0.0
1042806,2026-07-01,10,21,0.677,2591.0,124.6,123.4,60,3,2,123.0,125.0,2591.0
1042806,2026-08-01,21,10,0.323,1250.0,128.6,125.0,74,6,2,125.0,129.0,1250.0
1042806,2026-09-01,15,15,0.5,1874.0,127.6,124.9,73,6,2,125.0,128.0,1874.0
1042806,2026-10-01,28,3,0.097,393.0,127.1,131.0,96,3,2,131.0,127.0,393.0
1042806,2026-11-01,30,0,0.0,0.0,124.1,,,,2,,124.0,0.0
1042806,2026-12-01,31,0,0.0,0.0,122.1,,,,2,,122.0,0.0
1042806,2027-01-01,31,0,0.0,0.0,121.3,,,,2,,121.0,0.0
1042806,2027-02-01,28,0,0.0,0.0,121.0,,,,2,,121.0,0.0
1042806,2027-03-01,31,0,0.0,0.0,120.5,,,,2,,121.0,0.0
1042806,2027-04-01,30,0,0.0,0.0,122.3,,,,2,,122.0,0.0
1042806,2027-05-01,31,0,0.0,0.0,123.8,,,,2,,124.0,0.0
1042806,2027-06-01,30,0,0.0,0.0,123.7,,,,2,,124.0,0.0
65660,2026-07-01,1,30,0.968,2792.0,93.1,93.1,19,30,30,93.0,93.0,2792.0
65660,2026-08-01,0,31,1.0,2842.0,91.7,91.7,50,64,30,92.0,92.0,2842.0
65660,2026-09-01,0,30,1.0,2720.0,90.7,90.7,,,30,91.0,91.0,2720.0
65660,2026-10-01,28,3,0.097,271.0,93.3,90.3,,,30,90.0,93.0,271.0
65660,2026-11-01,30,0,0.0,0.0,92.6,,,,30,,93.0,0.0
65660,2026-12-01,31,0,0.0,0.0,91.6,,,,30,,92.0,0.0
65660,2027-01-01,31,0,0.0,0.0,91.7,,,,30,,92.0,0.0
65660,2027-02-01,28,0,0.0,0.0,90.8,,,,30,,91.0,0.0
65660,2027-03-01,31,0,0.0,0.0,91.0,,,,30,,91.0,0.0
65660,2027-04-01,30,0,0.0,0.0,91.5,,,,30,,92.0,0.0
65660,2027-05-01,31,0,0.0,0.0,91.3,,,,30,,91.0,0.0
65660,2027-06-01,30,0,0.0,0.0,91.0,,,,30,,91.0,0.0
819228,2026-07-01,10,21,0.677,1765.0,84.4,84.0,,,30,84.0,84.0,1765.0
819228,2026-08-01,31,0,0.0,0.0,86.2,,,,30,,86.0,0.0
819228,2026-09-01,2,28,0.933,2353.0,84.1,84.0,83,107,30,84.0,84.0,2353.0
819228,2026-10-01,0,31,1.0,2618.0,84.5,84.5,,,30,85.0,85.0,2618.0
819228,2026-11-01,0,30,1.0,2545.0,84.8,84.8,,,30,85.0,85.0,2545.0
819228,2026-12-01,13,18,0.581,1514.0,83.5,84.1,,,30,84.0,84.0,1514.0
819228,2027-01-01,31,0,0.0,0.0,86.5,,,,30,,87.0,0.0
819228,2027-02-01,28,0,0.0,0.0,86.5,,,,30,,87.0,0.0
819228,2027-03-01,31,0,0.0,0.0,84.5,,,,30,,85.0,0.0
819228,2027-04-01,30,0,0.0,0.0,84.4,,,,30,,84.0,0.0
819228,2027-05-01,31,0,0.0,0.0,84.3,,,,30,,84.0,0.0
819228,2027-06-01,30,0,0.0,0.0,84.8,,,,30,,85.0,0.0
272026,2026-07-01,0,31,1.0,2716.0,87.6,87.6,19,62,30,88.0,88.0,2716.0
272026,2026-08-01,0,31,1.0,2727.0,88.0,88.0,,,30,88.0,88.0,2727.0
272026,2026-09-01,30,0,0.0,0.0,92.6,,,,30,,93.0,0.0
272026,2026-10-01,31,0,0.0,0.0,93.0,,,,30,,93.0,0.0
272026,2026-11-01,30,0,0.0,0.0,92.4,,,,30,,92.0,0.0
272026,2026-12-01,31,0,0.0,0.0,90.9,,,,30,,91.0,0.0
272026,2027-01-01,31,0,0.0,0.0,90.4,,,,30,,90.0,0.0
272026,2027-02-01,28,0,0.0,0.0,90.2,,,,30,,90.0,0.0
272026,2027-03-01,31,0,0.0,0.0,90.9,,,,30,,91.0,0.0
272026,2027-04-01,30,0,0.0,0.0,91.5,,,,30,,92.0,0.0
272026,2027-05-01,31,0,0.0,0.0,93.7,,,,30,,94.0,0.0
272026,2027-06-01,30,0,0.0,0.0,91.6,,,,30,,92.0,0.0
437352,2026-07-01,31,0,0.0,0.0,144.6,,,,74,,145.0,0.0
437352,2026-08-01,31,0,0.0,0.0,139.7,,,,74,,140.0,0.0
437352,2026-09-01,30,0,0.0,0.0,138.4,,,,74,,138.0,0.0
437352,2026-10-01,31,0,0.0,0.0,138.0,,,,74,,138.0,0.0
437352,2026-11-01,30,0,0.0,0.0,141.2,,,,74,,141.0,0.0
437352,2026-12-01,31,0,0.0,0.0,139.2,,,,74,,139.0,0.0
437352,2027-01-01,31,0,0.0,0.0,140.6,,,,74,,141.0,0.0
437352,2027-02-01,28,0,0.0,0.0,142.5,,,,74,,143.0,0.0
437352,2027-03-01,31,0,0.0,0.0,141.1,,,,74,,141.0,0.0
437352,2027-04-01,30,0,0.0,0.0,140.4,,,,74,,140.0,0.0
437352,2027-05-01,31,0,0.0,0.0,139.9,,,,74,,140.0,0.0
437352,2027-06-01,30,0,0.0,0.0,141.4,,,,,,141.0,0.0
463042,2026-07-01,27,4,0.129,949.0,237.5,237.2,,,30,237.0,238.0,949.0
463042,2026-08-01,31,0,0.0,0.0,246.5,,,,30,,247.0,0.0
463042,2026-09-01,30,0,0.0,0.0,240.4,,,,30,,240.0,0.0
463042,2026-10-01,31,0,0.0,0.0,238.6,,,,30,,239.0,0.0
463042,2026-11-01,30,0,0.0,0.0,241.9,,,,30,,242.0,0.0
463042,2026-12-01,31,0,0.0,0.0,240.7,,,,30,,241.0,0.0
463042,2027-01-01,31,0,0.0,0.0,241.2,,,,30,,241.0,0.0
463042,2027-02-01,28,0,0.0,0.0,241.8,,,,30,,242.0,0.0
463042,2027-03-01,31,0,0.0,0.0,241.4,,,,30,,241.0,0.0
463042,2027-04-01,30,0,0.0,0.0,241.8,,,,30,,242.0,0.0
463042,2027-05-01,31,0,0.0,0.0,242.9,,,,30,,243.0,0.0
463042,2027-06-01,30,0,0.0,0.0,241.9,,,,30,,242.0,0.0
115535,2026-07-01,0,31,1.0,1391.0,44.9,44.9,,,30,45.0,45.0,1391.0
115535,2026-08-01,0,31,1.0,1380.0,44.5,44.5,,,30,45.0,45.0,1380.0
115535,2026-09-01,0,30,1.0,1352.0,45.1,45.1,,,30,45.0,45.0,1352.0
115535,2026-10-01,0,31,1.0,1372.0,44.3,44.3,,,30,44.0,44.0,1372.0
115535,2026-11-01,0,30,1.0,1342.0,44.7,44.7,,,30,45.0,45.0,1342.0
115535,2026-12-01,0,31,1.0,1356.0,43.7,43.7,,,30,44.0,44.0,1356.0
115535,2027-01-01,0,31,1.0,1355.0,43.7,43.7,,,30,44.0,44.0,1355.0
115535,2027-02-01,0,28,1.0,1217.0,43.5,43.5,,,30,44.0,44.0,1217.0
115535,2027-03-01,15,16,0.516,710.0,45.4,44.4,,,30,44.0,45.0,710.0
115535,2027-04-01,30,0,0.0,0.0,46.0,,,,30,,46.0,0.0
115535,2027-05-01,31,0,0.0,0.0,45.8,,,,30,,46.0,0.0
115535,2027-06-01,30,0,0.0,0.0,44.9,,,,30,,45.0,0.0
439870,2026-07-01,31,0,0.0,0.0,465.0,,,,39,,465.0,0.0
439870,2026-08-01,31,0,0.0,0.0,472.4,,,,45,,472.0,0.0
439870,2026-09-01,30,0,0.0,0.0,475.4,,,,45,,475.0,0.0
439870,2026-10-01,31,0,0.0,0.0,476.4,,,,45,,476.0,0.0
439870,2026-11-01,30,0,0.0,0.0,477.6,,,,45,,478.0,0.0
439870,2026-12-01,31,0,0.0,0.0,478.7,,,,45,,479.0,0.0
439870,2027-01-01,31,0,0.0,0.0,472.6,,,,45,,473.0,0.0
439870,2027-02-01,28,0,0.0,0.0,473.9,,,,45,,474.0,0.0
439870,2027-03-01,31,0,0.0,0.0,474.1,,,,45,,474.0,0.0
439870,2027-04-01,30,0,0.0,0.0,472.8,,,,45,,473.0,0.0
439870,2027-05-01,31,0,0.0,0.0,472.7,,,,45,,473.0,0.0
439870,2027-06-01,30,0,0.0,0.0,477.7,,,,45,,478.0,0.0
170761,2026-07-01,4,27,0.871,4666.0,168.3,172.8,83,4,2,173.0,168.0,4666.0
170761,2026-08-01,16,15,0.484,2173.0,144.4,144.9,136,9,2,145.0,144.0,2173.0
170761,2026-09-01,12,18,0.6,2638.0,145.2,146.6,152,2,2,147.0,145.0,2638.0
170761,2026-10-01,7,24,0.774,3447.0,143.9,143.6,167,4,2,144.0,144.0,3447.0
170761,2026-11-01,25,5,0.167,737.0,146.0,147.4,255,1,2,147.0,146.0,737.0
170761,2026-12-01,27,4,0.129,590.0,150.8,147.5,179,4,2,148.0,151.0,590.0
170761,2027-01-01,31,0,0.0,0.0,148.9,,,,2,,149.0,0.0
170761,2027-02-01,28,0,0.0,0.0,144.0,,,,2,,144.0,0.0
170761,2027-03-01,31,0,0.0,0.0,148.0,,,,2,,148.0,0.0
170761,2027-04-01,30,0,0.0,0.0,154.6,,,,2,,155.0,0.0
170761,2027-05-01,31,0,0.0,0.0,155.6,,,,2,,156.0,0.0
170761,2027-06-01,30,0,0.0,0.0,153.0,,,,2,,153.0,0.0
1251681,2026-07-01,20,11,0.355,1884.0,169.8,171.3,26,5,4,171.0,170.0,1884.0
1251681,2026-08-01,25,6,0.194,1039.0,171.6,173.2,52,6,4,173.0,172.0,1039.0
1251681,2026-09-01,30,0,0.0,0.0,164.5,,,,4,,165.0,0.0
1251681,2026-10-01,31,0,0.0,0.0,162.5,,,,4,,163.0,0.0
1251681,2026-11-01,30,0,0.0,0.0,167.7,,,,4,,168.0,0.0
1251681,2026-12-01,31,0,0.0,0.0,174.3,,,,4,,174.0,0.0
1251681,2027-01-01,31,0,0.0,0.0,180.6,,,,4,,181.0,0.0
1251681,2027-02-01,28,0,0.0,0.0,175.2,,,,4,,175.0,0.0
1251681,2027-03-01,31,0,0.0,0.0,174.5,,,,4,,175.0,0.0
1251681,2027-04-01,30,0,0.0,0.0,174.9,,,,4,,175.0,0.0
1251681,2027-05-01,31,0,0.0,0.0,176.0,,,,4,,176.0,0.0
1251681,2027-06-01,30,0,0.0,0.0,175.5,,,,4,,176.0,0.0
453094,2026-07-01,16,15,0.484,2060.0,142.2,137.3,149,2,2,137.0,142.0,2060.0
453094,2026-08-01,20,11,0.355,1651.0,160.3,150.1,144,5,2,150.0,160.0,1651.0
453094,2026-09-01,6,24,0.8,3284.0,141.2,136.8,159,4,2,137.0,141.0,3284.0
453094,2026-10-01,9,22,0.71,3018.0,135.5,137.2,184,4,2,137.0,136.0,3018.0
453094,2026-11-01,20,10,0.333,1336.0,133.3,133.6,187,5,2,134.0,133.0,1336.0
453094,2026-12-01,27,4,0.129,564.0,139.8,141.0,187,4,2,141.0,140.0,564.0
453094,2027-01-01,31,0,0.0,0.0,130.9,,,,2,,131.0,0.0
453094,2027-02-01,28,0,0.0,0.0,131.3,,,,2,,131.0,0.0
453094,2027-03-01,31,0,0.0,0.0,132.6,,,,2,,133.0,0.0
453094,2027-04-01,30,0,0.0,0.0,132.8,,,,2,,133.0,0.0
453094,2027-05-01,31,0,0.0,0.0,137.5,,,,2,,138.0,0.0
453094,2027-06-01,30,0,0.0,0.0,142.5,,,,2,,143.0,0.0
978386,2026-07-01,12,19,0.613,1755.0,92.0,92.4,90,19,30,92.0,92.0,1755.0
978386,2026-08-01,31,0,0.0,0.0,92.1,,,,30,,92.0,0.0
978386,2026-09-01,30,0,0.0,0.0,92.0,,,,30,,92.0,0.0
978386,2026-10-01,31,0,0.0,0.0,90.8,,,,30,,91.0,0.0
978386,2026-11-01,30,0,0.0,0.0,90.0,,,,30,,90.0,0.0
978386,2026-12-01,31,0,0.0,0.0,89.3,,,,30,,89.0,0.0
978386,2027-01-01,31,0,0.0,0.0,88.8,,,,30,,89.0,0.0
978386,2027-02-01,28,0,0.0,0.0,88.3,,,,30,,88.0,0.0
978386,2027-03-01,31,0,0.0,0.0,88.9,,,,30,,89.0,0.0
978386,2027-04-01,30,0,0.0,0.0,89.0,,,,30,,89.0,0.0
978386,2027-05-01,31,0,0.0,0.0,88.6,,,,,,89.0,0.0
978386,2027-06-01,30,0,0.0,0.0,88.3,,,,,,88.0,0.0
267652,2026-07-01,0,31,1.0,2676.0,86.3,86.3,106,15,30,86.0,86.0,2676.0
267652,2026-08-01,2,29,0.935,2344.0,80.8,80.8,91,151,30,81.0,81.0,2344.0
267652,2026-09-01,0,30,1.0,2342.0,78.1,78.1,,,30,78.0,78.0,2342.0
267652,2026-10-01,0,31,1.0,2443.0,78.8,78.8,,,30,79.0,79.0,2443.0
267652,2026-11-01,0,30,1.0,2425.0,80.8,80.8,,,30,81.0,81.0,2425.0
267652,2026-12-01,0,31,1.0,2488.0,80.3,80.3,,,30,80.0,80.0,2488.0
267652,2027-01-01,31,0,0.0,0.0,81.1,,,,30,,81.0,0.0
267652,2027-02-01,28,0,0.0,0.0,81.9,,,,30,,82.0,0.0
267652,2027-03-01,31,0,0.0,0.0,81.7,,,,30,,82.0,0.0
267652,2027-04-01,30,0,0.0,0.0,81.0,,,,30,,81.0,0.0
267652,2027-05-01,31,0,0.0,0.0,80.6,,,,30,,81.0,0.0
267652,2027-06-01,30,0,0.0,0.0,82.2,,,,30,,82.0,0.0
209310,2026-07-01,31,0,0.0,0.0,68.0,,,,30,,68.0,0.0
209310,2026-08-01,31,0,0.0,0.0,66.0,,,,30,,66.0,0.0
209310,2026-09-01,30,0,0.0,0.0,68.7,,,,30,,69.0,0.0
209310,2026-10-01,31,0,0.0,0.0,69.4,,,,30,,69.0,0.0
209310,2026-11-01,30,0,0.0,0.0,69.5,,,,,,70.0,0.0
209310,2026-12-01,31,0,0.0,0.0,69.8,,,,,,70.0,0.0
209310,2027-01-01,31,0,0.0,0.0,69.1,,,,,,69.0,0.0
209310,2027-02-01,28,0,0.0,0.0,70.1,,,,,,70.0,0.0
209310,2027-03-01,31,0,0.0,0.0,71.4,,,,,,71.0,0.0
209310,2027-04-01,30,0,0.0,0.0,71.2,,,,,,71.0,0.0
209310,2027-05-01,31,0,0.0,0.0,71.5,,,,,,72.0,0.0
209310,2027-06-01,30,0,0.0,0.0,70.4,,,,,,70.0,0.0
1101224,2026-07-01,1,30,0.968,4989.0,166.5,166.3,124,30,30,166.0,167.0,4989.0
1101224,2026-08-01,0,31,1.0,5071.0,163.6,163.6,104,58,30,164.0,164.0,5071.0
1101224,2026-09-01,3,27,0.9,4413.0,163.1,163.4,,,30,163.0,163.0,4413.0
1101224,2026-10-01,31,0,0.0,0.0,154.1,,,,30,,154.0,0.0
1101224,2026-11-01,30,0,0.0,0.0,155.2,,,,30,,155.0,0.0
1101224,2026-12-01,31,0,0.0,0.0,154.6,,,,30,,155.0,0.0
1101224,2027-01-01,31,0,0.0,0.0,163.5,,,,30,,164.0,0.0
1101224,2027-02-01,28,0,0.0,0.0,164.4,,,,30,,164.0,0.0
1101224,2027-03-01,31,0,0.0,0.0,162.5,,,,30,,163.0,0.0
1101224,2027-04-01,30,0,0.0,0.0,161.5,,,,30,,162.0,0.0
1101224,2027-05-01,31,0,0.0,0.0,161.8,,,,30,,162.0,0.0
1101224,2027-06-01,30,0,0.0,0.0,164.2,,,,30,,164.0,0.0
94783,2026-07-01,4,27,0.871,5518.0,206.5,204.4,107,5,7,204.0,207.0,5518.0
94783,2026-08-01,17,14,0.452,2982.0,217.2,213.0,67,14,7,213.0,217.0,2982.0
94783,2026-09-01,10,20,0.667,4371.0,218.6,218.6,111,6,6,219.0,219.0,4371.0
94783,2026-10-01,5,26,0.839,5657.0,217.5,217.6,102,26,7,218.0,218.0,5657.0
94783,2026-11-01,19,11,0.367,2363.0,216.8,214.8,288,11,7,215.0,217.0,2363.0
94783,2026-12-01,31,0,0.0,0.0,219.6,,,,7,,220.0,0.0
94783,2027-01-01,27,4,0.129,898.0,221.1,224.5,340,4,7,225.0,221.0,898.0
94783,2027-02-01,28,0,0.0,0.0,224.2,,,,7,,224.0,0.0
94783,2027-03-01,31,0,0.0,0.0,217.7,,,,7,,218.0,0.0
94783,2027-04-01,30,0,0.0,0.0,211.7,,,,7,,212.0,0.0
94783,2027-05-01,31,0,0.0,0.0,210.6,,,,7,,211.0,0.0
94783,2027-06-01,30,0,0.0,0.0,211.0,,,,7,,211.0,0.0
179670,2026-07-01,31,0,0.0,0.0,183.5,,,,30,,184.0,0.0
179670,2026-08-01,31,0,0.0,0.0,186.9,,,,30,,187.0,0.0
179670,2026-09-01,30,0,0.0,0.0,179.5,,,,30,,180.0,0.0
179670,2026-10-01,31,0,0.0,0.0,180.0,,,,30,,180.0,0.0
179670,2026-11-01,30,0,0.0,0.0,179.1,,,,30,,179.0,0.0
179670,2026-12-01,31,0,0.0,0.0,180.0,,,,30,,180.0,0.0
179670,2027-01-01,31,0,0.0,0.0,180.4,,,,30,,180.0,0.0
179670,2027-02-01,28,0,0.0,0.0,180.6,,,,30,,181.0,0.0
179670,2027-03-01,31,0,0.0,0.0,179.3,,,,30,,179.0,0.0
179670,2027-04-01,30,0,0.0,0.0,179.9,,,,30,,180.0,0.0
179670,2027-05-01,31,0,0.0,0.0,182.1,,,,30,,182.0,0.0
179670,2027-06-01,30,0,0.0,0.0,181.4,,,,30,,181.0,0.0
699472,2026-07-01,0,31,1.0,8386.0,270.5,270.5,76,16,3,271.0,271.0,8386.0
699472,2026-08-01,28,3,0.097,820.0,271.1,273.3,,,3,273.0,271.0,820.0
699472,2026-09-01,30,0,0.0,0.0,266.2,,,,3,,266.0,0.0
699472,2026-10-01,31,0,0.0,0.0,266.9,,,,3,,267.0,0.0
699472,2026-11-01,30,0,0.0,0.0,265.7,,,,3,,266.0,0.0
699472,2026-12-01,31,0,0.0,0.0,265.2,,,,3,,265.0,0.0
699472,2027-01-01,19,12,0.387,3103.0,257.3,258.6,362,12,3,259.0,257.0,3103.0
699472,2027-02-01,28,0,0.0,0.0,273.8,,,,3,,274.0,0.0
699472,2027-03-01,31,0,0.0,0.0,275.1,,,,3,,275.0,0.0
699472,2027-04-01,30,0,0.0,0.0,265.3,,,,3,,265.0,0.0
699472,2027-05-01,31,0,0.0,0.0,258.8,,,,3,,259.0,0.0
699472,2027-06-01,30,0,0.0,0.0,274.2,,,,3,,274.0,0.0
1461965,2026-07-01,0,31,1.0,1969.0,63.5,63.5,175,38,30,64.0,64.0,1969.0
1461965,2026-08-01,23,8,0.258,488.0,67.6,61.0,153,1,30,61.0,68.0,488.0
1461965,2026-09-01,30,0,0.0,0.0,79.6,,,,30,,80.0,0.0
1461965,2026-10-01,31,0,0.0,0.0,74.0,,,,30,,74.0,0.0
1461965,2026-11-01,30,0,0.0,0.0,69.6,,,,30,,70.0,0.0
1461965,2026-12-01,31,0,0.0,0.0,71.1,,,,30,,71.0,0.0
1461965,2027-01-01,31,0,0.0,0.0,57.7,,,,30,,58.0,0.0
1461965,2027-02-01,28,0,0.0,0.0,66.6,,,,30,,67.0,0.0
1461965,2027-03-01,31,0,0.0,0.0,75.3,,,,30,,75.0,0.0
1461965,2027-04-01,3,27,0.9,1988.0,73.6,73.6,302,27,30,74.0,74.0,1988.0
1461965,2027-05-01,31,0,0.0,0.0,73.6,,,,30,,74.0,0.0
1461965,2027-06-01,30,0,0.0,0.0,73.2,,,,30,,73.0,0.0
819206,2026-07-01,12,19,0.613,835.0,43.6,43.9,40,19,30,44.0,44.0,835.0
819206,2026-08-01,13,18,0.581,811.0,44.5,45.1,54,122,30,45.0,45.0,811.0
819206,2026-09-01,0,30,1.0,1419.0,47.3,47.3,,,30,47.0,47.0,1419.0
819206,2026-10-01,0,31,1.0,1401.0,45.2,45.2,,,30,45.0,45.0,1401.0
819206,2026-11-01,0,30,1.0,1343.0,44.8,44.8,,,30,45.0,45.0,1343.0
819206,2026-12-01,18,13,0.419,607.0,44.7,46.7,,,30,47.0,45.0,607.0
819206,2027-01-01,31,0,0.0,0.0,43.6,,,,30,,44.0,0.0
819206,2027-02-01,28,0,0.0,0.0,43.4,,,,30,,43.0,0.0
819206,2027-03-01,31,0,0.0,0.0,44.3,,,,30,,44.0,0.0
819206,2027-04-01,30,0,0.0,0.0,44.5,,,,30,,45.0,0.0
819206,2027-05-01,31,0,0.0,0.0,44.0,,,,30,,44.0,0.0
819206,2027-06-01,30,0,0.0,0.0,45.0,,,,30,,45.0,0.0
530576,2026-07-01,0,31,1.0,3736.0,120.5,120.5,46,33,30,121.0,121.0,3736.0
530576,2026-08-01,29,2,0.065,227.0,119.1,113.5,,,30,114.0,119.0,227.0
530576,2026-09-01,30,0,0.0,0.0,118.7,,,,30,,119.0,0.0
530576,2026-10-01,31,0,0.0,0.0,117.7,,,,30,,118.0,0.0
530576,2026-11-01,30,0,0.0,0.0,117.0,,,,30,,117.0,0.0
530576,2026-12-01,31,0,0.0,0.0,118.7,,,,30,,119.0,0.0
530576,2027-01-01,31,0,0.0,0.0,115.5,,,,30,,116.0,0.0
530576,2027-02-01,28,0,0.0,0.0,115.1,,,,30,,115.0,0.0
530576,2027-03-01,31,0,0.0,0.0,114.8,,,,30,,115.0,0.0
530576,2027-04-01,30,0,0.0,0.0,115.1,,,,30,,115.0,0.0
530576,2027-05-01,31,0,0.0,0.0,117.9,,,,30,,118.0,0.0
530576,2027-06-01,30,0,0.0,0.0,117.8,,,,,,118.0,0.0
753622,2026-07-01,0,31,1.0,3541.0,114.2,114.2,34,46,30,114.0,114.0,3541.0
753622,2026-08-01,16,15,0.484,1843.0,124.0,122.9,,,30,123.0,124.0,1843.0
753622,2026-09-01,30,0,0.0,0.0,123.1,,,,30,,123.0,0.0
753622,2026-10-01,31,0,0.0,0.0,118.3,,,,30,,118.0,0.0
753622,2026-11-01,30,0,0.0,0.0,115.6,,,,30,,116.0,0.0
753622,2026-12-01,31,0,0.0,0.0,107.1,,,,30,,107.0,0.0
753622,2027-01-01,31,0,0.0,0.0,101.6,,,,30,,102.0,0.0
753622,2027-02-01,28,0,0.0,0.0,109.0,,,,30,,109.0,0.0
753622,2027-03-01,31,0,0.0,0.0,111.4,,,,30,,111.0,0.0
753622,2027-04-01,30,0,0.0,0.0,112.6,,,,30,,113.0,0.0
753622,2027-05-01,31,0,0.0,0.0,120.1,,,,30,,120.0,0.0
753622,2027-06-01,30,0,0.0,0.0,119.3,,,,30,,119.0,0.0
16821,2026-07-01,28,3,0.097,820.0,262.8,273.3,43,1,1,273.0,263.0,820.0
16821,2026-08-01,26,5,0.161,1354.0,257.0,270.8,65,5,1,271.0,257.0,1354.0
16821,2026-09-01,30,0,0.0,0.0,236.6,,,,1,,237.0,0.0
16821,2026-10-01,31,0,0.0,0.0,233.3,,,,1,,233.0,0.0
16821,2026-11-01,30,0,0.0,0.0,229.6,,,,1,,230.0,0.0
16821,2026-12-01,31,0,0.0,0.0,225.3,,,,1,,225.0,0.0
16821,2027-01-01,31,0,0.0,0.0,228.0,,,,1,,228.0,0.0
16821,2027-02-01,28,0,0.0,0.0,225.6,,,,1,,226.0,0.0
16821,2027-03-01,31,0,0.0,0.0,225.5,,,,1,,226.0,0.0
16821,2027-04-01,30,0,0.0,0.0,229.4,,,,1,,229.0,0.0
16821,2027-05-01,31,0,0.0,0.0,238.8,,,,1,,239.0,0.0
16821,2027-06-01,30,0,0.0,0.0,239.8,,,,1,,240.0,0.0
106363,2026-07-01,0,31,1.0,1924.0,62.1,62.1,,,30,62.0,62.0,1924.0
106363,2026-08-01,8,23,0.742,1490.0,64.4,64.8,,,30,65.0,64.0,1490.0
106363,2026-09-01,9,21,0.7,1358.0,65.0,64.7,311,21,30,65.0,65.0,1358.0
106363,2026-10-01,31,0,0.0,0.0,69.8,,,,30,,70.0,0.0
106363,2026-11-01,30,0,0.0,0.0,64.6,,,,30,,65.0,0.0
106363,2026-12-01,3,28,0.903,1793.0,63.9,64.0,302,28,30,64.0,64.0,1793.0
106363,2027-01-01,31,0,0.0,0.0,62.9,,,,30,,63.0,0.0
106363,2027-02-01,28,0,0.0,0.0,62.1,,,,30,,62.0,0.0
106363,2027-03-01,10,21,0.677,1365.0,64.4,65.0,337,21,30,65.0,64.0,1365.0
106363,2027-04-01,30,0,0.0,0.0,67.6,,,,30,,68.0,0.0
106363,2027-05-01,31,0,0.0,0.0,64.9,,,,30,,65.0,0.0
106363,2027-06-01,9,21,0.7,1351.0,64.4,64.3,368,21,30,64.0,64.0,1351.0
854396,2026-07-01,0,31,1.0,1351.0,43.6,43.6,,,30,44.0,44.0,1351.0
854396,2026-08-01,0,31,1.0,1362.0,43.9,43.9,,,30,44.0,44.0,1362.0
854396,2026-09-01,1,29,0.967,1301.0,44.9,44.9,,,30,45.0,45.0,1301.0
854396,2026-10-01,31,0,0.0,0.0,46.6,,,,30,,47.0,0.0
854396,2026-11-01,30,0,0.0,0.0,46.0,,,,30,,46.0,0.0
854396,2026-12-01,31,0,0.0,0.0,45.6,,,,30,,46.0,0.0
854396,2027-01-01,31,0,0.0,0.0,45.0,,,,30,,45.0,0.0
854396,2027-02-01,28,0,0.0,0.0,44.9,,,,30,,45.0,0.0
854396,2027-03-01,31,0,0.0,0.0,45.4,,,,30,,45.0,0.0
854396,2027-04-01,30,0,0.0,0.0,45.3,,,,30,,45.0,0.0
854396,2027-05-01,31,0,0.0,0.0,45.5,,,,30,,46.0,0.0
854396,2027-06-01,30,0,0.0,0.0,44.4,,,,30,,44.0,0.0
973535,2026-07-01,17,14,0.452,1494.0,109.0,106.7,124,14,30,107.0,109.0,1494.0
973535,2026-08-01,31,0,0.0,0.0,119.6,,,,30,,120.0,0.0
973535,2026-09-01,30,0,0.0,0.0,102.0,,,,30,,102.0,0.0
973535,2026-10-01,31,0,0.0,0.0,100.5,,,,30,,101.0,0.0
973535,2026-11-01,30,0,0.0,0.0,99.5,,,,30,,100.0,0.0
973535,2026-12-01,31,0,0.0,0.0,103.0,,,,30,,103.0,0.0
973535,2027-01-01,31,0,0.0,0.0,101.0,,,,30,,101.0,0.0
973535,2027-02-01,28,0,0.0,0.0,98.6,,,,30,,99.0,0.0
973535,2027-03-01,31,0,0.0,0.0,99.7,,,,30,,100.0,0.0
973535,2027-04-01,30,0,0.0,0.0,99.6,,,,30,,100.0,0.0
973535,2027-05-01,31,0,0.0,0.0,101.4,,,,30,,101.0,0.0
973535,2027-06-01,30,0,0.0,0.0,103.6,,,,30,,104.0,0.0
298759,2026-07-01,0,31,1.0,1686.0,54.4,54.4,196,63,30,54.0,54.0,1686.0
298759,2026-08-01,0,31,1.0,1630.0,52.6,52.6,,,30,53.0,53.0,1630.0
298759,2026-09-01,13,17,0.567,860.0,51.0,50.6,152,23,30,51.0,51.0,860.0
298759,2026-10-01,0,31,1.0,1573.0,50.7,50.7,,,30,51.0,51.0,1573.0
298759,2026-11-01,30,0,0.0,0.0,50.1,,,,30,,50.0,0.0
298759,2026-12-01,31,0,0.0,0.0,50.3,,,,30,,50.0,0.0
298759,2027-01-01,31,0,0.0,0.0,49.8,,,,30,,50.0,0.0
298759,2027-02-01,28,0,0.0,0.0,49.5,,,,30,,50.0,0.0
298759,2027-03-01,31,0,0.0,0.0,50.0,,,,30,,50.0,0.0
298759,2027-04-01,30,0,0.0,0.0,50.4,,,,30,,50.0,0.0
298759,2027-05-01,31,0,0.0,0.0,50.6,,,,30,,51.0,0.0
298759,2027-06-01,30,0,0.0,0.0,50.0,,,,30,,50.0,0.0
814327,2026-07-01,31,0,0.0,0.0,74.3,,,,30,,74.0,0.0
814327,2026-08-01,31,0,0.0,0.0,76.9,,,,30,,77.0,0.0
814327,2026-09-01,30,0,0.0,0.0,74.5,,,,30,,75.0,0.0
814327,2026-10-01,31,0,0.0,0.0,72.9,,,,30,,73.0,0.0
814327,2026-11-01,30,0,0.0,0.0,72.8,,,,30,,73.0,0.0
814327,2026-12-01,31,0,0.0,0.0,73.2,,,,30,,73.0,0.0
814327,2027-01-01,31,0,0.0,0.0,72.6,,,,30,,73.0,0.0
814327,2027-02-01,28,0,0.0,0.0,72.4,,,,30,,72.0,0.0
814327,2027-03-01,31,0,0.0,0.0,73.1,,,,30,,73.0,0.0
814327,2027-04-01,30,0,0.0,0.0,73.1,,,,30,,73.0,0.0
814327,2027-05-01,31,0,0.0,0.0,72.9,,,,30,,73.0,0.0
814327,2027-06-01,30,0,0.0,0.0,72.6,,,,30,,73.0,0.0
921500,2026-07-01,0,31,1.0,10201.0,329.1,329.1,34,61,30,329.0,329.0,10201.0
921500,2026-08-01,1,30,0.968,7281.0,242.5,242.7,,,30,243.0,243.0,7281.0
921500,2026-09-01,3,27,0.9,6035.0,224.9,223.5,99,30,30,224.0,225.0,6035.0
921500,2026-10-01,28,3,0.097,636.0,207.5,212.0,,,30,212.0,208.0,636.0
921500,2026-11-01,30,0,0.0,0.0,219.4,,,,30,,219.0,0.0
921500,2026-12-01,31,0,0.0,0.0,227.4,,,,30,,227.0,0.0
921500,2027-01-01,31,0,0.0,0.0,235.7,,,,30,,236.0,0.0
921500,2027-02-01,28,0,0.0,0.0,234.8,,,,30,,235.0,0.0
921500,2027-03-01,31,0,0.0,0.0,229.2,,,,30,,229.0,0.0
921500,2027-04-01,30,0,0.0,0.0,223.1,,,,30,,223.0,0.0
921500,2027-05-01,31,0,0.0,0.0,226.0,,,,30,,226.0,0.0
921500,2027-06-01,30,0,0.0,0.0,232.0,,,,,,232.0,0.0
1217318,2026-07-01,1,30,0.968,2118.0,70.5,70.6,,,30,71.0,71.0,2118.0
1217318,2026-08-01,31,0,0.0,0.0,70.8,,,,30,,71.0,0.0
1217318,2026-09-01,30,0,0.0,0.0,72.1,,,,30,,72.0,0.0
1217318,2026-10-01,31,0,0.0,0.0,71.6,,,,30,,72.0,0.0
1217318,2026-11-01,30,0,0.0,0.0,70.5,,,,30,,71.0,0.0
1217318,2026-12-01,31,0,0.0,0.0,70.3,,,,30,,70.0,0.0
1217318,2027-01-01,31,0,0.0,0.0,72.2,,,,30,,72.0,0.0
1217318,2027-02-01,28,0,0.0,0.0,72.9,,,,30,,73.0,0.0
1217318,2027-03-01,31,0,0.0,0.0,72.4,,,,30,,72.0,0.0
1217318,2027-04-01,30,0,0.0,0.0,71.9,,,,30,,72.0,0.0
1217318,2027-05-01,31,0,0.0,0.0,72.1,,,,30,,72.0,0.0
1217318,2027-06-01,30,0,0.0,0.0,72.1,,,,30,,72.0,0.0
54508,2026-07-01,8,23,0.742,2745.0,119.7,119.3,159,3,3,119.0,120.0,2745.0
54508,2026-08-01,9,22,0.71,2550.0,117.9,115.9,154,11,3,116.0,118.0,2550.0
54508,2026-09-01,10,20,0.667,2460.0,123.7,123.0,224,7,3,123.0,124.0,2460.0
54508,2026-10-01,13,18,0.581,2221.0,122.8,123.4,142,5,3,123.0,123.0,2221.0
54508,2026-11-01,12,18,0.6,2239.0,124.6,124.4,177,6,3,124.0,125.0,2239.0
54508,2026-12-01,29,2,0.065,263.0,128.3,131.5,,,3,132.0,128.0,263.0
54508,2027-01-01,31,0,0.0,0.0,121.9,,,,3,,122.0,0.0
54508,2027-02-01,28,0,0.0,0.0,121.6,,,,3,,122.0,0.0
54508,2027-03-01,31,0,0.0,0.0,117.8,,,,3,,118.0,0.0
54508,2027-04-01,30,0,0.0,0.0,121.6,,,,3,,122.0,0.0
54508,2027-05-01,31,0,0.0,0.0,124.6,,,,3,,125.0,0.0
54508,2027-06-01,30,0,0.0,0.0,128.6,,,,3,,129.0,0.0
1072481,2026-07-01,31,0,0.0,0.0,534.3,,,,30,,534.0,0.0
1072481,2026-08-01,31,0,0.0,0.0,528.2,,,,30,,528.0,0.0
1072481,2026-09-01,30,0,0.0,0.0,539.0,,,,30,,539.0,0.0
1072481,2026-10-01,31,0,0.0,0.0,536.7,,,,30,,537.0,0.0
1072481,2026-11-01,30,0,0.0,0.0,546.8,,,,30,,547.0,0.0
1072481,2026-12-01,31,0,0.0,0.0,541.1,,,,30,,541.0,0.0
1072481,2027-01-01,31,0,0.0,0.0,542.8,,,,30,,543.0,0.0
1072481,2027-02-01,28,0,0.0,0.0,542.3,,,,30,,542.0,0.0
1072481,2027-03-01,31,0,0.0,0.0,534.8,,,,30,,535.0,0.0
1072481,2027-04-01,30,0,0.0,0.0,538.8,,,,30,,539.0,0.0
1072481,2027-05-01,31,0,0.0,0.0,545.2,,,,30,,545.0,0.0
1072481,2027-06-01,30,0,0.0,0.0,545.7,,,,30,,546.0,0.0
235951,2026-07-01,0,31,1.0,3979.0,128.4,128.4,286,55,30,128.0,128.0,3979.0
235951,2026-08-01,5,26,0.839,3241.0,125.2,124.7,104,1,30,125.0,125.0,3241.0
235951,2026-09-01,0,30,1.0,3967.0,132.2,132.2,269,30,30,132.0,132.0,3967.0
235951,2026-10-01,0,31,1.0,4126.0,133.1,133.1,168,29,30,133.0,133.0,4126.0
235951,2026-11-01,0,30,1.0,4046.0,134.9,134.9,256,4,30,135.0,135.0,4046.0
235951,2026-12-01,28,3,0.097,396.0,124.7,132.0,288,2,30,132.0,125.0,396.0
235951,2027-01-01,0,31,1.0,4097.0,132.2,132.2,231,30,30,132.0,132.0,4097.0
235951,2027-02-01,28,0,0.0,0.0,151.9,,,,30,,152.0,0.0
235951,2027-03-01,31,0,0.0,0.0,156.1,,,,30,,156.0,0.0
235951,2027-04-01,30,0,0.0,0.0,157.4,,,,30,,157.0,0.0
235951,2027-05-01,31,0,0.0,0.0,153.2,,,,30,,153.0,0.0
235951,2027-06-01,27,3,0.1,459.0,152.2,153.0,370,1,30,153.0,152.0,459.0
8490,2026-07-01,14,17,0.548,3173.0,186.6,186.6,102,3,30,187.0,187.0,3173.0
8490,2026-08-01,1,30,0.968,5789.0,192.9,193.0,50,30,30,193.0,193.0,5789.0
8490,2026-09-01,14,16,0.533,3083.0,192.1,192.7,151,5,30,193.0,192.0,3083.0
8490,2026-10-01,11,20,0.645,3825.0,191.1,191.2,186,3,30,191.0,191.0,3825.0
8490,2026-11-01,21,9,0.3,1693.0,188.4,188.1,248,4,30,188.0,188.0,1693.0
8490,2026-12-01,27,4,0.129,750.0,187.6,187.5,190,4,30,188.0,188.0,750.0
8490,2027-01-01,31,0,0.0,0.0,186.5,,,,30,,187.0,0.0
8490,2027-02-01,28,0,0.0,0.0,195.4,,,,30,,195.0,0.0
8490,2027-03-01,31,0,0.0,0.0,192.5,,,,30,,193.0,0.0
8490,2027-04-01,30,0,0.0,0.0,190.0,,,,30,,190.0,0.0
8490,2027-05-01,31,0,0.0,0.0,194.6,,,,30,,195.0,0.0
8490,2027-06-01,30,0,0.0,0.0,198.4,,,,30,,198.0,0.0
606269,2026-07-01,0,31,1.0,5463.0,176.2,176.2,133,25,30,176.0,176.0,5463.0
606269,2026-08-01,0,31,1.0,5336.0,172.1,172.1,,,30,172.0,172.0,5336.0
606269,2026-09-01,17,13,0.433,2328.0,178.1,179.1,,,30,179.0,178.0,2328.0
606269,2026-10-01,31,0,0.0,0.0,175.6,,,,30,,176.0,0.0
606269,2026-11-01,30,0,0.0,0.0,175.1,,,,30,,175.0,0.0
606269,2026-12-01,31,0,0.0,0.0,176.5,,,,30,,177.0,0.0
606269,2027-01-01,31,0,0.0,0.0,176.4,,,,30,,176.0,0.0
606269,2027-02-01,28,0,0.0,0.0,175.5,,,,30,,176.0,0.0
606269,2027-03-01,31,0,0.0,0.0,177.4,,,,30,,177.0,0.0
606269,2027-04-01,30,0,0.0,0.0,177.6,,,,30,,178.0,0.0
606269,2027-05-01,31,0,0.0,0.0,177.5,,,,30,,178.0,0.0
606269,2027-06-01,30,0,0.0,0.0,178.0,,,,30,,178.0,0.0
226021,2026-07-01,1,30,0.968,7380.0,244.9,246.0,19,30,30,246.0,245.0,7380.0
226021,2026-08-01,31,0,0.0,0.0,220.8,,,,30,,221.0,0.0
226021,2026-09-01,30,0,0.0,0.0,243.6,,,,30,,244.0,0.0
226021,2026-10-01,31,0,0.0,0.0,268.8,,,,30,,269.0,0.0
226021,2026-11-01,30,0,0.0,0.0,310.1,,,,30,,310.0,0.0
226021,2026-12-01,31,0,0.0,0.0,313.0,,,,30,,313.0,0.0
226021,2027-01-01,31,0,0.0,0.0,312.4,,,,30,,312.0,0.0
226021,2027-02-01,28,0,0.0,0.0,304.5,,,,30,,305.0,0.0
226021,2027-03-01,31,0,0.0,0.0,297.2,,,,30,,297.0,0.0
226021,2027-04-01,30,0,0.0,0.0,292.4,,,,30,,292.0,0.0
226021,2027-05-01,31,0,0.0,0.0,297.9,,,,30,,298.0,0.0
226021,2027-06-01,30,0,0.0,0.0,299.1,,,,30,,299.0,0.0
305245,2026-07-01,0,31,1.0,7096.0,228.9,228.9,,,30,229.0,229.0,7096.0
305245,2026-08-01,31,0,0.0,0.0,218.6,,,,30,,219.0,0.0
305245,2026-09-01,30,0,0.0,0.0,241.8,,,,30,,242.0,0.0
305245,2026-10-01,31,0,0.0,0.0,231.7,,,,30,,232.0,0.0
305245,2026-11-01,30,0,0.0,0.0,228.8,,,,30,,229.0,0.0
305245,2026-12-01,31,0,0.0,0.0,227.9,,,,30,,228.0,0.0
305245,2027-01-01,31,0,0.0,0.0,228.9,,,,30,,229.0,0.0
305245,2027-02-01,28,0,0.0,0.0,230.2,,,,30,,230.0,0.0
305245,2027-03-01,31,0,0.0,0.0,231.2,,,,30,,231.0,0.0
305245,2027-04-01,30,0,0.0,0.0,233.5,,,,30,,234.0,0.0
305245,2027-05-01,31,0,0.0,0.0,236.0,,,,30,,236.0,0.0
305245,2027-06-01,30,0,0.0,0.0,229.9,,,,30,,230.0,0.0
6848,2026-07-01,0,31,1.0,4052.0,130.7,130.7,208,45,30,131.0,131.0,4052.0
6848,2026-08-01,14,17,0.548,2211.0,128.0,130.1,165,113,30,130.0,128.0,2211.0
6848,2026-09-01,0,30,1.0,3766.0,125.5,125.5,,,30,126.0,126.0,3766.0
6848,2026-10-01,0,31,1.0,3878.0,125.1,125.1,,,30,125.0,125.0,3878.0
6848,2026-11-01,0,30,1.0,3776.0,125.9,125.9,,,30,126.0,126.0,3776.0
6848,2026-12-01,12,19,0.613,2378.0,124.4,125.2,,,30,125.0,124.0,2378.0
6848,2027-01-01,31,0,0.0,0.0,124.1,,,,30,,124.0,0.0
6848,2027-02-01,28,0,0.0,0.0,124.4,,,,30,,124.0,0.0
6848,2027-03-01,31,0,0.0,0.0,124.5,,,,30,,125.0,0.0
6848,2027-04-01,30,0,0.0,0.0,127.9,,,,30,,128.0,0.0
6848,2027-05-01,31,0,0.0,0.0,129.1,,,,30,,129.0,0.0
6848,2027-06-01,30,0,0.0,0.0,128.8,,,,,,129.0,0.0
1263964,2026-07-01,0,31,1.0,2303.0,74.3,74.3,19,184,30,74.0,74.0,2303.0
1263964,2026-08-01,0,31,1.0,2310.0,74.5,74.5,,,30,75.0,75.0,2310.0
1263964,2026-09-01,0,30,1.0,2237.0,74.6,74.6,,,30,75.0,75.0,2237.0
1263964,2026-10-01,0,31,1.0,2281.0,73.6,73.6,,,30,74.0,74.0,2281.0
1263964,2026-11-01,0,30,1.0,2233.0,74.4,74.4,,,30,74.0,74.0,2233.0
1263964,2026-12-01,0,31,1.0,2344.0,75.6,75.6,,,30,76.0,76.0,2344.0
1263964,2027-01-01,31,0,0.0,0.0,79.9,,,,30,,80.0,0.0
1263964,2027-02-01,28,0,0.0,0.0,80.7,,,,30,,81.0,0.0
1263964,2027-03-01,31,0,0.0,0.0,79.3,,,,30,,79.0,0.0
1263964,2027-04-01,30,0,0.0,0.0,79.4,,,,30,,79.0,0.0
1263964,2027-05-01,31,0,0.0,0.0,82.6,,,,30,,83.0,0.0
1263964,2027-06-01,30,0,0.0,0.0,79.9,,,,30,,80.0,0.0
189135,2026-07-01,6,25,0.806,4989.0,198.5,199.6,74,5,2,200.0,199.0,4989.0
189135,2026-08-01,26,5,0.161,982.0,195.0,196.4,52,5,2,196.0,195.0,982.0
189135,2026-09-01,27,3,0.1,628.0,212.1,209.3,74,3,2,209.0,212.0,628.0
189135,2026-10-01,31,0,0.0,0.0,211.9,,,,2,,212.0,0.0
189135,2026-11-01,30,0,0.0,0.0,211.9,,,,2,,212.0,0.0
189135,2026-12-01,31,0,0.0,0.0,212.2,,,,2,,212.0,0.0
189135,2027-01-01,31,0,0.0,0.0,209.3,,,,2,,209.0,0.0
189135,2027-02-01,28,0,0.0,0.0,211.5,,,,2,,212.0,0.0
189135,2027-03-01,31,0,0.0,0.0,212.9,,,,2,,213.0,0.0
189135,2027-04-01,30,0,0.0,0.0,213.1,,,,2,,213.0,0.0
189135,2027-05-01,31,0,0.0,0.0,212.9,,,,2,,213.0,0.0
189135,2027-06-01,30,0,0.0,0.0,215.1,,,,2,,215.0,0.0
12192,2026-07-01,0,31,1.0,1891.0,61.0,61.0,25,63,30,61.0,61.0,1891.0
12192,2026-08-01,0,31,1.0,1883.0,60.7,60.7,,,30,61.0,61.0,1883.0
12192,2026-09-01,29,1,0.033,60.0,60.5,60.0,,,30,60.0,61.0,60.0
12192,2026-10-01,31,0,0.0,0.0,61.0,,,,30,,61.0,0.0
12192,2026-11-01,30,0,0.0,0.0,60.9,,,,30,,61.0,0.0
12192,2026-12-01,31,0,0.0,0.0,60.9,,,,30,,61.0,0.0
12192,2027-01-01,31,0,0.0,0.0,61.6,,,,30,,62.0,0.0
12192,2027-02-01,28,0,0.0,0.0,61.5,,,,30,,62.0,0.0
12192,2027-03-01,31,0,0.0,0.0,61.5,,,,30,,62.0,0.0
12192,2027-04-01,30,0,0.0,0.0,61.3,,,,30,,61.0,0.0
12192,2027-05-01,31,0,0.0,0.0,61.2,,,,30,,61.0,0.0
12192,2027-06-01,30,0,0.0,0.0,61.1,,,,30,,61.0,0.0
66974,2026-07-01,16,15,0.484,3127.0,205.8,208.5,,,30,209.0,206.0,3127.0
66974,2026-08-01,14,17,0.548,3412.0,200.6,200.7,141,31,30,201.0,201.0,3412.0
66974,2026-09-01,11,19,0.633,3907.0,206.1,205.6,154,30,30,206.0,206.0,3907.0
66974,2026-10-01,6,25,0.806,5027.0,200.2,201.1,,,30,201.0,200.0,5027.0
66974,2026-11-01,30,0,0.0,0.0,203.6,,,,30,,204.0,0.0
66974,2026-12-01,31,0,0.0,0.0,206.5,,,,30,,207.0,0.0
66974,2027-01-01,31,0,0.0,0.0,203.4,,,,30,,203.0,0.0
66974,2027-02-01,28,0,0.0,0.0,201.2,,,,30,,201.0,0.0
66974,2027-03-01,31,0,0.0,0.0,203.3,,,,30,,203.0,0.0
66974,2027-04-01,30,0,0.0,0.0,205.2,,,,30,,205.0,0.0
66974,2027-05-01,31,0,0.0,0.0,205.2,,,,30,,205.0,0.0
66974,2027-06-01,30,0,0.0,0.0,207.0,,,,30,,207.0,0.0
455734,2026-07-01,31,0,0.0,0.0,88.9,,,,31,,89.0,0.0
455734,2026-08-01,31,0,0.0,0.0,86.9,,,,31,,87.0,0.0
455734,2026-09-01,30,0,0.0,0.0,89.1,,,,31,,89.0,0.0
455734,2026-10-01,31,0,0.0,0.0,89.0,,,,31,,89.0,0.0
455734,2026-11-01,30,0,0.0,0.0,88.7,,,,31,,89.0,0.0
455734,2026-12-01,31,0,0.0,0.0,89.0,,,,31,,89.0,0.0
455734,2027-01-01,31,0,0.0,0.0,90.6,,,,,,91.0,0.0
455734,2027-02-01,28,0,0.0,0.0,90.5,,,,,,91.0,0.0
455734,2027-03-01,31,0,0.0,0.0,90.6,,,,,,91.0,0.0
455734,2027-04-01,30,0,0.0,0.0,90.2,,,,,,90.0,0.0
455734,2027-05-01,31,0,0.0,0.0,89.7,,,,,,90.0,0.0
455734,2027-06-01,30,0,0.0,0.0,89.0,,,,,,89.0,0.0
498052,2026-07-01,0,31,1.0,5699.0,183.8,183.8,203,5,1,184.0,184.0,5699.0
498052,2026-08-01,11,20,0.645,3659.0,187.8,182.9,118,10,1,183.0,188.0,3659.0
498052,2026-09-01,0,30,1.0,5930.0,197.7,197.7,,,1,198.0,198.0,5930.0
498052,2026-10-01,0,31,1.0,6160.0,198.7,198.7,331,16,1,199.0,199.0,6160.0
498052,2026-11-01,9,21,0.7,4365.0,205.7,207.9,261,5,1,208.0,206.0,4365.0
498052,2026-12-01,8,23,0.742,4655.0,201.5,202.4,240,9,1,202.0,202.0,4655.0
498052,2027-01-01,22,9,0.29,1777.0,204.5,197.4,,,1,197.0,205.0,1777.0
498052,2027-02-01,28,0,0.0,0.0,208.0,,,,1,,208.0,0.0
498052,2027-03-01,31,0,0.0,0.0,204.3,,,,1,,204.0,0.0
498052,2027-04-01,30,0,0.0,0.0,202.1,,,,1,,202.0,0.0
498052,2027-05-01,31,0,0.0,0.0,213.1,,,,1,,213.0,0.0
498052,2027-06-01,26,4,0.133,824.0,205.6,206.0,339,4,1,206.0,206.0,824.0
804194,2026-07-01,4,27,0.871,5192.0,190.5,192.3,87,5,2,192.0,191.0,5192.0
804194,2026-08-01,13,18,0.581,2918.0,163.9,162.1,76,6,2,162.0,164.0,2918.0
804194,2026-09-01,9,21,0.7,3665.0,174.7,174.5,153,5,2,175.0,175.0,3665.0
804194,2026-10-01,16,15,0.484,2660.0,176.0,177.3,165,5,3,177.0,176.0,2660.0
804194,2026-11-01,29,1,0.033,168.0,172.4,168.0,,,3,168.0,172.0,168.0
804194,2026-12-01,28,3,0.097,481.0,179.1,160.3,266,9,3,160.0,179.0,481.0
804194,2027-01-01,25,6,0.194,898.0,150.5,149.7,,,3,150.0,151.0,898.0
804194,2027-02-01,28,0,0.0,0.0,164.3,,,,3,,164.0,0.0
804194,2027-03-01,31,0,0.0,0.0,161.6,,,,3,,162.0,0.0
804194,2027-04-01,30,0,0.0,0.0,163.5,,,,3,,164.0,0.0
804194,2027-05-01,31,0,0.0,0.0,163.9,,,,3,,164.0,0.0
804194,2027-06-01,30,0,0.0,0.0,163.5,,,,3,,164.0,0.0
16974,2026-07-01,0,31,1.0,6788.0,219.0,219.0,19,45,30,219.0,219.0,6788.0
16974,2026-08-01,17,14,0.452,3033.0,218.4,216.6,,,30,217.0,218.0,3033.0
16974,2026-09-01,30,0,0.0,0.0,216.5,,,,30,,217.0,0.0
16974,2026-10-01,31,0,0.0,0.0,221.3,,,,30,,221.0,0.0
16974,2026-11-01,30,0,0.0,0.0,215.9,,,,30,,216.0,0.0
16974,2026-12-01,31,0,0.0,0.0,217.1,,,,30,,217.0,0.0
16974,2027-01-01,31,0,0.0,0.0,220.2,,,,30,,220.0,0.0
16974,2027-02-01,28,0,0.0,0.0,223.4,,,,30,,223.0,0.0
16974,2027-03-01,31,0,0.0,0.0,223.4,,,,30,,223.0,0.0
16974,2027-04-01,30,0,0.0,0.0,217.6,,,,30,,218.0,0.0
16974,2027-05-01,31,0,0.0,0.0,221.9,,,,30,,222.0,0.0
16974,2027-06-01,30,0,0.0,0.0,221.5,,,,30,,222.0,0.0
491123,2026-07-01,31,0,0.0,0.0,155.9,,,,30,,156.0,0.0
491123,2026-08-01,31,0,0.0,0.0,152.9,,,,30,,153.0,0.0
491123,2026-09-01,30,0,0.0,0.0,156.3,,,,30,,156.0,0.0
491123,2026-10-01,31,0,0.0,0.0,149.2,,,,30,,149.0,0.0
491123,2026-11-01,30,0,0.0,0.0,145.5,,,,30,,146.0,0.0
491123,2026-12-01,31,0,0.0,0.0,140.8,,,,30,,141.0,0.0
491123,2027-01-01,31,0,0.0,0.0,133.3,,,,30,,133.0,0.0
491123,2027-02-01,28,0,0.0,0.0,134.8,,,,30,,135.0,0.0
491123,2027-03-01,31,0,0.0,0.0,139.7,,,,30,,140.0,0.0
491123,2027-04-01,30,0,0.0,0.0,142.6,,,,30,,143.0,0.0
491123,2027-05-01,31,0,0.0,0.0,141.2,,,,,,141.0,0.0
491123,2027-06-01,30,0,0.0,0.0,142.4,,,,,,142.0,0.0
704838,2026-07-01,0,31,1.0,3395.0,109.5,109.5,166,184,30,110.0,110.0,3395.0
704838,2026-08-01,0,31,1.0,3540.0,114.2,114.2,,,30,114.0,114.0,3540.0
704838,2026-09-01,0,30,1.0,3436.0,114.5,114.5,,,30,115.0,115.0,3436.0
704838,2026-10-01,0,31,1.0,3501.0,112.9,112.9,,,30,113.0,113.0,3501.0
704838,2026-11-01,0,30,1.0,3310.0,110.3,110.3,,,30,110.0,110.0,3310.0
704838,2026-12-01,0,31,1.0,3417.0,110.2,110.2,,,30,110.0,110.0,3417.0
704838,2027-01-01,31,0,0.0,0.0,107.9,,,,30,,108.0,0.0
704838,2027-02-01,28,0,0.0,0.0,111.5,,,,30,,112.0,0.0
704838,2027-03-01,31,0,0.0,0.0,113.5,,,,30,,114.0,0.0
704838,2027-04-01,30,0,0.0,0.0,112.7,,,,30,,113.0,0.0
704838,2027-05-01,31,0,0.0,0.0,113.6,,,,30,,114.0,0.0
704838,2027-06-01,30,0,0.0,0.0,113.2,,,,,,113.0,0.0
924600,2026-07-01,31,0,0.0,0.0,63.0,,,,25,,63.0,0.0
924600,2026-08-01,31,0,0.0,0.0,64.3,,,,28,,64.0,0.0
924600,2026-09-01,30,0,0.0,0.0,64.2,,,,20,,64.0,0.0
924600,2026-10-01,31,0,0.0,0.0,62.5,,,,20,,63.0,0.0
924600,2026-11-01,30,0,0.0,0.0,63.2,,,,20,,63.0,0.0
924600,2026-12-01,31,0,0.0,0.0,64.8,,,,20,,65.0,0.0
924600,2027-01-01,31,0,0.0,0.0,64.9,,,,20,,65.0,0.0
924600,2027-02-01,28,0,0.0,0.0,65.4,,,,20,,65.0,0.0
924600,2027-03-01,31,0,0.0,0.0,64.1,,,,20,,64.0,0.0
924600,2027-04-01,30,0,0.0,0.0,64.3,,,,20,,64.0,0.0
924600,2027-05-01,31,0,0.0,0.0,64.1,,,,20,,64.0,0.0
924600,2027-06-01,30,0,0.0,0.0,65.0,,,,,,65.0,0.0
217580,2026-07-01,22,9,0.29,978.0,111.7,108.7,19,9,30,109.0,112.0,978.0
217580,2026-08-01,31,0,0.0,0.0,115.9,,,,30,,116.0,0.0
217580,2026-09-01,30,0,0.0,0.0,117.6,,,,30,,118.0,0.0
217580,2026-10-01,31,0,0.0,0.0,115.3,,,,30,,115.0,0.0
217580,2026-11-01,30,0,0.0,0.0,114.7,,,,30,,115.0,0.0
217580,2026-12-01,31,0,0.0,0.0,113.3,,,,30,,113.0,0.0
217580,2027-01-01,31,0,0.0,0.0,117.4,,,,30,,117.0,0.0
217580,2027-02-01,28,0,0.0,0.0,123.5,,,,30,,124.0,0.0
217580,2027-03-01,31,0,0.0,0.0,121.7,,,,30,,122.0,0.0
217580,2027-04-01,30,0,0.0,0.0,124.2,,,,30,,124.0,0.0
217580,2027-05-01,31,0,0.0,0.0,116.3,,,,30,,116.0,0.0
217580,2027-06-01,30,0,0.0,0.0,114.1,,,,30,,114.0,0.0
753991,2026-07-01,0,31,1.0,3861.0,124.5,124.5,94,47,30,125.0,125.0,3861.0
753991,2026-08-01,15,16,0.516,2070.0,130.7,129.4,,,30,129.0,131.0,2070.0
753991,2026-09-01,30,0,0.0,0.0,129.3,,,,30,,129.0,0.0
753991,2026-10-01,31,0,0.0,0.0,127.5,,,,30,,128.0,0.0
753991,2026-11-01,30,0,0.0,0.0,125.6,,,,30,,126.0,0.0
753991,2026-12-01,31,0,0.0,0.0,122.2,,,,30,,122.0,0.0
753991,2027-01-01,31,0,0.0,0.0,118.0,,,,30,,118.0,0.0
753991,2027-02-01,28,0,0.0,0.0,112.2,,,,30,,112.0,0.0
753991,2027-03-01,31,0,0.0,0.0,109.2,,,,30,,109.0,0.0
753991,2027-04-01,30,0,0.0,0.0,109.3,,,,30,,109.0,0.0
753991,2027-05-01,31,0,0.0,0.0,113.8,,,,30,,114.0,0.0
753991,2027-06-01,30,0,0.0,0.0,113.8,,,,30,,114.0,0.0
837503,2026-07-01,31,0,0.0,0.0,145.1,,,,46,,145.0,0.0
837503,2026-08-01,10,21,0.677,3124.0,148.5,148.8,69,285,60,149.0,149.0,3124.0
837503,2026-09-01,0,30,1.0,4344.0,144.8,144.8,,,60,145.0,145.0,4344.0
837503,2026-10-01,0,31,1.0,4461.0,143.9,143.9,,,60,144.0,144.0,4461.0
837503,2026-11-01,0,30,1.0,4313.0,143.8,143.8,,,60,144.0,144.0,4313.0
837503,2026-12-01,0,31,1.0,4341.0,140.0,140.0,,,60,140.0,140.0,4341.0
837503,2027-01-01,0,31,1.0,4309.0,139.0,139.0,,,90,139.0,139.0,4309.0
837503,2027-02-01,0,28,1.0,3931.0,140.4,140.4,,,90,140.0,140.0,3931.0
837503,2027-03-01,0,31,1.0,4425.0,142.7,142.7,,,90,143.0,143.0,4425.0
837503,2027-04-01,0,30,1.0,4242.0,141.4,141.4,,,90,141.0,141.0,4242.0
837503,2027-05-01,9,22,0.71,3102.0,141.3,141.0,,,90,141.0,141.0,3102.0
837503,2027-06-01,30,0,0.0,0.0,142.0,,,,30,,142.0,0.0
82928,2026-07-01,21,10,0.323,1262.0,125.6,126.2,25,1,30,126.0,126.0,1262.0
82928,2026-08-01,20,11,0.355,1366.0,124.7,124.2,54,2,30,124.0,125.0,1366.0
82928,2026-09-01,17,13,0.433,1651.0,127.0,127.0,83,2,30,127.0,127.0,1651.0
82928,2026-10-01,18,13,0.419,1642.0,125.8,126.3,116,1,30,126.0,126.0,1642.0
82928,2026-11-01,21,9,0.3,1163.0,129.0,129.2,140,1,30,129.0,129.0,1163.0
82928,2026-12-01,19,12,0.387,1510.0,126.3,125.8,177,2,30,126.0,126.0,1510.0
82928,2027-01-01,25,6,0.194,749.0,121.5,124.8,198,2,30,125.0,122.0,749.0
82928,2027-02-01,28,0,0.0,0.0,124.2,,,,30,,124.0,0.0
82928,2027-03-01,31,0,0.0,0.0,125.0,,,,30,,125.0,0.0
82928,2027-04-01,30,0,0.0,0.0,124.6,,,,30,,125.0,0.0
82928,2027-05-01,31,0,0.0,0.0,126.7,,,,30,,127.0,0.0
82928,2027-06-01,30,0,0.0,0.0,127.7,,,,30,,128.0,0.0
253811,2026-07-01,31,0,0.0,0.0,341.1,,,,1,,341.0,0.0
253811,2026-08-01,31,0,0.0,0.0,361.8,,,,1,,362.0,0.0
253811,2026-09-01,30,0,0.0,0.0,401.7,,,,1,,402.0,0.0
253811,2026-10-01,31,0,0.0,0.0,434.9,,,,1,,435.0,0.0
253811,2026-11-01,30,0,0.0,0.0,408.5,,,,1,,409.0,0.0
253811,2026-12-01,31,0,0.0,0.0,393.0,,,,1,,393.0,0.0
253811,2027-01-01,31,0,0.0,0.0,382.6,,,,1,,383.0,0.0
253811,2027-02-01,28,0,0.0,0.0,394.0,,,,1,,394.0,0.0
253811,2027-03-01,31,0,0.0,0.0,378.1,,,,1,,378.0,0.0
253811,2027-04-01,30,0,0.0,0.0,385.0,,,,,,385.0,0.0
253811,2027-05-01,31,0,0.0,0.0,380.1,,,,,,380.0,0.0
253811,2027-06-01,30,0,0.0,0.0,382.6,,,,,,383.0,0.0
607781,2026-07-01,0,31,1.0,4237.0,136.7,136.7,88,62,30,137.0,137.0,4237.0
607781,2026-08-01,0,31,1.0,4282.0,138.1,138.1,,,30,138.0,138.0,4282.0
607781,2026-09-01,23,7,0.233,967.0,137.6,138.1,102,7,30,138.0,138.0,967.0
607781,2026-10-01,31,0,0.0,0.0,136.4,,,,30,,136.0,0.0
607781,2026-11-01,30,0,0.0,0.0,134.9,,,,30,,135.0,0.0
607781,2026-12-01,31,0,0.0,0.0,135.3,,,,30,,135.0,0.0
607781,2027-01-01,31,0,0.0,0.0,136.0,,,,30,,136.0,0.0
607781,2027-02-01,28,0,0.0,0.0,135.8,,,,30,,136.0,0.0
607781,2027-03-01,31,0,0.0,0.0,134.6,,,,30,,135.0,0.0
607781,2027-04-01,30,0,0.0,0.0,133.9,,,,30,,134.0,0.0
607781,2027-05-01,31,0,0.0,0.0,134.4,,,,30,,134.0,0.0
607781,2027-06-01,30,0,0.0,0.0,133.3,,,,30,,133.0,0.0
1040182,2026-07-01,31,0,0.0,0.0,63.9,,,,30,,64.0,0.0
1040182,2026-08-01,31,0,0.0,0.0,65.4,,,,30,,65.0,0.0
1040182,2026-09-01,30,0,0.0,0.0,66.3,,,,30,,66.0,0.0
1040182,2026-10-01,31,0,0.0,0.0,68.8,,,,30,,69.0,0.0
1040182,2026-11-01,30,0,0.0,0.0,69.2,,,,30,,69.0,0.0
1040182,2026-12-01,31,0,0.0,0.0,68.5,,,,30,,69.0,0.0
1040182,2027-01-01,31,0,0.0,0.0,68.9,,,,,,69.0,0.0
1040182,2027-02-01,28,0,0.0,0.0,68.6,,,,,,69.0,0.0
1040182,2027-03-01,31,0,0.0,0.0,68.5,,,,,,69.0,0.0
1040182,2027-04-01,30,0,0.0,0.0,69.9,,,,,,70.0,0.0
1040182,2027-05-01,31,0,0.0,0.0,69.7,,,,,,70.0,0.0
1040182,2027-06-01,30,0,0.0,0.0,69.3,,,,,,69.0,0.0
83243,2026-07-01,0,31,1.0,2102.0,67.8,67.8,124,15,30,68.0,68.0,2102.0
83243,2026-08-01,31,0,0.0,0.0,79.5,,,,30,,80.0,0.0
83243,2026-09-01,30,0,0.0,0.0,75.6,,,,30,,76.0,0.0
83243,2026-10-01,31,0,0.0,0.0,73.3,,,,30,,73.0,0.0
83243,2026-11-01,30,0,0.0,0.0,74.8,,,,30,,75.0,0.0
83243,2026-12-01,31,0,0.0,0.0,72.1,,,,30,,72.0,0.0
83243,2027-01-01,31,0,0.0,0.0,71.3,,,,30,,71.0,0.0
83243,2027-02-01,28,0,0.0,0.0,71.7,,,,30,,72.0,0.0
83243,2027-03-01,31,0,0.0,0.0,72.8,,,,30,,73.0,0.0
83243,2027-04-01,30,0,0.0,0.0,72.5,,,,30,,73.0,0.0
83243,2027-05-01,31,0,0.0,0.0,73.2,,,,30,,73.0,0.0
83243,2027-06-01,30,0,0.0,0.0,74.9,,,,30,,75.0,0.0
1331960,2026-07-01,18,13,0.419,2048.0,156.7,157.5,,,30,158.0,157.0,2048.0
1331960,2026-08-01,24,7,0.226,1087.0,157.6,155.3,67,7,30,155.0,158.0,1087.0
1331960,2026-09-01,30,0,0.0,0.0,156.0,,,,30,,156.0,0.0
1331960,2026-10-01,31,0,0.0,0.0,156.4,,,,30,,156.0,0.0
1331960,2026-11-01,30,0,0.0,0.0,151.9,,,,30,,152.0,0.0
1331960,2026-12-01,31,0,0.0,0.0,156.0,,,,30,,156.0,0.0
1331960,2027-01-01,31,0,0.0,0.0,155.0,,,,30,,155.0,0.0
1331960,2027-02-01,28,0,0.0,0.0,154.7,,,,30,,155.0,0.0
1331960,2027-03-01,31,0,0.0,0.0,155.4,,,,30,,155.0,0.0
1331960,2027-04-01,30,0,0.0,0.0,157.5,,,,30,,158.0,0.0
1331960,2027-05-01,31,0,0.0,0.0,157.9,,,,30,,158.0,0.0
1331960,2027-06-01,30,0,0.0,0.0,157.7,,,,30,,158.0,0.0
600775,2026-07-01,29,2,0.065,147.0,72.8,73.5,60,1,30,74.0,73.0,147.0
600775,2026-08-01,31,0,0.0,0.0,70.3,,,,30,,70.0,0.0
600775,2026-09-01,30,0,0.0,0.0,70.4,,,,30,,70.0,0.0
600775,2026-10-01,31,0,0.0,0.0,69.2,,,,30,,69.0,0.0
600775,2026-11-01,30,0,0.0,0.0,71.7,,,,30,,72.0,0.0
600775,2026-12-01,31,0,0.0,0.0,72.0,,,,30,,72.0,0.0
600775,2027-01-01,31,0,0.0,0.0,74.0,,,,30,,74.0,0.0
600775,2027-02-01,28,0,0.0,0.0,73.9,,,,30,,74.0,0.0
600775,2027-03-01,31,0,0.0,0.0,73.9,,,,30,,74.0,0.0
600775,2027-04-01,30,0,0.0,0.0,73.2,,,,30,,73.0,0.0
600775,2027-05-01,31,0,0.0,0.0,73.1,,,,30,,73.0,0.0
600775,2027-06-01,30,0,0.0,0.0,72.9,,,,,,73.0,0.0
373618,2026-07-01,31,0,0.0,0.0,391.3,,,,3,,391.0,0.0
373618,2026-08-01,31,0,0.0,0.0,388.4,,,,3,,388.0,0.0
373618,2026-09-01,30,0,0.0,0.0,387.0,,,,3,,387.0,0.0
373618,2026-10-01,31,0,0.0,0.0,382.7,,,,3,,383.0,0.0
373618,2026-11-01,30,0,0.0,0.0,384.1,,,,3,,384.0,0.0
373618,2026-12-01,31,0,0.0,0.0,386.9,,,,3,,387.0,0.0
373618,2027-01-01,31,0,0.0,0.0,387.5,,,,3,,388.0,0.0
373618,2027-02-01,28,0,0.0,0.0,386.9,,,,3,,387.0,0.0
373618,2027-03-01,31,0,0.0,0.0,386.4,,,,3,,386.0,0.0
373618,2027-04-01,30,0,0.0,0.0,386.1,,,,3,,386.0,0.0
373618,2027-05-01,31,0,0.0,0.0,384.1,,,,3,,384.0,0.0
373618,2027-06-01,30,0,0.0,0.0,384.8,,,,,,385.0,0.0
983625,2026-07-01,0,31,1.0,3462.0,111.7,111.7,133,52,30,112.0,112.0,3462.0
983625,2026-08-01,10,21,0.677,2441.0,114.6,116.2,,,30,116.0,115.0,2441.0
983625,2026-09-01,0,30,1.0,3370.0,112.3,112.3,93,242,30,112.0,112.0,3370.0
983625,2026-10-01,0,31,1.0,3430.0,110.6,110.6,,,30,111.0,111.0,3430.0
983625,2026-11-01,0,30,1.0,3313.0,110.4,110.4,,,30,110.0,110.0,3313.0
983625,2026-12-01,0,31,1.0,3399.0,109.6,109.6,,,30,110.0,110.0,3399.0
983625,2027-01-01,0,31,1.0,3385.0,109.2,109.2,,,30,109.0,109.0,3385.0
983625,2027-02-01,0,28,1.0,3031.0,108.2,108.2,,,30,108.0,108.0,3031.0
983625,2027-03-01,0,31,1.0,3386.0,109.2,109.2,,,30,109.0,109.0,3386.0
983625,2027-04-01,0,30,1.0,3276.0,109.2,109.2,,,30,109.0,109.0,3276.0
983625,2027-05-01,31,0,0.0,0.0,112.1,,,,30,,112.0,0.0
983625,2027-06-01,30,0,0.0,0.0,111.4,,,,,,111.0,0.0
245574,2026-07-01,25,6,0.194,2065.0,284.7,344.2,104,6,1,344.0,285.0,2065.0
245574,2026-08-01,31,0,0.0,0.0,332.5,,,,1,,333.0,0.0
245574,2026-09-01,30,0,0.0,0.0,210.6,,,,1,,211.0,0.0
245574,2026-10-01,31,0,0.0,0.0,237.2,,,,1,,237.0,0.0
245574,2026-11-01,30,0,0.0,0.0,233.6,,,,1,,234.0,0.0
245574,2026-12-01,31,0,0.0,0.0,247.5,,,,1,,248.0,0.0
245574,2027-01-01,31,0,0.0,0.0,221.4,,,,1,,221.0,0.0
245574,2027-02-01,28,0,0.0,0.0,228.6,,,,1,,229.0,0.0
245574,2027-03-01,31,0,0.0,0.0,264.8,,,,1,,265.0,0.0
245574,2027-04-01,30,0,0.0,0.0,352.5,,,,1,,353.0,0.0
245574,2027-05-01,31,0,0.0,0.0,429.3,,,,1,,429.0,0.0
245574,2027-06-01,30,0,0.0,0.0,468.3,,,,1,,468.0,0.0
56859,2026-07-01,1,30,0.968,3116.0,104.4,103.9,,,30,104.0,104.0,3116.0
56859,2026-08-01,31,0,0.0,0.0,109.6,,,,30,,110.0,0.0
56859,2026-09-01,30,0,0.0,0.0,103.7,,,,30,,104.0,0.0
56859,2026-10-01,31,0,0.0,0.0,102.3,,,,30,,102.0,0.0
56859,2026-11-01,30,0,0.0,0.0,102.4,,,,30,,102.0,0.0
56859,2026-12-01,31,0,0.0,0.0,102.5,,,,30,,103.0,0.0
56859,2027-01-01,31,0,0.0,0.0,103.7,,,,30,,104.0,0.0
56859,2027-02-01,28,0,0.0,0.0,103.7,,,,30,,104.0,0.0
56859,2027-03-01,31,0,0.0,0.0,101.9,,,,30,,102.0,0.0
56859,2027-04-01,30,0,0.0,0.0,100.9,,,,30,,101.0,0.0
56859,2027-05-01,31,0,0.0,0.0,104.0,,,,30,,104.0,0.0
56859,2027-06-01,30,0,0.0,0.0,103.8,,,,30,,104.0,0.0
294259,2026-07-01,30,1,0.032,421.0,548.8,421.0,65,1,1,421.0,549.0,421.0
294259,2026-08-01,31,0,0.0,0.0,432.9,,,,1,,433.0,0.0
294259,2026-09-01,30,0,0.0,0.0,490.4,,,,1,,490.0,0.0
294259,2026-10-01,31,0,0.0,0.0,467.6,,,,1,,468.0,0.0
294259,2026-11-01,30,0,0.0,0.0,436.5,,,,1,,437.0,0.0
294259,2026-12-01,31,0,0.0,0.0,399.8,,,,1,,400.0,0.0
294259,2027-01-01,31,0,0.0,0.0,396.2,,,,1,,396.0,0.0
294259,2027-02-01,28,0,0.0,0.0,379.2,,,,1,,379.0,0.0
294259,2027-03-01,31,0,0.0,0.0,367.0,,,,1,,367.0,0.0
294259,2027-04-01,30,0,0.0,0.0,397.5,,,,1,,398.0,0.0
294259,2027-05-01,31,0,0.0,0.0,372.2,,,,1,,372.0,0.0
294259,2027-06-01,30,0,0.0,0.0,386.3,,,,,,386.0,0.0
1063020,2026-07-01,6,25,0.806,4601.0,184.0,184.0,,,31,184.0,184.0,4601.0
1063020,2026-08-01,31,0,0.0,0.0,181.4,,,,31,,181.0,0.0
1063020,2026-09-01,30,0,0.0,0.0,186.3,,,,31,,186.0,0.0
1063020,2026-10-01,31,0,0.0,0.0,185.0,,,,31,,185.0,0.0
1063020,2026-11-01,30,0,0.0,0.0,182.1,,,,31,,182.0,0.0
1063020,2026-12-01,31,0,0.0,0.0,182.8,,,,31,,183.0,0.0
1063020,2027-01-01,31,0,0.0,0.0,186.8,,,,31,,187.0,0.0
1063020,2027-02-01,28,0,0.0,0.0,186.6,,,,31,,187.0,0.0
1063020,2027-03-01,31,0,0.0,0.0,185.7,,,,31,,186.0,0.0
1063020,2027-04-01,30,0,0.0,0.0,186.2,,,,31,,186.0,0.0
1063020,2027-05-01,31,0,0.0,0.0,186.8,,,,31,,187.0,0.0
1063020,2027-06-01,30,0,0.0,0.0,186.6,,,,31,,187.0,0.0
571564,2026-07-01,31,0,0.0,0.0,79.4,,,,30,,79.0,0.0
571564,2026-08-01,31,0,0.0,0.0,80.7,,,,30,,81.0,0.0
571564,2026-09-01,30,0,0.0,0.0,80.0,,,,30,,80.0,0.0
571564,2026-10-01,31,0,0.0,0.0,78.5,,,,30,,79.0,0.0
571564,2026-11-01,30,0,0.0,0.0,78.6,,,,30,,79.0,0.0
571564,2026-12-01,31,0,0.0,0.0,79.2,,,,30,,79.0,0.0
571564,2027-01-01,31,0,0.0,0.0,80.1,,,,30,,80.0,0.0
571564,2027-02-01,28,0,0.0,0.0,81.3,,,,,,81.0,0.0
571564,2027-03-01,31,0,0.0,0.0,81.0,,,,,,81.0,0.0
571564,2027-04-01,30,0,0.0,0.0,80.0,,,,,,80.0,0.0
571564,2027-05-01,31,0,0.0,0.0,79.8,,,,,,80.0,0.0
571564,2027-06-01,30,0,0.0,0.0,79.6,,,,,,80.0,0.0
190974,2026-07-01,14,17,0.548,2247.0,132.6,132.2,33,31,30,132.0,133.0,2247.0
190974,2026-08-01,17,14,0.452,1848.0,137.0,132.0,,,30,132.0,137.0,1848.0
190974,2026-09-01,30,0,0.0,0.0,136.8,,,,30,,137.0,0.0
190974,2026-10-01,31,0,0.0,0.0,139.0,,,,30,,139.0,0.0
190974,2026-11-01,30,0,0.0,0.0,138.9,,,,30,,139.0,0.0
190974,2026-12-01,31,0,0.0,0.0,137.7,,,,30,,138.0,0.0
190974,2027-01-01,31,0,0.0,0.0,136.8,,,,30,,137.0,0.0
190974,2027-02-01,28,0,0.0,0.0,137.7,,,,30,,138.0,0.0
190974,2027-03-01,31,0,0.0,0.0,139.7,,,,30,,140.0,0.0
190974,2027-04-01,30,0,0.0,0.0,138.4,,,,30,,138.0,0.0
190974,2027-05-01,31,0,0.0,0.0,136.5,,,,30,,137.0,0.0
190974,2027-06-01,30,0,0.0,0.0,135.4,,,,30,,135.0,0.0
146726,2026-07-01,31,0,0.0,0.0,197.5,,,,30,,198.0,0.0
146726,2026-08-01,31,0,0.0,0.0,199.2,,,,30,,199.0,0.0
146726,2026-09-01,30,0,0.0,0.0,198.9,,,,30,,199.0,0.0
146726,2026-10-01,31,0,0.0,0.0,197.8,,,,30,,198.0,0.0
146726,2026-11-01,30,0,0.0,0.0,196.9,,,,30,,197.0,0.0
146726,2026-12-01,31,0,0.0,0.0,194.7,,,,30,,195.0,0.0
146726,2027-01-01,31,0,0.0,0.0,195.3,,,,30,,195.0,0.0
146726,2027-02-01,28,0,0.0,0.0,193.4,,,,30,,193.0,0.0
146726,2027-03-01,31,0,0.0,0.0,192.1,,,,30,,192.0,0.0
146726,2027-04-01,30,0,0.0,0.0,191.6,,,,,,192.0,0.0
146726,2027-05-01,31,0,0.0,0.0,191.7,,,,,,192.0,0.0
146726,2027-06-01,30,0,0.0,0.0,190.9,,,,,,191.0,0.0
483414,2026-07-01,31,0,0.0,0.0,54.3,,,,30,,54.0,0.0
483414,2026-08-01,31,0,0.0,0.0,54.2,,,,30,,54.0,0.0
483414,2026-09-01,30,0,0.0,0.0,54.3,,,,30,,54.0,0.0
483414,2026-10-01,31,0,0.0,0.0,54.8,,,,30,,55.0,0.0
483414,2026-11-01,30,0,0.0,0.0,54.2,,,,30,,54.0,0.0
483414,2026-12-01,31,0,0.0,0.0,54.3,,,,30,,54.0,0.0
483414,2027-01-01,31,0,0.0,0.0,56.0,,,,30,,56.0,0.0
483414,2027-02-01,28,0,0.0,0.0,57.6,,,,30,,58.0,0.0
483414,2027-03-01,31,0,0.0,0.0,57.2,,,,,,57.0,0.0
483414,2027-04-01,30,0,0.0,0.0,57.0,,,,,,57.0,0.0
483414,2027-05-01,31,0,0.0,0.0,54.5,,,,,,55.0,0.0
483414,2027-06-01,30,0,0.0,0.0,58.0,,,,,,58.0,0.0
39282,2026-07-01,9,22,0.71,6078.0,267.9,276.3,43,30,4,276.0,268.0,6078.0
39282,2026-08-01,23,8,0.258,1755.0,216.2,219.4,,,4,219.0,216.0,1755.0
39282,2026-09-01,30,0,0.0,0.0,223.0,,,,4,,223.0,0.0
39282,2026-10-01,31,0,0.0,0.0,220.7,,,,4,,221.0,0.0
39282,2026-11-01,30,0,0.0,0.0,218.8,,,,4,,219.0,0.0
39282,2026-12-01,31,0,0.0,0.0,217.0,,,,4,,217.0,0.0
39282,2027-01-01,31,0,0.0,0.0,219.1,,,,4,,219.0,0.0
39282,2027-02-01,28,0,0.0,0.0,219.9,,,,4,,220.0,0.0
39282,2027-03-01,31,0,0.0,0.0,218.7,,,,4,,219.0,0.0
39282,2027-04-01,30,0,0.0,0.0,220.7,,,,4,,221.0,0.0
39282,2027-05-01,31,0,0.0,0.0,222.8,,,,4,,223.0,0.0
39282,2027-06-01,30,0,0.0,0.0,224.3,,,,,,224.0,0.0
274743,2026-07-01,0,31,1.0,4026.0,129.9,129.9,19,73,30,130.0,130.0,4026.0
274743,2026-08-01,0,31,1.0,4052.0,130.7,130.7,,,30,131.0,131.0,4052.0
274743,2026-09-01,19,11,0.367,1522.0,137.1,138.4,,,30,138.0,137.0,1522.0
274743,2026-10-01,31,0,0.0,0.0,125.2,,,,30,,125.0,0.0
274743,2026-11-01,30,0,0.0,0.0,127.1,,,,30,,127.0,0.0
274743,2026-12-01,31,0,0.0,0.0,117.6,,,,30,,118.0,0.0
274743,2027-01-01,31,0,0.0,0.0,108.6,,,,30,,109.0,0.0
274743,2027-02-01,28,0,0.0,0.0,110.1,,,,30,,110.0,0.0
274743,2027-03-01,31,0,0.0,0.0,114.7,,,,30,,115.0,0.0
274743,2027-04-01,30,0,0.0,0.0,118.5,,,,30,,119.0,0.0
274743,2027-05-01,31,0,0.0,0.0,120.8,,,,30,,121.0,0.0
274743,2027-06-01,30,0,0.0,0.0,120.8,,,,30,,121.0,0.0
18728,2026-07-01,0,31,1.0,5305.0,171.1,171.1,,,30,171.0,171.0,5305.0
18728,2026-08-01,6,25,0.806,4263.0,175.8,170.5,,,30,171.0,176.0,4263.0
18728,2026-09-01,30,0,0.0,0.0,195.2,,,,30,,195.0,0.0
18728,2026-10-01,31,0,0.0,0.0,173.0,,,,30,,173.0,0.0
18728,2026-11-01,30,0,0.0,0.0,171.2,,,,30,,171.0,0.0
18728,2026-12-01,31,0,0.0,0.0,168.2,,,,30,,168.0,0.0
18728,2027-01-01,31,0,0.0,0.0,166.0,,,,30,,166.0,0.0
18728,2027-02-01,28,0,0.0,0.0,167.0,,,,30,,167.0,0.0
18728,2027-03-01,31,0,0.0,0.0,167.9,,,,30,,168.0,0.0
18728,2027-04-01,30,0,0.0,0.0,167.5,,,,30,,168.0,0.0
18728,2027-05-01,31,0,0.0,0.0,167.5,,,,30,,168.0,0.0
18728,2027-06-01,30,0,0.0,0.0,168.6,,,,30,,169.0,0.0
739242,2026-07-01,31,0,0.0,0.0,259.8,,,,30,,260.0,0.0
739242,2026-08-01,31,0,0.0,0.0,263.5,,,,30,,264.0,0.0
739242,2026-09-01,30,0,0.0,0.0,263.7,,,,30,,264.0,0.0
739242,2026-10-01,31,0,0.0,0.0,258.2,,,,30,,258.0,0.0
739242,2026-11-01,30,0,0.0,0.0,255.2,,,,30,,255.0,0.0
739242,2026-12-01,31,0,0.0,0.0,254.0,,,,30,,254.0,0.0
739242,2027-01-01,31,0,0.0,0.0,250.8,,,,,,251.0,0.0
739242,2027-02-01,28,0,0.0,0.0,251.7,,,,,,252.0,0.0
739242,2027-03-01,31,0,0.0,0.0,251.7,,,,,,252.0,0.0
739242,2027-04-01,30,0,0.0,0.0,255.1,,,,,,255.0,0.0
739242,2027-05-01,31,0,0.0,0.0,255.0,,,,,,255.0,0.0
739242,2027-06-01,30,0,0.0,0.0,252.3,,,,,,252.0,0.0
25406,2026-07-01,1,30,0.968,3671.0,122.4,122.4,20,33,30,122.0,122.0,3671.0
25406,2026-08-01,1,30,0.968,3665.0,122.2,122.2,54,56,30,122.0,122.0,3665.0
25406,2026-09-01,1,29,0.967,3550.0,122.4,122.4,,,30,122.0,122.0,3550.0
25406,2026-10-01,31,0,0.0,0.0,121.8,,,,30,,122.0,0.0
25406,2026-11-01,30,0,0.0,0.0,121.9,,,,30,,122.0,0.0
25406,2026-12-01,31,0,0.0,0.0,122.1,,,,30,,122.0,0.0
25406,2027-01-01,31,0,0.0,0.0,122.5,,,,30,,123.0,0.0
25406,2027-02-01,28,0,0.0,0.0,124.2,,,,30,,124.0,0.0
25406,2027-03-01,31,0,0.0,0.0,123.2,,,,30,,123.0,0.0
25406,2027-04-01,30,0,0.0,0.0,122.5,,,,30,,123.0,0.0
25406,2027-05-01,31,0,0.0,0.0,122.5,,,,30,,123.0,0.0
25406,2027-06-01,30,0,0.0,0.0,122.4,,,,30,,122.0,0.0
1258651,2026-07-01,18,13,0.419,5221.0,393.7,401.6,154,4,2,402.0,394.0,5221.0
1258651,2026-08-01,14,17,0.548,6357.0,371.4,373.9,179,5,3,374.0,371.0,6357.0
1258651,2026-09-01,10,20,0.667,7567.0,377.7,378.4,183,6,3,378.0,378.0,7567.0
1258651,2026-10-01,13,18,0.581,6848.0,381.1,380.4,199,6,3,380.0,381.0,6848.0
1258651,2026-11-01,29,1,0.033,371.0,394.3,371.0,,,3,371.0,394.0,371.0
1258651,2026-12-01,24,7,0.226,2720.0,434.2,388.6,164,7,3,389.0,434.0,2720.0
1258651,2027-01-01,31,0,0.0,0.0,369.1,,,,3,,369.0,0.0
1258651,2027-02-01,28,0,0.0,0.0,362.6,,,,3,,363.0,0.0
1258651,2027-03-01,28,3,0.097,1101.0,365.8,367.0,302,3,3,367.0,366.0,1101.0
1258651,2027-04-01,30,0,0.0,0.0,373.5,,,,3,,374.0,0.0
1258651,2027-05-01,31,0,0.0,0.0,373.9,,,,3,,374.0,0.0
1258651,2027-06-01,30,0,0.0,0.0,398.5,,,,3,,399.0,0.0
1255828,2026-07-01,7,24,0.774,2191.0,91.8,91.3,175,20,30,91.0,92.0,2191.0
1255828,2026-08-01,0,31,1.0,2545.0,82.1,82.1,96,32,30,82.0,82.0,2545.0
1255828,2026-09-01,12,18,0.6,1594.0,84.2,88.6,227,32,30,89.0,84.0,1594.0
1255828,2026-10-01,0,31,1.0,2295.0,74.0,74.0,,,30,74.0,74.0,2295.0
1255828,2026-11-01,30,0,0.0,0.0,61.7,,,,30,,62.0,0.0
1255828,2026-12-01,31,0,0.0,0.0,61.5,,,,30,,62.0,0.0
1255828,2027-01-01,31,0,0.0,0.0,67.3,,,,30,,67.0,0.0
1255828,2027-02-01,28,0,0.0,0.0,72.8,,,,30,,73.0,0.0
1255828,2027-03-01,31,0,0.0,0.0,70.7,,,,30,,71.0,0.0
1255828,2027-04-01,30,0,0.0,0.0,70.1,,,,30,,70.0,0.0
1255828,2027-05-01,31,0,0.0,0.0,69.9,,,,30,,70.0,0.0
1255828,2027-06-01,30,0,0.0,0.0,73.1,,,,,,73.0,0.0
906038,2026-07-01,4,27,0.871,3029.0,111.9,112.2,39,26,30,112.0,112.0,3029.0
906038,2026-08-01,6,25,0.806,2845.0,113.8,113.8,,,30,114.0,114.0,2845.0
906038,2026-09-01,30,0,0.0,0.0,114.0,,,,30,,114.0,0.0
906038,2026-10-01,31,0,0.0,0.0,113.4,,,,30,,113.0,0.0
906038,2026-11-01,30,0,0.0,0.0,113.0,,,,30,,113.0,0.0
906038,2026-12-01,31,0,0.0,0.0,112.2,,,,30,,112.0,0.0
906038,2027-01-01,31,0,0.0,0.0,112.7,,,,30,,113.0,0.0
906038,2027-02-01,28,0,0.0,0.0,113.2,,,,30,,113.0,0.0
906038,2027-03-01,31,0,0.0,0.0,114.8,,,,30,,115.0,0.0
906038,2027-04-01,30,0,0.0,0.0,113.1,,,,30,,113.0,0.0
906038,2027-05-01,31,0,0.0,0.0,113.0,,,,30,,113.0,0.0
906038,2027-06-01,30,0,0.0,0.0,113.0,,,,30,,113.0,0.0
343276,2026-07-01,0,31,1.0,3957.0,127.6,127.6,109,13,4,128.0,128.0,3957.0
343276,2026-08-01,7,24,0.774,2845.0,125.5,118.5,91,3,10,119.0,126.0,2845.0
343276,2026-09-01,12,18,0.6,2980.0,167.7,165.6,166,2,3,166.0,168.0,2980.0
343276,2026-10-01,11,20,0.645,3740.0,184.7,187.0,184,3,4,187.0,185.0,3740.0
343276,2026-11-01,29,1,0.033,190.0,175.4,190.0,,,4,190.0,175.0,190.0
343276,2026-12-01,29,2,0.065,358.0,191.6,179.0,220,2,4,179.0,192.0,358.0
343276,2027-01-01,31,0,0.0,0.0,188.2,,,,4,,188.0,0.0
343276,2027-02-01,28,0,0.0,0.0,180.3,,,,4,,180.0,0.0
343276,2027-03-01,31,0,0.0,0.0,182.4,,,,4,,182.0,0.0
343276,2027-04-01,30,0,0.0,0.0,180.9,,,,4,,181.0,0.0
343276,2027-05-01,31,0,0.0,0.0,175.9,,,,4,,176.0,0.0
343276,2027-06-01,30,0,0.0,0.0,178.4,,,,4,,178.0,0.0
118061,2026-07-01,21,10,0.323,1204.0,118.9,120.4,94,10,30,120.0,119.0,1204.0
118061,2026-08-01,31,0,0.0,0.0,120.2,,,,30,,120.0,0.0
118061,2026-09-01,0,30,1.0,3415.0,113.8,113.8,186,61,30,114.0,114.0,3415.0
118061,2026-10-01,0,31,1.0,3500.0,112.9,112.9,,,30,113.0,113.0,3500.0
118061,2026-11-01,30,0,0.0,0.0,116.8,,,,30,,117.0,0.0
118061,2026-12-01,31,0,0.0,0.0,116.0,,,,30,,116.0,0.0
118061,2027-01-01,31,0,0.0,0.0,115.1,,,,30,,115.0,0.0
118061,2027-02-01,28,0,0.0,0.0,115.6,,,,30,,116.0,0.0
118061,2027-03-01,31,0,0.0,0.0,116.6,,,,30,,117.0,0.0
118061,2027-04-01,30,0,0.0,0.0,117.1,,,,30,,117.0,0.0
118061,2027-05-01,31,0,0.0,0.0,116.7,,,,30,,117.0,0.0
118061,2027-06-01,30,0,0.0,0.0,116.0,,,,,,116.0,0.0
1304459,2026-07-01,31,0,0.0,0.0,208.7,,,,31,,209.0,0.0
1304459,2026-08-01,31,0,0.0,0.0,206.5,,,,31,,207.0,0.0
1304459,2026-09-01,30,0,0.0,0.0,207.8,,,,31,,208.0,0.0
1304459,2026-10-01,31,0,0.0,0.0,208.8,,,,31,,209.0,0.0
1304459,2026-11-01,30,0,0.0,0.0,206.7,,,,31,,207.0,0.0
1304459,2026-12-01,31,0,0.0,0.0,209.2,,,,31,,209.0,0.0
1304459,2027-01-01,31,0,0.0,0.0,206.6,,,,31,,207.0,0.0
1304459,2027-02-01,28,0,0.0,0.0,207.4,,,,31,,207.0,0.0
1304459,2027-03-01,31,0,0.0,0.0,206.8,,,,,,207.0,0.0
1304459,2027-04-01,30,0,0.0,0.0,206.9,,,,,,207.0,0.0
1304459,2027-05-01,31,0,0.0,0.0,204.8,,,,,,205.0,0.0
1304459,2027-06-01,30,0,0.0,0.0,205.7,,,,,,206.0,0.0
208889,2026-07-01,0,31,1.0,3566.0,115.0,115.0,94,46,30,115.0,115.0,3566.0
208889,2026-08-01,16,15,0.484,1718.0,113.5,114.5,,,30,115.0,114.0,1718.0
208889,2026-09-01,30,0,0.0,0.0,114.8,,,,30,,115.0,0.0
208889,2026-10-01,31,0,0.0,0.0,115.6,,,,30,,116.0,0.0
208889,2026-11-01,30,0,0.0,0.0,119.8,,,,30,,120.0,0.0
208889,2026-12-01,31,0,0.0,0.0,116.2,,,,30,,116.0,0.0
208889,2027-01-01,31,0,0.0,0.0,114.1,,,,30,,114.0,0.0
208889,2027-02-01,28,0,0.0,0.0,114.0,,,,30,,114.0,0.0
208889,2027-03-01,31,0,0.0,0.0,113.0,,,,30,,113.0,0.0
208889,2027-04-01,30,0,0.0,0.0,112.3,,,,,,112.0,0.0
208889,2027-05-01,31,0,0.0,0.0,112.6,,,,,,113.0,0.0
208889,2027-06-01,30,0,0.0,0.0,114.3,,,,,,114.0,0.0
1511303,2026-07-01,31,0,0.0,0.0,256.4,,,,1,,256.0,0.0
1511303,2026-08-01,31,0,0.0,0.0,220.5,,,,1,,221.0,0.0
1511303,2026-09-01,30,0,0.0,0.0,240.0,,,,1,,240.0,0.0
1511303,2026-10-01,31,0,0.0,0.0,239.0,,,,1,,239.0,0.0
1511303,2026-11-01,30,0,0.0,0.0,223.5,,,,1,,224.0,0.0
1511303,2026-12-01,31,0,0.0,0.0,255.6,,,,1,,256.0,0.0
1511303,2027-01-01,31,0,0.0,0.0,233.2,,,,1,,233.0,0.0
1511303,2027-02-01,28,0,0.0,0.0,221.9,,,,1,,222.0,0.0
1511303,2027-03-01,31,0,0.0,0.0,193.1,,,,1,,193.0,0.0
1511303,2027-04-01,30,0,0.0,0.0,184.5,,,,1,,185.0,0.0
1511303,2027-05-01,31,0,0.0,0.0,180.3,,,,1,,180.0,0.0
1511303,2027-06-01,30,0,0.0,0.0,179.5,,,,1,,180.0,0.0
684991,2026-07-01,5,26,0.839,5232.0,201.2,201.2,31,26,30,201.0,201.0,5232.0
684991,2026-08-01,31,0,0.0,0.0,199.8,,,,30,,200.0,0.0
684991,2026-09-01,30,0,0.0,0.0,199.5,,,,30,,200.0,0.0
684991,2026-10-01,31,0,0.0,0.0,199.5,,,,30,,200.0,0.0
684991,2026-11-01,30,0,0.0,0.0,199.2,,,,30,,199.0,0.0
684991,2026-12-01,31,0,0.0,0.0,201.1,,,,30,,201.0,0.0
684991,2027-01-01,31,0,0.0,0.0,200.8,,,,30,,201.0,0.0
684991,2027-02-01,28,0,0.0,0.0,202.9,,,,30,,203.0,0.0
684991,2027-03-01,31,0,0.0,0.0,203.0,,,,30,,203.0,0.0
684991,2027-04-01,30,0,0.0,0.0,202.3,,,,30,,202.0,0.0
684991,2027-05-01,31,0,0.0,0.0,202.4,,,,30,,202.0,0.0
684991,2027-06-01,30,0,0.0,0.0,202.1,,,,,,202.0,0.0
25696,2026-07-01,24,7,0.226,1384.0,196.7,197.7,35,7,1,198.0,197.0,1384.0
25696,2026-08-01,24,7,0.226,1216.0,170.5,173.7,164,6,1,174.0,171.0,1216.0
25696,2026-09-01,7,23,0.767,3887.0,168.4,169.0,180,8,1,169.0,168.0,3887.0
25696,2026-10-01,23,8,0.258,1227.0,137.5,153.4,120,4,1,153.0,138.0,1227.0
25696,2026-11-01,30,0,0.0,0.0,153.7,,,,1,,154.0,0.0
25696,2026-12-01,31,0,0.0,0.0,155.3,,,,1,,155.0,0.0
25696,2027-01-01,31,0,0.0,0.0,158.7,,,,1,,159.0,0.0
25696,2027-02-01,28,0,0.0,0.0,164.4,,,,1,,164.0,0.0
25696,2027-03-01,31,0,0.0,0.0,165.1,,,,1,,165.0,0.0
25696,2027-04-01,30,0,0.0,0.0,167.2,,,,1,,167.0,0.0
25696,2027-05-01,31,0,0.0,0.0,174.8,,,,1,,175.0,0.0
25696,2027-06-01,30,0,0.0,0.0,169.2,,,,1,,169.0,0.0
295998,2026-07-01,0,31,1.0,8135.0,262.4,262.4,118,16,30,262.0,262.0,8135.0
295998,2026-08-01,1,30,0.968,7489.0,249.3,249.6,124,13,30,250.0,249.0,7489.0
295998,2026-09-01,0,30,1.0,7649.0,255.0,255.0,284,95,30,255.0,255.0,7649.0
295998,2026-10-01,0,31,1.0,7817.0,252.2,252.2,,,30,252.0,252.0,7817.0
295998,2026-11-01,0,30,1.0,7578.0,252.6,252.6,,,30,253.0,253.0,7578.0
295998,2026-12-01,13,18,0.581,4732.0,251.8,262.9,,,30,263.0,252.0,4732.0
295998,2027-01-01,31,0,0.0,0.0,232.3,,,,30,,232.0,0.0
295998,2027-02-01,28,0,0.0,0.0,230.9,,,,30,,231.0,0.0
295998,2027-03-01,31,0,0.0,0.0,234.8,,,,30,,235.0,0.0
295998,2027-04-01,29,1,0.033,238.0,247.2,238.0,308,1,30,238.0,247.0,238.0
295998,2027-05-01,31,0,0.0,0.0,249.7,,,,30,,250.0,0.0
295998,2027-06-01,30,0,0.0,0.0,246.5,,,,30,,247.0,0.0
936218,2026-07-01,0,31,1.0,1262.0,40.7,40.7,,,30,41.0,41.0,1262.0
936218,2026-08-01,1,30,0.968,1219.0,40.6,40.6,170,1,30,41.0,41.0,1219.0
936218,2026-09-01,30,0,0.0,0.0,42.0,,,,30,,42.0,0.0
936218,2026-10-01,31,0,0.0,0.0,43.1,,,,30,,43.0,0.0
936218,2026-11-01,30,0,0.0,0.0,44.3,,,,30,,44.0,0.0
936218,2026-12-01,31,0,0.0,0.0,43.0,,,,30,,43.0,0.0
936218,2027-01-01,31,0,0.0,0.0,44.4,,,,30,,44.0,0.0
936218,2027-02-01,28,0,0.0,0.0,44.8,,,,30,,45.0,0.0
936218,2027-03-01,31,0,0.0,0.0,44.0,,,,30,,44.0,0.0
936218,2027-04-01,30,0,0.0,0.0,44.5,,,,30,,45.0,0.0
936218,2027-05-01,31,0,0.0,0.0,45.2,,,,30,,45.0,0.0
936218,2027-06-01,30,0,0.0,0.0,44.7,,,,,,45.0,0.0
141335,2026-07-01,13,18,0.581,13238.0,718.8,735.4,,,30,735.0,719.0,13238.0
141335,2026-08-01,30,1,0.032,746.0,741.4,746.0,80,31,30,746.0,741.0,746.0
141335,2026-09-01,0,30,1.0,21733.0,724.4,724.4,,,30,724.0,724.0,21733.0
141335,2026-10-01,31,0,0.0,0.0,687.5,,,,30,,688.0,0.0
141335,2026-11-01,30,0,0.0,0.0,701.3,,,,30,,701.0,0.0
141335,2026-12-01,31,0,0.0,0.0,693.0,,,,30,,693.0,0.0
141335,2027-01-01,31,0,0.0,0.0,684.7,,,,30,,685.0,0.0
141335,2027-02-01,28,0,0.0,0.0,689.8,,,,30,,690.0,0.0
141335,2027-03-01,31,0,0.0,0.0,698.4,,,,30,,698.0,0.0
141335,2027-04-01,30,0,0.0,0.0,693.1,,,,30,,693.0,0.0
141335,2027-05-01,31,0,0.0,0.0,692.4,,,,30,,692.0,0.0
141335,2027-06-01,30,0,0.0,0.0,708.0,,,,30,,708.0,0.0
431865,2026-07-01,17,14,0.452,5758.0,441.3,411.3,155,6,4,411.0,441.0,5758.0
431865,2026-08-01,23,8,0.258,3673.0,452.1,459.1,67,4,4,459.0,452.0,3673.0
431865,2026-09-01,19,11,0.367,4874.0,443.8,443.1,96,3,4,443.0,444.0,4874.0
431865,2026-10-01,10,21,0.677,10169.0,483.6,484.2,327,8,4,484.0,484.0,10169.0
431865,2026-11-01,26,4,0.133,2040.0,489.1,510.0,141,4,4,510.0,489.0,2040.0
431865,2026-12-01,18,13,0.419,6733.0,525.8,517.9,225,6,4,518.0,526.0,6733.0
431865,2027-01-01,31,0,0.0,0.0,480.7,,,,4,,481.0,0.0
431865,2027-02-01,28,0,0.0,0.0,432.4,,,,4,,432.0,0.0
431865,2027-03-01,31,0,0.0,0.0,398.3,,,,4,,398.0,0.0
431865,2027-04-01,30,0,0.0,0.0,394.6,,,,4,,395.0,0.0
431865,2027-05-01,31,0,0.0,0.0,450.3,,,,4,,450.0,0.0
431865,2027-06-01,14,16,0.533,7643.0,474.1,477.7,345,16,4,478.0,474.0,7643.0
93313,2026-07-01,7,24,0.774,4035.0,167.5,168.1,103,6,30,168.0,168.0,4035.0
93313,2026-08-01,8,23,0.742,3936.0,171.5,171.1,63,6,30,171.0,172.0,3936.0
93313,2026-09-01,12,18,0.6,3088.0,171.4,171.6,95,5,30,172.0,171.0,3088.0
93313,2026-10-01,8,23,0.742,3845.0,167.0,167.2,167,6,30,167.0,167.0,3845.0
93313,2026-11-01,24,6,0.2,985.0,163.8,164.2,165,5,30,164.0,164.0,985.0
93313,2026-12-01,21,10,0.323,1632.0,163.0,163.2,193,5,30,163.0,163.0,1632.0
93313,2027-01-01,30,1,0.032,164.0,161.5,164.0,,,30,164.0,162.0,164.0
93313,2027-02-01,28,0,0.0,0.0,162.0,,,,30,,162.0,0.0
93313,2027-03-01,31,0,0.0,0.0,164.6,,,,30,,165.0,0.0
93313,2027-04-01,30,0,0.0,0.0,167.6,,,,30,,168.0,0.0
93313,2027-05-01,26,5,0.161,844.0,170.5,168.8,349,7,30,169.0,171.0,844.0
93313,2027-06-01,28,2,0.067,338.0,168.3,169.0,,,30,169.0,168.0,338.0
1023529,2026-07-01,29,2,0.065,123.0,61.5,61.5,7,2,30,62.0,62.0,123.0
1023529,2026-08-01,31,0,0.0,0.0,61.5,,,,30,,62.0,0.0
1023529,2026-09-01,30,0,0.0,0.0,61.6,,,,30,,62.0,0.0
1023529,2026-10-01,31,0,0.0,0.0,61.3,,,,30,,61.0,0.0
1023529,2026-11-01,30,0,0.0,0.0,61.0,,,,30,,61.0,0.0
1023529,2026-12-01,31,0,0.0,0.0,60.9,,,,30,,61.0,0.0
1023529,2027-01-01,31,0,0.0,0.0,62.8,,,,30,,63.0,0.0
1023529,2027-02-01,28,0,0.0,0.0,63.1,,,,30,,63.0,0.0
1023529,2027-03-01,31,0,0.0,0.0,62.9,,,,30,,63.0,0.0
1023529,2027-04-01,30,0,0.0,0.0,62.9,,,,30,,63.0,0.0
1023529,2027-05-01,31,0,0.0,0.0,64.2,,,,30,,64.0,0.0
1023529,2027-06-01,30,0,0.0,0.0,64.4,,,,30,,64.0,0.0
748118,2026-07-01,28,3,0.097,1057.0,361.2,352.3,152,3,3,352.0,361.0,1057.0
748118,2026-08-01,31,0,0.0,0.0,387.9,,,,3,,388.0,0.0
748118,2026-09-01,30,0,0.0,0.0,394.2,,,,3,,394.0,0.0
748118,2026-10-01,28,3,0.097,1111.0,370.6,370.3,109,3,3,370.0,371.0,1111.0
748118,2026-11-01,30,0,0.0,0.0,361.8,,,,3,,362.0,0.0
748118,2026-12-01,31,0,0.0,0.0,367.9,,,,3,,368.0,0.0
748118,2027-01-01,31,0,0.0,0.0,363.4,,,,3,,363.0,0.0
748118,2027-02-01,28,0,0.0,0.0,364.5,,,,3,,365.0,0.0
748118,2027-03-01,31,0,0.0,0.0,363.7,,,,3,,364.0,0.0
748118,2027-04-01,30,0,0.0,0.0,364.0,,,,3,,364.0,0.0
748118,2027-05-01,31,0,0.0,0.0,362.9,,,,3,,363.0,0.0
748118,2027-06-01,30,0,0.0,0.0,367.0,,,,3,,367.0,0.0
645075,2026-07-01,6,25,0.806,5203.0,210.9,208.1,,,2,208.0,211.0,5203.0
645075,2026-08-01,8,23,0.742,5189.0,224.8,225.6,156,22,2,226.0,225.0,5189.0
645075,2026-09-01,0,30,1.0,6601.0,220.0,220.0,148,10,2,220.0,220.0,6601.0
645075,2026-10-01,1,30,0.968,6732.0,224.7,224.4,150,14,2,224.0,225.0,6732.0
645075,2026-11-01,23,7,0.233,1520.0,222.1,217.1,167,6,2,217.0,222.0,1520.0
645075,2026-12-01,28,3,0.097,655.0,215.0,218.3,176,3,2,218.0,215.0,655.0
645075,2027-01-01,31,0,0.0,0.0,211.7,,,,2,,212.0,0.0
645075,2027-02-01,28,0,0.0,0.0,211.1,,,,2,,211.0,0.0
645075,2027-03-01,31,0,0.0,0.0,207.4,,,,2,,207.0,0.0
645075,2027-04-01,30,0,0.0,0.0,208.8,,,,2,,209.0,0.0
645075,2027-05-01,31,0,0.0,0.0,209.8,,,,2,,210.0,0.0
645075,2027-06-01,30,0,0.0,0.0,209.7,,,,2,,210.0,0.0
292800,2026-07-01,31,0,0.0,0.0,350.8,,,,90,,351.0,0.0
292800,2026-08-01,31,0,0.0,0.0,320.1,,,,90,,320.0,0.0
292800,2026-09-01,30,0,0.0,0.0,295.4,,,,90,,295.0,0.0
292800,2026-10-01,31,0,0.0,0.0,303.3,,,,90,,303.0,0.0
292800,2026-11-01,30,0,0.0,0.0,301.6,,,,90,,302.0,0.0
292800,2026-12-01,31,0,0.0,0.0,301.8,,,,90,,302.0,0.0
292800,2027-01-01,31,0,0.0,0.0,300.3,,,,90,,300.0,0.0
292800,2027-02-01,28,0,0.0,0.0,301.2,,,,90,,301.0,0.0
292800,2027-03-01,31,0,0.0,0.0,306.6,,,,90,,307.0,0.0
292800,2027-04-01,30,0,0.0,0.0,306.7,,,,90,,307.0,0.0
292800,2027-05-01,31,0,0.0,0.0,307.6,,,,90,,308.0,0.0
292800,2027-06-01,30,0,0.0,0.0,308.4,,,,,,308.0,0.0
55959,2026-07-01,22,9,0.29,2037.0,233.9,226.3,40,9,4,226.0,234.0,2037.0
55959,2026-08-01,31,0,0.0,0.0,270.9,,,,4,,271.0,0.0
55959,2026-09-01,30,0,0.0,0.0,241.1,,,,4,,241.0,0.0
55959,2026-10-01,31,0,0.0,0.0,235.3,,,,4,,235.0,0.0
55959,2026-11-01,30,0,0.0,0.0,234.4,,,,4,,234.0,0.0
55959,2026-12-01,31,0,0.0,0.0,230.7,,,,4,,231.0,0.0
55959,2027-01-01,31,0,0.0,0.0,229.8,,,,4,,230.0,0.0
55959,2027-02-01,28,0,0.0,0.0,232.5,,,,4,,233.0,0.0
55959,2027-03-01,31,0,0.0,0.0,229.4,,,,4,,229.0,0.0
55959,2027-04-01,30,0,0.0,0.0,228.9,,,,4,,229.0,0.0
55959,2027-05-01,31,0,0.0,0.0,234.9,,,,4,,235.0,0.0
55959,2027-06-01,30,0,0.0,0.0,240.3,,,,4,,240.0,0.0
747316,2026-07-01,0,31,1.0,2757.0,88.9,88.9,,,30,89.0,89.0,2757.0
747316,2026-08-01,0,31,1.0,2608.0,84.1,84.1,,,30,84.0,84.0,2608.0
747316,2026-09-01,0,30,1.0,2462.0,82.1,82.1,,,30,82.0,82.0,2462.0
747316,2026-10-01,10,21,0.677,1698.0,82.0,80.9,,,30,81.0,82.0,1698.0
747316,2026-11-01,30,0,0.0,0.0,87.1,,,,30,,87.0,0.0
747316,2026-12-01,31,0,0.0,0.0,85.9,,,,30,,86.0,0.0
747316,2027-01-01,31,0,0.0,0.0,82.6,,,,30,,83.0,0.0
747316,2027-02-01,28,0,0.0,0.0,80.2,,,,30,,80.0,0.0
747316,2027-03-01,31,0,0.0,0.0,81.0,,,,30,,81.0,0.0
747316,2027-04-01,30,0,0.0,0.0,81.8,,,,30,,82.0,0.0
747316,2027-05-01,31,0,0.0,0.0,83.6,,,,30,,84.0,0.0
747316,2027-06-01,30,0,0.0,0.0,83.2,,,,,,83.0,0.0
239733,2026-07-01,31,0,0.0,0.0,284.7,,,,30,,285.0,0.0
239733,2026-08-01,31,0,0.0,0.0,283.0,,,,30,,283.0,0.0
239733,2026-09-01,30,0,0.0,0.0,283.3,,,,30,,283.0,0.0
239733,2026-10-01,31,0,0.0,0.0,282.4,,,,30,,282.0,0.0
239733,2026-11-01,30,0,0.0,0.0,283.1,,,,30,,283.0,0.0
239733,2026-12-01,31,0,0.0,0.0,282.4,,,,30,,282.0,0.0
239733,2027-01-01,31,0,0.0,0.0,279.7,,,,30,,280.0,0.0
239733,2027-02-01,28,0,0.0,0.0,281.6,,,,30,,282.0,0.0
239733,2027-03-01,31,0,0.0,0.0,280.0,,,,30,,280.0,0.0
239733,2027-04-01,30,0,0.0,0.0,281.4,,,,30,,281.0,0.0
239733,2027-05-01,31,0,0.0,0.0,279.1,,,,30,,279.0,0.0
239733,2027-06-01,30,0,0.0,0.0,284.8,,,,30,,285.0,0.0
100002,2026-07-01,31,0,0.0,0.0,66.5,,,,30,,67.0,0.0
100002,2026-08-01,31,0,0.0,0.0,65.7,,,,30,,66.0,0.0
100002,2026-09-01,30,0,0.0,0.0,67.0,,,,30,,67.0,0.0
100002,2026-10-01,31,0,0.0,0.0,68.0,,,,30,,68.0,0.0
100002,2026-11-01,30,0,0.0,0.0,69.5,,,,30,,70.0,0.0
100002,2026-12-01,31,0,0.0,0.0,68.9,,,,30,,69.0,0.0
100002,2027-01-01,31,0,0.0,0.0,69.6,,,,30,,70.0,0.0
100002,2027-02-01,28,0,0.0,0.0,70.1,,,,30,,70.0,0.0
100002,2027-03-01,31,0,0.0,0.0,71.5,,,,30,,72.0,0.0
100002,2027-04-01,30,0,0.0,0.0,71.6,,,,30,,72.0,0.0
100002,2027-05-01,31,0,0.0,0.0,70.6,,,,30,,71.0,0.0
100002,2027-06-01,30,0,0.0,0.0,70.9,,,,30,,71.0,0.0
107630,2026-07-01,0,31,1.0,6629.0,213.8,213.8,34,59,30,214.0,214.0,6629.0
107630,2026-08-01,3,28,0.903,5822.0,207.7,207.9,,,30,208.0,208.0,5822.0
107630,2026-09-01,30,0,0.0,0.0,217.3,,,,30,,217.0,0.0
107630,2026-10-01,31,0,0.0,0.0,217.6,,,,30,,218.0,0.0
107630,2026-11-01,30,0,0.0,0.0,216.0,,,,30,,216.0,0.0
107630,2026-12-01,31,0,0.0,0.0,215.4,,,,30,,215.0,0.0
107630,2027-01-01,31,0,0.0,0.0,214.7,,,,30,,215.0,0.0
107630,2027-02-01,28,0,0.0,0.0,217.4,,,,30,,217.0,0.0
107630,2027-03-01,31,0,0.0,0.0,217.8,,,,30,,218.0,0.0
107630,2027-04-01,30,0,0.0,0.0,215.4,,,,30,,215.0,0.0
107630,2027-05-01,31,0,0.0,0.0,214.0,,,,30,,214.0,0.0
107630,2027-06-01,30,0,0.0,0.0,216.7,,,,,,217.0,0.0
288726,2026-07-01,31,0,0.0,0.0,102.6,,,,30,,103.0,0.0
288726,2026-08-01,5,26,0.839,2360.0,91.7,90.8,61,30,30,91.0,92.0,2360.0
288726,2026-09-01,26,4,0.133,319.0,80.8,79.8,,,30,80.0,81.0,319.0
288726,2026-10-01,31,0,0.0,0.0,89.0,,,,30,,89.0,0.0
288726,2026-11-01,30,0,0.0,0.0,89.6,,,,30,,90.0,0.0
288726,2026-12-01,31,0,0.0,0.0,91.0,,,,30,,91.0,0.0
288726,2027-01-01,31,0,0.0,0.0,90.0,,,,30,,90.0,0.0
288726,2027-02-01,28,0,0.0,0.0,89.6,,,,30,,90.0,0.0
288726,2027-03-01,31,0,0.0,0.0,91.7,,,,30,,92.0,0.0
288726,2027-04-01,30,0,0.0,0.0,92.7,,,,30,,93.0,0.0
288726,2027-05-01,31,0,0.0,0.0,91.7,,,,30,,92.0,0.0
288726,2027-06-01,30,0,0.0,0.0,91.3,,,,30,,91.0,0.0
753687,2026-07-01,9,22,0.71,4195.0,199.9,190.7,195,4,2,191.0,200.0,4195.0
753687,2026-08-01,17,14,0.452,2522.0,183.6,180.1,131,4,3,180.0,184.0,2522.0
753687,2026-09-01,7,23,0.767,3963.0,172.3,172.3,248,4,2,172.0,172.0,3963.0
753687,2026-10-01,13,18,0.581,3057.0,175.4,169.8,251,4,2,170.0,175.0,3057.0
753687,2026-11-01,25,5,0.167,836.0,190.2,167.2,291,4,3,167.0,190.0,836.0
753687,2026-12-01,15,16,0.516,3419.0,213.3,213.7,313,4,3,214.0,213.0,3419.0
753687,2027-01-01,31,0,0.0,0.0,182.8,,,,3,,183.0,0.0
753687,2027-02-01,28,0,0.0,0.0,185.9,,,,3,,186.0,0.0
753687,2027-03-01,31,0,0.0,0.0,181.0,,,,3,,181.0,0.0
753687,2027-04-01,30,0,0.0,0.0,184.7,,,,3,,185.0,0.0
753687,2027-05-01,31,0,0.0,0.0,190.1,,,,3,,190.0,0.0
753687,2027-06-01,30,0,0.0,0.0,190.6,,,,3,,191.0,0.0
487684,2026-07-01,31,0,0.0,0.0,374.6,,,,150,,375.0,0.0
487684,2026-08-01,31,0,0.0,0.0,361.5,,,,150,,362.0,0.0
487684,2026-09-01,30,0,0.0,0.0,358.5,,,,150,,359.0,0.0
487684,2026-10-01,31,0,0.0,0.0,360.9,,,,150,,361.0,0.0
487684,2026-11-01,30,0,0.0,0.0,359.1,,,,150,,359.0,0.0
487684,2026-12-01,31,0,0.0,0.0,357.5,,,,150,,358.0,0.0
487684,2027-01-01,31,0,0.0,0.0,359.3,,,,150,,359.0,0.0
487684,2027-02-01,28,0,0.0,0.0,362.8,,,,150,,363.0,0.0
487684,2027-03-01,31,0,0.0,0.0,360.3,,,,150,,360.0,0.0
487684,2027-04-01,30,0,0.0,0.0,358.2,,,,,,358.0,0.0
487684,2027-05-01,31,0,0.0,0.0,358.5,,,,,,359.0,0.0
487684,2027-06-01,30,0,0.0,0.0,361.9,,,,,,362.0,0.0
411918,2026-07-01,11,20,0.645,3044.0,151.0,152.2,55,32,30,152.0,151.0,3044.0
411918,2026-08-01,0,31,1.0,4435.0,143.1,143.1,,,30,143.0,143.0,4435.0
411918,2026-09-01,30,0,0.0,0.0,141.7,,,,30,,142.0,0.0
411918,2026-10-01,31,0,0.0,0.0,149.8,,,,30,,150.0,0.0
411918,2026-11-01,29,1,0.033,148.0,149.8,148.0,177,10,30,148.0,150.0,148.0
411918,2026-12-01,6,25,0.806,3689.0,147.6,147.6,193,108,30,148.0,148.0,3689.0
411918,2027-01-01,0,31,1.0,4572.0,147.5,147.5,,,30,148.0,148.0,4572.0
411918,2027-02-01,0,28,1.0,4210.0,150.4,150.4,,,30,150.0,150.0,4210.0
411918,2027-03-01,0,31,1.0,4665.0,150.5,150.5,,,30,151.0,151.0,4665.0
411918,2027-04-01,2,28,0.933,4217.0,150.6,150.6,303,32,30,151.0,151.0,4217.0
411918,2027-05-01,25,6,0.194,903.0,150.3,150.5,,,30,151.0,150.0,903.0
411918,2027-06-01,30,0,0.0,0.0,149.7,,,,30,,150.0,0.0
727512,2026-07-01,31,0,0.0,0.0,208.6,,,,1,,209.0,0.0
727512,2026-08-01,31,0,0.0,0.0,205.3,,,,1,,205.0,0.0
727512,2026-09-01,30,0,0.0,0.0,212.9,,,,1,,213.0,0.0
727512,2026-10-01,31,0,0.0,0.0,212.4,,,,1,,212.0,0.0
727512,2026-11-01,30,0,0.0,0.0,210.4,,,,1,,210.0,0.0
727512,2026-12-01,31,0,0.0,0.0,216.3,,,,1,,216.0,0.0
727512,2027-01-01,31,0,0.0,0.0,243.0,,,,1,,243.0,0.0
727512,2027-02-01,28,0,0.0,0.0,231.1,,,,1,,231.0,0.0
727512,2027-03-01,31,0,0.0,0.0,207.5,,,,1,,208.0,0.0
727512,2027-04-01,30,0,0.0,0.0,206.6,,,,1,,207.0,0.0
727512,2027-05-01,31,0,0.0,0.0,227.8,,,,1,,228.0,0.0
727512,2027-06-01,30,0,0.0,0.0,243.6,,,,,,244.0,0.0
216080,2026-07-01,18,13,0.419,1996.0,153.6,153.5,187,196,30,154.0,154.0,1996.0
216080,2026-08-01,0,31,1.0,4693.0,151.4,151.4,,,30,151.0,151.0,4693.0
216080,2026-09-01,0,30,1.0,4553.0,151.8,151.8,,,30,152.0,152.0,4553.0
216080,2026-10-01,0,31,1.0,4751.0,153.3,153.3,,,30,153.0,153.0,4751.0
216080,2026-11-01,0,30,1.0,4585.0,152.8,152.8,,,30,153.0,153.0,4585.0
216080,2026-12-01,0,31,1.0,4663.0,150.4,150.4,,,30,150.0,150.0,4663.0
216080,2027-01-01,1,30,0.968,4522.0,150.7,150.7,,,30,151.0,151.0,4522.0
216080,2027-02-01,0,28,1.0,4245.0,151.6,151.6,228,120,30,152.0,152.0,4245.0
216080,2027-03-01,0,31,1.0,4802.0,154.9,154.9,,,30,155.0,155.0,4802.0
216080,2027-04-01,0,30,1.0,4619.0,154.0,154.0,,,30,154.0,154.0,4619.0
216080,2027-05-01,0,31,1.0,4775.0,154.0,154.0,,,30,154.0,154.0,4775.0
216080,2027-06-01,30,0,0.0,0.0,154.0,,,,30,,154.0,0.0
645693,2026-07-01,1,30,0.968,2213.0,74.1,73.8,96,30,30,74.0,74.0,2213.0
645693,2026-08-01,31,0,0.0,0.0,85.3,,,,30,,85.0,0.0
645693,2026-09-01,30,0,0.0,0.0,84.7,,,,30,,85.0,0.0
645693,2026-10-01,31,0,0.0,0.0,85.4,,,,30,,85.0,0.0
645693,2026-11-01,30,0,0.0,0.0,82.6,,,,30,,83.0,0.0
645693,2026-12-01,31,0,0.0,0.0,77.5,,,,30,,78.0,0.0
645693,2027-01-01,31,0,0.0,0.0,73.6,,,,30,,74.0,0.0
645693,2027-02-01,28,0,0.0,0.0,73.2,,,,30,,73.0,0.0
645693,2027-03-01,31,0,0.0,0.0,73.6,,,,30,,74.0,0.0
645693,2027-04-01,30,0,0.0,0.0,73.6,,,,30,,74.0,0.0
645693,2027-05-01,31,0,0.0,0.0,76.0,,,,30,,76.0,0.0
645693,2027-06-01,30,0,0.0,0.0,75.7,,,,,,76.0,0.0
736187,2026-07-01,0,31,1.0,1651.0,53.3,53.3,61,121,30,53.0,53.0,1651.0
736187,2026-08-01,0,31,1.0,1690.0,54.5,54.5,,,30,55.0,55.0,1690.0
736187,2026-09-01,0,30,1.0,1722.0,57.4,57.4,,,30,57.0,57.0,1722.0
736187,2026-10-01,2,29,0.935,1620.0,55.9,55.9,,,30,56.0,56.0,1620.0
736187,2026-11-01,30,0,0.0,0.0,56.5,,,,30,,57.0,0.0
736187,2026-12-01,31,0,0.0,0.0,55.3,,,,30,,55.0,0.0
736187,2027-01-01,31,0,0.0,0.0,55.5,,,,30,,56.0,0.0
736187,2027-02-01,28,0,0.0,0.0,55.2,,,,30,,55.0,0.0
736187,2027-03-01,31,0,0.0,0.0,56.2,,,,30,,56.0,0.0
736187,2027-04-01,30,0,0.0,0.0,55.7,,,,30,,56.0,0.0
736187,2027-05-01,31,0,0.0,0.0,56.1,,,,30,,56.0,0.0
736187,2027-06-01,30,0,0.0,0.0,56.4,,,,30,,56.0,0.0
