listing_id,date,vacant_days,reserved_days,occupancy,revenue,rate_avg,booked_rate_avg,booking_lead_time_avg,length_of_stay_avg,min_nights_avg,native_booked_rate_avg,native_rate_avg,native_revenue
758919,2025-07-01,31,0,0.0,0.0,520.5,,,,30,,521.0,0.0
758919,2025-08-01,31,0,0.0,0.0,526.3,,,,30,,526.0,0.0
758919,2025-09-01,30,0,0.0,0.0,516.8,,,,30,,517.0,0.0
758919,2025-10-01,31,0,0.0,0.0,527.2,,,,30,,527.0,0.0
758919,2025-11-01,30,0,0.0,0.0,533.8,,,,30,,534.0,0.0
758919,2025-12-01,25,6,0.194,3175.0,534.8,529.2,1,6,30,529.0,535.0,3175.0
758919,2026-01-01,31,0,0.0,0.0,566.4,,,,30,,566.0,0.0
758919,2026-02-01,28,0,0.0,0.0,620.0,,,,30,,620.0,0.0
758919,2026-03-01,31,0,0.0,0.0,602.5,,,,30,,603.0,0.0
758919,2026-04-01,30,0,0.0,0.0,601.9,,,,30,,602.0,0.0
758919,2026-05-01,31,0,0.0,0.0,600.4,,,,30,,600.0,0.0
758919,2026-06-01,24,6,0.2,3530.0,585.2,588.3,1,6,30,588.0,585.0,3530.0
253800,2025-07-01,31,0,0.0,0.0,380.1,,,,1,,380.0,0.0
253800,2025-08-01,26,5,0.161,1960.0,396.2,392.0,5,7,1,392.0,396.0,1960.0
253800,2025-09-01,16,14,0.467,6123.0,446.6,437.4,24,6,1,437.0,447.0,6123.0
253800,2025-10-01,25,6,0.194,3066.0,465.5,511.0,85,3,1,511.0,466.0,3066.0
253800,2025-11-01,29,1,0.033,487.0,433.5,487.0,11,1,1,487.0,434.0,487.0
253800,2025-12-01,31,0,0.0,0.0,391.6,,,,1,,392.0,0.0
253800,2026-01-01,31,0,0.0,0.0,359.3,,,,1,,359.0,0.0
253800,2026-02-01,28,0,0.0,0.0,415.8,,,,1,,416.0,0.0
253800,2026-03-01,31,0,0.0,0.0,416.0,,,,1,,416.0,0.0
253800,2026-04-01,26,4,0.133,1535.0,393.0,383.8,34,4,1,384.0,393.0,1535.0
253800,2026-05-01,28,3,0.097,1406.0,473.8,468.7,25,3,1,469.0,474.0,1406.0
253800,2026-06-01,26,4,0.133,2680.0,564.4,670.0,18,2,1,670.0,564.0,2680.0
136493,2025-07-01,11,20,0.645,5711.0,285.3,285.6,79,6,4,286.0,285.0,5711.0
136493,2025-08-01,10,21,0.677,5895.0,281.7,280.7,72,7,3,281.0,282.0,5895.0
136493,2025-09-01,30,0,0.0,0.0,294.3,,,,3,,294.0,0.0
136493,2025-10-01,31,0,0.0,0.0,283.5,,,,3,,284.0,0.0
136493,2025-11-01,26,4,0.133,1170.0,285.2,292.5,14,4,3,293.0,285.0,1170.0
136493,2025-12-01,31,0,0.0,0.0,299.5,,,,3,,300.0,0.0
136493,2026-01-01,31,0,0.0,0.0,302.3,,,,3,,302.0,0.0
136493,2026-02-01,28,0,0.0,0.0,400.1,,,,3,,400.0,0.0
136493,2026-03-01,31,0,0.0,0.0,398.8,,,,3,,399.0,0.0
136493,2026-04-01,30,0,0.0,0.0,408.1,,,,3,,408.0,0.0
136493,2026-05-01,31,0,0.0,0.0,412.0,,,,3,,412.0,0.0
136493,2026-06-01,30,0,0.0,0.0,400.1,,,,3,,400.0,0.0
1278784,2025-07-01,7,24,0.774,2173.0,90.6,90.5,1,24,30,91.0,91.0,2173.0
1278784,2025-08-01,27,4,0.129,306.0,78.8,76.5,187,45,30,77.0,79.0,306.0
1278784,2025-09-01,0,30,1.0,2249.0,75.0,75.0,,,30,75.0,75.0,2249.0
1278784,2025-10-01,16,15,0.484,1001.0,60.5,66.7,1,20,30,67.0,61.0,1001.0
1278784,2025-11-01,10,20,0.667,1253.0,61.8,62.6,1,33,30,63.0,62.0,1253.0
1278784,2025-12-01,2,29,0.935,1635.0,56.2,56.4,,,30,56.0,56.0,1635.0
1278784,2026-01-01,9,22,0.71,1343.0,60.6,61.0,45,30,30,61.0,61.0,1343.0
1278784,2026-02-01,17,11,0.393,631.0,57.2,57.4,4,3,30,57.0,57.0,631.0
1278784,2026-03-01,31,0,0.0,0.0,60.3,,,,30,,60.0,0.0
1278784,2026-04-01,10,20,0.667,1298.0,63.0,64.9,25,24,30,65.0,63.0,1298.0
1278784,2026-05-01,2,29,0.935,1945.0,67.0,67.1,108,25,30,67.0,67.0,1945.0
1278784,2026-06-01,1,29,0.967,1978.0,68.3,68.2,58,48,30,68.0,68.0,1978.0
425423,2025-07-01,28,3,0.097,134.0,46.2,44.7,1,1,30,45.0,46.0,134.0
425423,2025-08-01,20,11,0.355,509.0,43.7,46.3,1,11,30,46.0,44.0,509.0
425423,2025-09-01,30,0,0.0,0.0,41.1,,,,30,,41.0,0.0
425423,2025-10-01,31,0,0.0,0.0,38.3,,,,30,,38.0,0.0
425423,2025-11-01,30,0,0.0,0.0,38.9,,,,30,,39.0,0.0
425423,2025-12-01,31,0,0.0,0.0,39.5,,,,30,,40.0,0.0
425423,2026-01-01,31,0,0.0,0.0,39.2,,,,30,,39.0,0.0
425423,2026-02-01,28,0,0.0,0.0,45.6,,,,30,,46.0,0.0
425423,2026-03-01,31,0,0.0,0.0,48.0,,,,30,,48.0,0.0
425423,2026-04-01,30,0,0.0,0.0,49.9,,,,30,,50.0,0.0
425423,2026-05-01,31,0,0.0,0.0,47.0,,,,30,,47.0,0.0
425423,2026-06-01,30,0,0.0,0.0,50.5,,,,30,,51.0,0.0
33009,2025-07-01,31,0,0.0,0.0,193.7,,,,30,,194.0,0.0
33009,2025-08-01,28,3,0.097,605.0,200.0,201.7,54,1,30,202.0,200.0,605.0
33009,2025-09-01,28,2,0.067,342.0,178.7,171.0,80,1,30,171.0,179.0,342.0
33009,2025-10-01,10,21,0.677,3385.0,165.0,161.2,14,44,30,161.0,165.0,3385.0
33009,2025-11-01,3,27,0.9,4509.0,166.0,167.0,1,34,30,167.0,166.0,4509.0
33009,2025-12-01,1,30,0.968,4981.0,167.1,166.0,,,30,166.0,167.0,4981.0
33009,2026-01-01,29,2,0.065,331.0,175.3,165.5,1,2,30,166.0,175.0,331.0
33009,2026-02-01,28,0,0.0,0.0,197.7,,,,30,,198.0,0.0
33009,2026-03-01,31,0,0.0,0.0,196.6,,,,30,,197.0,0.0
33009,2026-04-01,30,0,0.0,0.0,199.6,,,,30,,200.0,0.0
33009,2026-05-01,31,0,0.0,0.0,198.6,,,,30,,199.0,0.0
33009,2026-06-01,30,0,0.0,0.0,195.3,,,,30,,195.0,0.0
993514,2025-07-01,13,18,0.581,4139.0,232.9,229.9,,,30,230.0,233.0,4139.0
993514,2025-08-01,31,0,0.0,0.0,231.1,,,,30,,231.0,0.0
993514,2025-09-01,30,0,0.0,0.0,231.0,,,,30,,231.0,0.0
993514,2025-10-01,31,0,0.0,0.0,230.5,,,,30,,231.0,0.0
993514,2025-11-01,30,0,0.0,0.0,215.7,,,,30,,216.0,0.0
993514,2025-12-01,31,0,0.0,0.0,210.8,,,,30,,211.0,0.0
993514,2026-01-01,31,0,0.0,0.0,220.6,,,,30,,221.0,0.0
993514,2026-02-01,28,0,0.0,0.0,226.4,,,,30,,226.0,0.0
993514,2026-03-01,31,0,0.0,0.0,219.7,,,,30,,220.0,0.0
993514,2026-04-01,30,0,0.0,0.0,240.9,,,,30,,241.0,0.0
993514,2026-05-01,31,0,0.0,0.0,252.5,,,,30,,253.0,0.0
993514,2026-06-01,30,0,0.0,0.0,255.0,,,,30,,255.0,0.0
417685,2025-07-01,0,31,1.0,4682.0,151.0,151.0,104,30,30,151.0,151.0,4682.0
417685,2025-08-01,1,30,0.968,4622.0,154.0,154.1,93,15,30,154.0,154.0,4622.0
417685,2025-09-01,0,30,1.0,4549.0,151.6,151.6,30,15,30,152.0,152.0,4549.0
417685,2025-10-01,12,19,0.613,2996.0,156.4,157.7,144,9,30,158.0,156.0,2996.0
417685,2025-11-01,16,14,0.467,2197.0,158.1,156.9,,,30,157.0,158.0,2197.0
417685,2025-12-01,30,1,0.032,139.0,149.4,139.0,14,1,30,139.0,149.0,139.0
417685,2026-01-01,30,1,0.032,142.0,143.2,142.0,23,1,30,142.0,143.0,142.0
417685,2026-02-01,0,28,1.0,4398.0,157.1,157.1,28,31,30,157.0,157.0,4398.0
417685,2026-03-01,10,21,0.677,3423.0,162.9,163.0,28,24,30,163.0,163.0,3423.0
417685,2026-04-01,0,30,1.0,4570.0,152.3,152.3,,,30,152.0,152.0,4570.0
417685,2026-05-01,22,9,0.29,1451.0,160.8,161.2,54,5,30,161.0,161.0,1451.0
417685,2026-06-01,28,2,0.067,313.0,159.8,156.5,195,30,30,157.0,160.0,313.0
26785,2025-07-01,31,0,0.0,0.0,92.3,,,,30,,92.0,0.0
26785,2025-08-01,5,26,0.839,2341.0,90.2,90.0,50,45,30,90.0,90.0,2341.0
26785,2025-09-01,11,19,0.633,1644.0,86.5,86.5,,,30,87.0,87.0,1644.0
26785,2025-10-01,11,20,0.645,1761.0,87.7,88.0,106,20,30,88.0,88.0,1761.0
26785,2025-11-01,30,0,0.0,0.0,85.1,,,,30,,85.0,0.0
26785,2025-12-01,31,0,0.0,0.0,83.4,,,,30,,83.0,0.0
26785,2026-01-01,31,0,0.0,0.0,77.7,,,,30,,78.0,0.0
26785,2026-02-01,28,0,0.0,0.0,82.1,,,,30,,82.0,0.0
26785,2026-03-01,31,0,0.0,0.0,81.7,,,,30,,82.0,0.0
26785,2026-04-01,30,0,0.0,0.0,84.2,,,,30,,84.0,0.0
26785,2026-05-01,31,0,0.0,0.0,85.2,,,,30,,85.0,0.0
26785,2026-06-01,24,6,0.2,505.0,84.7,84.2,1,6,30,84.0,85.0,505.0
213330,2025-07-01,11,20,0.645,4703.0,233.6,235.2,92,3,5,235.0,234.0,4703.0
213330,2025-08-01,7,24,0.774,5602.0,233.5,233.4,26,8,5,233.0,234.0,5602.0
213330,2025-09-01,6,24,0.8,5779.0,239.9,240.8,121,3,4,241.0,240.0,5779.0
213330,2025-10-01,2,29,0.935,6975.0,239.5,240.5,186,5,4,241.0,240.0,6975.0
213330,2025-11-01,17,13,0.433,3137.0,240.9,241.3,34,4,4,241.0,241.0,3137.0
213330,2025-12-01,7,24,0.774,5651.0,234.9,235.5,195,4,4,236.0,235.0,5651.0
213330,2026-01-01,20,11,0.355,2443.0,221.9,222.1,1,10,5,222.0,222.0,2443.0
213330,2026-02-01,21,7,0.25,1641.0,229.1,234.4,1,17,5,234.0,229.0,1641.0
213330,2026-03-01,3,28,0.903,6766.0,244.0,241.6,,,5,242.0,244.0,6766.0
213330,2026-04-01,17,13,0.433,3394.0,262.3,261.1,49,6,4,261.0,262.0,3394.0
213330,2026-05-01,2,29,0.935,7532.0,260.7,259.7,102,7,4,260.0,261.0,7532.0
213330,2026-06-01,6,24,0.8,6459.0,269.1,269.1,142,6,4,269.0,269.0,6459.0
1117706,2025-07-01,3,28,0.903,4452.0,158.4,159.0,,,30,159.0,158.0,4452.0
1117706,2025-08-01,13,18,0.581,2780.0,153.6,154.4,33,10,30,154.0,154.0,2780.0
1117706,2025-09-01,0,30,1.0,4600.0,153.3,153.3,91,34,30,153.0,153.0,4600.0
1117706,2025-10-01,15,16,0.516,2437.0,154.5,152.3,103,34,30,152.0,155.0,2437.0
1117706,2025-11-01,3,27,0.9,4049.0,148.8,150.0,17,20,30,150.0,149.0,4049.0
1117706,2025-12-01,0,31,1.0,4745.0,153.1,153.1,,,30,153.0,153.0,4745.0
1117706,2026-01-01,0,31,1.0,4877.0,157.3,157.3,27,17,30,157.0,157.0,4877.0
1117706,2026-02-01,6,22,0.786,3243.0,147.6,147.4,22,10,30,147.0,148.0,3243.0
1117706,2026-03-01,1,30,0.968,4617.0,154.2,153.9,1,1,30,154.0,154.0,4617.0
1117706,2026-04-01,6,24,0.8,3613.0,151.5,150.5,101,12,30,151.0,152.0,3613.0
1117706,2026-05-01,31,0,0.0,0.0,152.2,,,,30,,152.0,0.0
1117706,2026-06-01,30,0,0.0,0.0,158.4,,,,30,,158.0,0.0
7097,2025-07-01,0,31,1.0,7128.0,229.9,229.9,166,7,2,230.0,230.0,7128.0
7097,2025-08-01,3,28,0.903,6558.0,233.8,234.2,72,2,2,234.0,234.0,6558.0
7097,2025-09-01,11,19,0.633,4566.0,234.2,240.3,51,3,2,240.0,234.0,4566.0
7097,2025-10-01,31,0,0.0,0.0,224.3,,,,2,,224.0,0.0
7097,2025-11-01,30,0,0.0,0.0,224.7,,,,2,,225.0,0.0
7097,2025-12-01,31,0,0.0,0.0,217.2,,,,2,,217.0,0.0
7097,2026-01-01,31,0,0.0,0.0,214.6,,,,2,,215.0,0.0
7097,2026-02-01,28,0,0.0,0.0,224.8,,,,2,,225.0,0.0
7097,2026-03-01,31,0,0.0,0.0,233.4,,,,2,,233.0,0.0
7097,2026-04-01,30,0,0.0,0.0,233.6,,,,8,,234.0,0.0
7097,2026-05-01,31,0,0.0,0.0,233.1,,,,30,,233.0,0.0
7097,2026-06-01,30,0,0.0,0.0,231.0,,,,30,,231.0,0.0
294280,2025-07-01,31,0,0.0,0.0,396.2,,,,1,,396.0,0.0
294280,2025-08-01,31,0,0.0,0.0,481.4,,,,1,,481.0,0.0
294280,2025-09-01,30,0,0.0,0.0,439.8,,,,1,,440.0,0.0
294280,2025-10-01,31,0,0.0,0.0,429.2,,,,1,,429.0,0.0
294280,2025-11-01,30,0,0.0,0.0,419.5,,,,1,,420.0,0.0
294280,2025-12-01,31,0,0.0,0.0,393.1,,,,1,,393.0,0.0
294280,2026-01-01,31,0,0.0,0.0,401.4,,,,1,,401.0,0.0
294280,2026-02-01,28,0,0.0,0.0,426.1,,,,1,,426.0,0.0
294280,2026-03-01,31,0,0.0,0.0,431.3,,,,1,,431.0,0.0
294280,2026-04-01,30,0,0.0,0.0,434.0,,,,1,,434.0,0.0
294280,2026-05-01,31,0,0.0,0.0,445.2,,,,1,,445.0,0.0
294280,2026-06-01,18,12,0.4,5276.0,436.3,439.7,1,32,1,440.0,436.0,5276.0
69894,2025-07-01,20,11,0.355,1750.0,164.5,159.1,,,30,159.0,165.0,1750.0
69894,2025-08-01,30,1,0.032,154.0,158.7,154.0,34,1,30,154.0,159.0,154.0
69894,2025-09-01,28,2,0.067,312.0,156.4,156.0,173,1,30,156.0,156.0,312.0
69894,2025-10-01,30,1,0.032,156.0,157.3,156.0,219,1,30,156.0,157.0,156.0
69894,2025-11-01,28,2,0.067,314.0,155.8,157.0,246,1,30,157.0,156.0,314.0
69894,2025-12-01,30,1,0.032,144.0,147.7,144.0,192,1,30,144.0,148.0,144.0
69894,2026-01-01,29,2,0.065,257.0,128.3,128.5,220,1,30,129.0,128.0,257.0
69894,2026-02-01,28,0,0.0,0.0,135.5,,,,30,,136.0,0.0
69894,2026-03-01,31,0,0.0,0.0,134.7,,,,30,,135.0,0.0
69894,2026-04-01,30,0,0.0,0.0,136.2,,,,30,,136.0,0.0
69894,2026-05-01,31,0,0.0,0.0,135.8,,,,30,,136.0,0.0
69894,2026-06-01,30,0,0.0,0.0,139.0,,,,30,,139.0,0.0
1549413,2025-07-01,31,0,0.0,0.0,98.8,,,,31,,99.0,0.0
1549413,2025-08-01,31,0,0.0,0.0,98.5,,,,31,,99.0,0.0
1549413,2025-09-01,30,0,0.0,0.0,98.3,,,,31,,98.0,0.0
1549413,2025-10-01,31,0,0.0,0.0,100.1,,,,31,,100.0,0.0
1549413,2025-11-01,30,0,0.0,0.0,93.5,,,,31,,94.0,0.0
1549413,2025-12-01,17,14,0.452,1299.0,94.4,92.8,1,14,31,93.0,94.0,1299.0
1549413,2026-01-01,31,0,0.0,0.0,99.1,,,,31,,99.0,0.0
1549413,2026-02-01,21,7,0.25,738.0,103.9,105.4,69,35,31,105.0,104.0,738.0
1549413,2026-03-01,3,28,0.903,2763.0,98.8,98.7,,,31,99.0,99.0,2763.0
1549413,2026-04-01,2,28,0.933,2924.0,104.6,104.4,107,28,31,104.0,105.0,2924.0
1549413,2026-05-01,31,0,0.0,0.0,106.9,,,,31,,107.0,0.0
1549413,2026-06-01,30,0,0.0,0.0,107.3,,,,31,,107.0,0.0
825129,2025-07-01,0,31,1.0,3512.0,113.3,113.3,126,15,31,113.0,113.0,3512.0
825129,2025-08-01,11,20,0.645,2155.0,113.2,107.8,,,31,108.0,113.0,2155.0
825129,2025-09-01,30,0,0.0,0.0,119.7,,,,31,,120.0,0.0
825129,2025-10-01,31,0,0.0,0.0,115.2,,,,31,,115.0,0.0
825129,2025-11-01,30,0,0.0,0.0,100.5,,,,31,,101.0,0.0
825129,2025-12-01,31,0,0.0,0.0,112.1,,,,31,,112.0,0.0
825129,2026-01-01,31,0,0.0,0.0,90.4,,,,31,,90.0,0.0
825129,2026-02-01,28,0,0.0,0.0,84.5,,,,31,,85.0,0.0
825129,2026-03-01,31,0,0.0,0.0,87.1,,,,31,,87.0,0.0
825129,2026-04-01,30,0,0.0,0.0,84.2,,,,31,,84.0,0.0
825129,2026-05-01,31,0,0.0,0.0,90.0,,,,31,,90.0,0.0
825129,2026-06-01,30,0,0.0,0.0,86.5,,,,31,,87.0,0.0
938022,2025-07-01,6,25,0.806,2931.0,117.5,117.2,74,5,1,117.0,118.0,2931.0
938022,2025-08-01,6,25,0.806,2833.0,114.0,113.3,83,4,1,113.0,114.0,2833.0
938022,2025-09-01,18,12,0.4,1090.0,103.4,90.8,1,25,11,91.0,103.0,1090.0
938022,2025-10-01,3,28,0.903,2605.0,93.2,93.0,32,7,18,93.0,93.0,2605.0
938022,2025-11-01,8,22,0.733,2112.0,96.2,96.0,23,4,5,96.0,96.0,2112.0
938022,2025-12-01,3,28,0.903,3026.0,108.1,108.1,24,19,3,108.0,108.0,3026.0
938022,2026-01-01,3,28,0.903,2772.0,99.7,99.0,2,14,6,99.0,100.0,2772.0
938022,2026-02-01,2,26,0.929,4756.0,176.3,182.9,48,28,7,183.0,176.0,4756.0
938022,2026-03-01,12,19,0.613,3351.0,178.8,176.4,40,11,6,176.0,179.0,3351.0
938022,2026-04-01,13,17,0.567,3975.0,243.0,233.8,,,4,234.0,243.0,3975.0
938022,2026-05-01,31,0,0.0,0.0,273.3,,,,4,,273.0,0.0
938022,2026-06-01,28,2,0.067,677.0,318.0,338.5,53,2,3,339.0,318.0,677.0
777327,2025-07-01,31,0,0.0,0.0,136.1,,,,30,,136.0,0.0
777327,2025-08-01,16,15,0.484,2138.0,143.7,142.5,1,30,30,143.0,144.0,2138.0
777327,2025-09-01,15,15,0.5,2260.0,145.0,150.7,,,30,151.0,145.0,2260.0
777327,2025-10-01,0,31,1.0,4335.0,139.8,139.8,1,67,30,140.0,140.0,4335.0
777327,2025-11-01,0,30,1.0,4258.0,141.9,141.9,,,30,142.0,142.0,4258.0
777327,2025-12-01,25,6,0.194,928.0,145.3,154.7,,,30,155.0,145.0,928.0
777327,2026-01-01,31,0,0.0,0.0,147.0,,,,30,,147.0,0.0
777327,2026-02-01,28,0,0.0,0.0,141.2,,,,30,,141.0,0.0
777327,2026-03-01,31,0,0.0,0.0,146.2,,,,30,,146.0,0.0
777327,2026-04-01,30,0,0.0,0.0,143.0,,,,30,,143.0,0.0
777327,2026-05-01,31,0,0.0,0.0,141.7,,,,30,,142.0,0.0
777327,2026-06-01,15,15,0.5,2020.0,138.8,134.7,1,15,30,135.0,139.0,2020.0
828616,2025-07-01,28,3,0.097,280.0,92.3,93.3,,,30,93.0,92.0,280.0
828616,2025-08-01,31,0,0.0,0.0,92.9,,,,30,,93.0,0.0
828616,2025-09-01,30,0,0.0,0.0,92.1,,,,30,,92.0,0.0
828616,2025-10-01,31,0,0.0,0.0,94.1,,,,30,,94.0,0.0
828616,2025-11-01,29,1,0.033,82.0,89.2,82.0,1,13,30,82.0,89.0,82.0
828616,2025-12-01,19,12,0.387,1034.0,85.5,86.2,,,30,86.0,86.0,1034.0
828616,2026-01-01,29,2,0.065,174.0,87.9,87.0,13,2,30,87.0,88.0,174.0
828616,2026-02-01,28,0,0.0,0.0,92.4,,,,30,,92.0,0.0
828616,2026-03-01,29,2,0.065,183.0,95.8,91.5,1,63,30,92.0,96.0,183.0
828616,2026-04-01,0,30,1.0,2772.0,92.4,92.4,,,30,92.0,92.0,2772.0
828616,2026-05-01,0,31,1.0,2994.0,96.6,96.6,,,30,97.0,97.0,2994.0
828616,2026-06-01,17,13,0.433,1226.0,93.3,94.3,103,8,30,94.0,93.0,1226.0
1533652,2025-07-01,29,2,0.065,284.0,132.3,142.0,,,30,142.0,132.0,284.0
1533652,2025-08-01,31,0,0.0,0.0,131.5,,,,30,,132.0,0.0
1533652,2025-09-01,30,0,0.0,0.0,134.3,,,,30,,134.0,0.0
1533652,2025-10-01,1,30,0.968,3715.0,123.6,123.8,62,22,30,124.0,124.0,3715.0
1533652,2025-11-01,15,15,0.5,1847.0,126.5,123.1,,,30,123.0,127.0,1847.0
1533652,2025-12-01,3,28,0.903,3654.0,130.5,130.5,65,31,30,131.0,131.0,3654.0
1533652,2026-01-01,26,5,0.161,606.0,118.2,121.2,6,2,30,121.0,118.0,606.0
1533652,2026-02-01,28,0,0.0,0.0,129.1,,,,30,,129.0,0.0
1533652,2026-03-01,31,0,0.0,0.0,141.7,,,,30,,142.0,0.0
1533652,2026-04-01,6,24,0.8,3697.0,153.1,154.0,69,33,30,154.0,153.0,3697.0
1533652,2026-05-01,3,28,0.903,6360.0,228.7,227.1,39,28,30,227.0,229.0,6360.0
1533652,2026-06-01,21,9,0.3,1839.0,182.2,204.3,,,30,204.0,182.0,1839.0
2539,2025-07-01,31,0,0.0,0.0,97.8,,,,30,,98.0,0.0
2539,2025-08-01,31,0,0.0,0.0,93.5,,,,30,,94.0,0.0
2539,2025-09-01,30,0,0.0,0.0,90.3,,,,30,,90.0,0.0
2539,2025-10-01,31,0,0.0,0.0,96.9,,,,30,,97.0,0.0
2539,2025-11-01,30,0,0.0,0.0,90.0,,,,30,,90.0,0.0
2539,2025-12-01,31,0,0.0,0.0,92.6,,,,30,,93.0,0.0
2539,2026-01-01,31,0,0.0,0.0,83.3,,,,30,,83.0,0.0
2539,2026-02-01,28,0,0.0,0.0,68.1,,,,30,,68.0,0.0
2539,2026-03-01,31,0,0.0,0.0,72.6,,,,30,,73.0,0.0
2539,2026-04-01,30,0,0.0,0.0,69.1,,,,30,,69.0,0.0
2539,2026-05-01,31,0,0.0,0.0,67.3,,,,30,,67.0,0.0
2539,2026-06-01,12,18,0.6,1486.0,78.0,82.6,1,28,30,83.0,78.0,1486.0
568661,2025-07-01,1,30,0.968,2727.0,91.0,90.9,31,61,30,91.0,91.0,2727.0
568661,2025-08-01,0,31,1.0,2769.0,89.3,89.3,,,30,89.0,89.0,2769.0
568661,2025-09-01,30,0,0.0,0.0,89.4,,,,30,,89.0,0.0
568661,2025-10-01,31,0,0.0,0.0,90.2,,,,30,,90.0,0.0
568661,2025-11-01,30,0,0.0,0.0,87.2,,,,30,,87.0,0.0
568661,2025-12-01,31,0,0.0,0.0,86.2,,,,30,,86.0,0.0
568661,2026-01-01,31,0,0.0,0.0,86.2,,,,30,,86.0,0.0
568661,2026-02-01,28,0,0.0,0.0,103.8,,,,30,,104.0,0.0
568661,2026-03-01,31,0,0.0,0.0,106.6,,,,30,,107.0,0.0
568661,2026-04-01,30,0,0.0,0.0,109.0,,,,30,,109.0,0.0
568661,2026-05-01,31,0,0.0,0.0,109.7,,,,30,,110.0,0.0
568661,2026-06-01,30,0,0.0,0.0,109.4,,,,30,,109.0,0.0
543792,2025-07-01,31,0,0.0,0.0,89.7,,,,30,,90.0,0.0
543792,2025-08-01,30,1,0.032,102.0,100.3,102.0,45,32,30,102.0,100.0,102.0
543792,2025-09-01,0,30,1.0,3215.0,107.2,107.2,,,30,107.0,107.0,3215.0
543792,2025-10-01,11,20,0.645,2043.0,102.5,102.2,45,9,30,102.0,103.0,2043.0
543792,2025-11-01,30,0,0.0,0.0,92.6,,,,30,,93.0,0.0
543792,2025-12-01,31,0,0.0,0.0,98.5,,,,30,,99.0,0.0
543792,2026-01-01,31,0,0.0,0.0,96.1,,,,30,,96.0,0.0
543792,2026-02-01,17,11,0.393,1060.0,95.4,96.4,51,32,30,96.0,95.0,1060.0
543792,2026-03-01,6,25,0.806,2468.0,99.4,98.7,25,24,30,99.0,99.0,2468.0
543792,2026-04-01,10,20,0.667,2049.0,101.9,102.5,,,30,103.0,102.0,2049.0
543792,2026-05-01,31,0,0.0,0.0,104.8,,,,30,,105.0,0.0
543792,2026-06-01,30,0,0.0,0.0,107.8,,,,30,,108.0,0.0
318021,2025-07-01,23,8,0.258,828.0,104.0,103.5,247,30,30,104.0,104.0,828.0
318021,2025-08-01,7,24,0.774,2520.0,105.7,105.0,225,31,30,105.0,106.0,2520.0
318021,2025-09-01,1,29,0.967,3117.0,107.5,107.5,,,30,108.0,108.0,3117.0
318021,2025-10-01,0,31,1.0,3391.0,109.4,109.4,134,31,30,109.0,109.0,3391.0
318021,2025-11-01,25,5,0.167,423.0,90.9,84.6,313,5,30,85.0,91.0,423.0
318021,2025-12-01,29,2,0.065,172.0,82.7,86.0,371,2,30,86.0,83.0,172.0
318021,2026-01-01,28,3,0.097,225.0,54.4,75.0,349,3,30,75.0,54.0,225.0
318021,2026-02-01,28,0,0.0,0.0,42.5,,,,30,,43.0,0.0
318021,2026-03-01,27,4,0.129,172.0,42.9,43.0,312,30,30,43.0,43.0,172.0
318021,2026-04-01,1,29,0.967,1300.0,44.9,44.8,155,15,30,45.0,45.0,1300.0
318021,2026-05-01,4,27,0.871,1221.0,45.0,45.2,,,30,45.0,45.0,1221.0
318021,2026-06-01,4,26,0.867,1147.0,44.1,44.1,251,30,30,44.0,44.0,1147.0
75635,2025-07-01,19,12,0.387,1593.0,132.8,132.8,79,15,30,133.0,133.0,1593.0
75635,2025-08-01,28,3,0.097,399.0,134.5,133.0,,,30,133.0,135.0,399.0
75635,2025-09-01,30,0,0.0,0.0,136.6,,,,30,,137.0,0.0
75635,2025-10-01,31,0,0.0,0.0,137.5,,,,30,,138.0,0.0
75635,2025-11-01,7,23,0.767,3162.0,136.9,137.5,38,22,30,138.0,137.0,3162.0
75635,2025-12-01,9,22,0.71,3183.0,144.7,144.7,,,30,145.0,145.0,3183.0
75635,2026-01-01,11,20,0.645,2743.0,136.5,137.2,1,20,30,137.0,137.0,2743.0
75635,2026-02-01,28,0,0.0,0.0,140.4,,,,30,,140.0,0.0
75635,2026-03-01,28,3,0.097,441.0,139.9,147.0,1,3,30,147.0,140.0,441.0
75635,2026-04-01,30,0,0.0,0.0,144.0,,,,30,,144.0,0.0
75635,2026-05-01,31,0,0.0,0.0,144.4,,,,30,,144.0,0.0
75635,2026-06-01,30,0,0.0,0.0,144.0,,,,30,,144.0,0.0
152263,2025-07-01,23,8,0.258,2449.0,303.6,306.1,11,2,3,306.0,304.0,2449.0
152263,2025-08-01,24,7,0.226,2139.0,301.9,305.6,60,2,2,306.0,302.0,2139.0
152263,2025-09-01,9,21,0.7,6381.0,301.3,303.9,60,4,2,304.0,301.0,6381.0
152263,2025-10-01,7,24,0.774,7465.0,308.2,311.0,86,5,2,311.0,308.0,7465.0
152263,2025-11-01,17,13,0.433,4075.0,307.1,313.5,23,3,2,314.0,307.0,4075.0
152263,2025-12-01,8,23,0.742,7090.0,309.7,308.3,103,3,2,308.0,310.0,7090.0
152263,2026-01-01,28,3,0.097,892.0,281.1,297.3,6,3,2,297.0,281.0,892.0
152263,2026-02-01,25,3,0.107,781.0,261.6,260.3,4,3,2,260.0,262.0,781.0
152263,2026-03-01,31,0,0.0,0.0,323.9,,,,2,,324.0,0.0
152263,2026-04-01,21,9,0.3,2786.0,325.8,309.6,59,9,2,310.0,326.0,2786.0
152263,2026-05-01,19,12,0.387,4105.0,338.9,342.1,47,4,2,342.0,339.0,4105.0
152263,2026-06-01,23,7,0.233,2364.0,340.2,337.7,96,1,2,338.0,340.0,2364.0
711635,2025-07-01,0,31,1.0,6288.0,202.8,202.8,,,30,203.0,203.0,6288.0
711635,2025-08-01,23,8,0.258,1502.0,180.9,187.8,,,30,188.0,181.0,1502.0
711635,2025-09-01,30,0,0.0,0.0,194.1,,,,30,,194.0,0.0
711635,2025-10-01,31,0,0.0,0.0,206.2,,,,30,,206.0,0.0
711635,2025-11-01,30,0,0.0,0.0,201.8,,,,30,,202.0,0.0
711635,2025-12-01,31,0,0.0,0.0,196.6,,,,30,,197.0,0.0
711635,2026-01-01,31,0,0.0,0.0,192.2,,,,30,,192.0,0.0
711635,2026-02-01,26,2,0.071,412.0,197.5,206.0,1,2,30,206.0,198.0,412.0
711635,2026-03-01,31,0,0.0,0.0,203.0,,,,30,,203.0,0.0
711635,2026-04-01,30,0,0.0,0.0,205.6,,,,30,,206.0,0.0
711635,2026-05-01,31,0,0.0,0.0,207.2,,,,30,,207.0,0.0
711635,2026-06-01,30,0,0.0,0.0,210.6,,,,30,,211.0,0.0
225976,2025-07-01,31,0,0.0,0.0,85.2,,,,30,,85.0,0.0
225976,2025-08-01,31,0,0.0,0.0,86.5,,,,30,,87.0,0.0
225976,2025-09-01,30,0,0.0,0.0,87.1,,,,30,,87.0,0.0
225976,2025-10-01,31,0,0.0,0.0,88.2,,,,30,,88.0,0.0
225976,2025-11-01,20,10,0.333,842.0,85.6,84.2,168,5,30,84.0,86.0,842.0
225976,2025-12-01,4,27,0.871,2130.0,78.6,78.9,34,30,30,79.0,79.0,2130.0
225976,2026-01-01,27,4,0.129,277.0,73.3,69.2,,,30,69.0,73.0,277.0
225976,2026-02-01,25,3,0.107,209.0,74.4,69.7,1,3,30,70.0,74.0,209.0
225976,2026-03-01,31,0,0.0,0.0,78.1,,,,30,,78.0,0.0
225976,2026-04-01,30,0,0.0,0.0,79.0,,,,30,,79.0,0.0
225976,2026-05-01,31,0,0.0,0.0,77.6,,,,30,,78.0,0.0
225976,2026-06-01,30,0,0.0,0.0,77.6,,,,30,,78.0,0.0
690603,2025-07-01,31,0,0.0,0.0,177.7,,,,30,,178.0,0.0
690603,2025-08-01,29,2,0.065,336.0,169.9,168.0,41,32,30,168.0,170.0,336.0
690603,2025-09-01,0,30,1.0,5301.0,176.7,176.7,,,30,177.0,177.0,5301.0
690603,2025-10-01,17,14,0.452,2747.0,194.9,196.2,7,14,30,196.0,195.0,2747.0
690603,2025-11-01,16,14,0.467,2518.0,183.7,179.9,,,30,180.0,184.0,2518.0
690603,2025-12-01,31,0,0.0,0.0,184.6,,,,30,,185.0,0.0
690603,2026-01-01,31,0,0.0,0.0,180.1,,,,30,,180.0,0.0
690603,2026-02-01,28,0,0.0,0.0,224.1,,,,30,,224.0,0.0
690603,2026-03-01,31,0,0.0,0.0,225.0,,,,30,,225.0,0.0
690603,2026-04-01,30,0,0.0,0.0,208.9,,,,30,,209.0,0.0
690603,2026-05-01,31,0,0.0,0.0,207.6,,,,30,,208.0,0.0
690603,2026-06-01,30,0,0.0,0.0,192.0,,,,30,,192.0,0.0
513343,2025-07-01,31,0,0.0,0.0,107.1,,,,30,,107.0,0.0
513343,2025-08-01,31,0,0.0,0.0,106.3,,,,30,,106.0,0.0
513343,2025-09-01,30,0,0.0,0.0,102.4,,,,30,,102.0,0.0
513343,2025-10-01,31,0,0.0,0.0,99.1,,,,30,,99.0,0.0
513343,2025-11-01,30,0,0.0,0.0,96.8,,,,30,,97.0,0.0
513343,2025-12-01,16,15,0.484,1469.0,99.1,97.9,1,15,30,98.0,99.0,1469.0
513343,2026-01-01,31,0,0.0,0.0,101.1,,,,30,,101.0,0.0
513343,2026-02-01,28,0,0.0,0.0,103.5,,,,30,,104.0,0.0
513343,2026-03-01,31,0,0.0,0.0,103.4,,,,30,,103.0,0.0
513343,2026-04-01,30,0,0.0,0.0,105.8,,,,30,,106.0,0.0
513343,2026-05-01,31,0,0.0,0.0,109.2,,,,30,,109.0,0.0
513343,2026-06-01,30,0,0.0,0.0,112.0,,,,30,,112.0,0.0
54860,2025-07-01,2,29,0.935,2882.0,99.0,99.4,,,30,99.0,99.0,2882.0
54860,2025-08-01,19,12,0.387,1031.0,91.2,85.9,1,15,30,86.0,91.0,1031.0
54860,2025-09-01,27,3,0.1,302.0,107.9,100.7,,,30,101.0,108.0,302.0
54860,2025-10-01,31,0,0.0,0.0,109.9,,,,30,,110.0,0.0
54860,2025-11-01,30,0,0.0,0.0,108.6,,,,30,,109.0,0.0
54860,2025-12-01,31,0,0.0,0.0,103.4,,,,30,,103.0,0.0
54860,2026-01-01,31,0,0.0,0.0,100.1,,,,30,,100.0,0.0
54860,2026-02-01,28,0,0.0,0.0,90.3,,,,30,,90.0,0.0
54860,2026-03-01,31,0,0.0,0.0,86.8,,,,30,,87.0,0.0
54860,2026-04-01,22,8,0.267,718.0,89.5,89.8,67,8,30,90.0,90.0,718.0
54860,2026-05-01,31,0,0.0,0.0,90.1,,,,30,,90.0,0.0
54860,2026-06-01,30,0,0.0,0.0,89.4,,,,30,,89.0,0.0
896535,2025-07-01,0,31,1.0,5301.0,171.0,171.0,26,7,31,171.0,171.0,5301.0
896535,2025-08-01,0,31,1.0,5615.0,181.1,181.1,152,35,31,181.0,181.0,5615.0
896535,2025-09-01,0,30,1.0,4671.0,155.7,155.7,,,31,156.0,156.0,4671.0
896535,2025-10-01,12,19,0.613,3220.0,169.4,169.5,136,35,31,170.0,169.0,3220.0
896535,2025-11-01,0,30,1.0,4420.0,147.3,147.3,4,2,31,147.0,147.0,4420.0
896535,2025-12-01,14,17,0.548,2799.0,168.3,164.6,86,7,31,165.0,168.0,2799.0
896535,2026-01-01,25,6,0.194,882.0,158.4,147.0,1,6,31,147.0,158.0,882.0
896535,2026-02-01,24,4,0.143,639.0,165.1,159.8,1,6,31,160.0,165.0,639.0
896535,2026-03-01,29,2,0.065,317.0,159.9,158.5,,,31,159.0,160.0,317.0
896535,2026-04-01,30,0,0.0,0.0,155.6,,,,31,,156.0,0.0
896535,2026-05-01,31,0,0.0,0.0,156.1,,,,31,,156.0,0.0
896535,2026-06-01,17,13,0.433,2166.0,167.4,166.6,216,52,31,167.0,167.0,2166.0
14314,2025-07-01,31,0,0.0,0.0,128.2,,,,30,,128.0,0.0
14314,2025-08-01,31,0,0.0,0.0,122.5,,,,30,,123.0,0.0
14314,2025-09-01,30,0,0.0,0.0,129.9,,,,30,,130.0,0.0
14314,2025-10-01,2,29,0.935,3728.0,128.6,128.6,136,45,30,129.0,129.0,3728.0
14314,2025-11-01,14,16,0.533,1996.0,131.9,124.8,,,30,125.0,132.0,1996.0
14314,2025-12-01,31,0,0.0,0.0,136.5,,,,30,,137.0,0.0
14314,2026-01-01,31,0,0.0,0.0,132.6,,,,30,,133.0,0.0
14314,2026-02-01,28,0,0.0,0.0,143.3,,,,30,,143.0,0.0
14314,2026-03-01,31,0,0.0,0.0,146.3,,,,30,,146.0,0.0
14314,2026-04-01,30,0,0.0,0.0,142.1,,,,30,,142.0,0.0
14314,2026-05-01,31,0,0.0,0.0,145.3,,,,30,,145.0,0.0
14314,2026-06-01,30,0,0.0,0.0,145.0,,,,30,,145.0,0.0
721762,2025-07-01,31,0,0.0,0.0,92.1,,,,30,,92.0,0.0
721762,2025-08-01,31,0,0.0,0.0,93.0,,,,30,,93.0,0.0
721762,2025-09-01,15,15,0.5,1394.0,93.1,92.9,200,15,30,93.0,93.0,1394.0
721762,2025-10-01,1,30,0.968,2823.0,94.0,94.1,114,10,30,94.0,94.0,2823.0
721762,2025-11-01,0,30,1.0,2662.0,88.7,88.7,104,7,30,89.0,89.0,2662.0
721762,2025-12-01,31,0,0.0,0.0,89.3,,,,30,,89.0,0.0
721762,2026-01-01,31,0,0.0,0.0,92.7,,,,30,,93.0,0.0
721762,2026-02-01,28,0,0.0,0.0,101.0,,,,30,,101.0,0.0
721762,2026-03-01,31,0,0.0,0.0,94.5,,,,30,,95.0,0.0
721762,2026-04-01,30,0,0.0,0.0,97.4,,,,30,,97.0,0.0
721762,2026-05-01,31,0,0.0,0.0,102.6,,,,30,,103.0,0.0
721762,2026-06-01,30,0,0.0,0.0,100.2,,,,30,,100.0,0.0
784122,2025-07-01,30,1,0.032,186.0,182.0,186.0,44,34,30,186.0,182.0,186.0
784122,2025-08-01,0,31,1.0,5801.0,187.1,187.1,,,30,187.0,187.0,5801.0
784122,2025-09-01,28,2,0.067,368.0,187.2,184.0,,,30,184.0,187.0,368.0
784122,2025-10-01,31,0,0.0,0.0,179.8,,,,30,,180.0,0.0
784122,2025-11-01,30,0,0.0,0.0,179.9,,,,30,,180.0,0.0
784122,2025-12-01,31,0,0.0,0.0,184.2,,,,30,,184.0,0.0
784122,2026-01-01,31,0,0.0,0.0,185.0,,,,30,,185.0,0.0
784122,2026-02-01,28,0,0.0,0.0,166.2,,,,30,,166.0,0.0
784122,2026-03-01,31,0,0.0,0.0,164.8,,,,30,,165.0,0.0
784122,2026-04-01,30,0,0.0,0.0,176.1,,,,30,,176.0,0.0
784122,2026-05-01,31,0,0.0,0.0,179.2,,,,30,,179.0,0.0
784122,2026-06-01,30,0,0.0,0.0,183.7,,,,30,,184.0,0.0
287845,2025-07-01,0,31,1.0,7552.0,243.6,243.6,134,15,30,244.0,244.0,7552.0
287845,2025-08-01,1,30,0.968,7708.0,256.2,256.9,141,30,30,257.0,256.0,7708.0
287845,2025-09-01,29,1,0.033,268.0,279.3,268.0,,,30,268.0,279.0,268.0
287845,2025-10-01,31,0,0.0,0.0,273.1,,,,30,,273.0,0.0
287845,2025-11-01,30,0,0.0,0.0,273.6,,,,30,,274.0,0.0
287845,2025-12-01,31,0,0.0,0.0,321.7,,,,30,,322.0,0.0
287845,2026-01-01,31,0,0.0,0.0,258.5,,,,30,,259.0,0.0
287845,2026-02-01,28,0,0.0,0.0,343.9,,,,30,,344.0,0.0
287845,2026-03-01,31,0,0.0,0.0,360.1,,,,30,,360.0,0.0
287845,2026-04-01,30,0,0.0,0.0,353.9,,,,30,,354.0,0.0
287845,2026-05-01,31,0,0.0,0.0,360.9,,,,30,,361.0,0.0
287845,2026-06-01,30,0,0.0,0.0,354.4,,,,30,,354.0,0.0
7801,2025-07-01,20,11,0.355,3823.0,347.7,347.5,1,11,30,348.0,348.0,3823.0
7801,2025-08-01,31,0,0.0,0.0,350.7,,,,30,,351.0,0.0
7801,2025-09-01,30,0,0.0,0.0,351.1,,,,30,,351.0,0.0
7801,2025-10-01,31,0,0.0,0.0,345.4,,,,30,,345.0,0.0
7801,2025-11-01,30,0,0.0,0.0,343.6,,,,30,,344.0,0.0
7801,2025-12-01,31,0,0.0,0.0,343.7,,,,30,,344.0,0.0
7801,2026-01-01,31,0,0.0,0.0,345.7,,,,30,,346.0,0.0
7801,2026-02-01,28,0,0.0,0.0,429.6,,,,30,,430.0,0.0
7801,2026-03-01,31,0,0.0,0.0,455.2,,,,30,,455.0,0.0
7801,2026-04-01,30,0,0.0,0.0,456.0,,,,30,,456.0,0.0
7801,2026-05-01,31,0,0.0,0.0,466.8,,,,30,,467.0,0.0
7801,2026-06-01,30,0,0.0,0.0,472.2,,,,30,,472.0,0.0
1127770,2025-07-01,15,16,0.516,2847.0,178.5,177.9,10,4,5,178.0,179.0,2847.0
1127770,2025-08-01,13,18,0.581,3210.0,178.0,178.3,11,5,5,178.0,178.0,3210.0
1127770,2025-09-01,2,28,0.933,5084.0,181.2,181.6,50,8,4,182.0,181.0,5084.0
1127770,2025-10-01,5,26,0.839,4984.0,189.6,191.7,67,4,5,192.0,190.0,4984.0
1127770,2025-11-01,12,18,0.6,3414.0,191.4,189.7,31,7,5,190.0,191.0,3414.0
1127770,2025-12-01,2,29,0.935,5837.0,201.6,201.3,51,12,5,201.0,202.0,5837.0
1127770,2026-01-01,17,14,0.452,2347.0,163.7,167.6,23,2,5,168.0,164.0,2347.0
1127770,2026-02-01,27,1,0.036,165.0,165.6,165.0,16,11,5,165.0,166.0,165.0
1127770,2026-03-01,8,23,0.742,4104.0,179.1,178.4,65,18,5,178.0,179.0,4104.0
1127770,2026-04-01,11,19,0.633,3700.0,195.4,194.7,41,8,5,195.0,195.0,3700.0
1127770,2026-05-01,11,20,0.645,3915.0,196.8,195.8,36,15,5,196.0,197.0,3915.0
1127770,2026-06-01,14,16,0.533,3827.0,250.1,239.2,6,3,5,239.0,250.0,3827.0
15341,2025-07-01,29,2,0.065,427.0,225.5,213.5,10,32,30,214.0,226.0,427.0
15341,2025-08-01,0,31,1.0,7455.0,240.5,240.5,24,1,30,241.0,241.0,7455.0
15341,2025-09-01,6,24,0.8,5984.0,249.1,249.3,16,24,30,249.0,249.0,5984.0
15341,2025-10-01,31,0,0.0,0.0,241.3,,,,30,,241.0,0.0
15341,2025-11-01,30,0,0.0,0.0,238.7,,,,30,,239.0,0.0
15341,2025-12-01,31,0,0.0,0.0,216.7,,,,30,,217.0,0.0
15341,2026-01-01,31,0,0.0,0.0,209.3,,,,30,,209.0,0.0
15341,2026-02-01,28,0,0.0,0.0,218.2,,,,30,,218.0,0.0
15341,2026-03-01,31,0,0.0,0.0,262.4,,,,30,,262.0,0.0
15341,2026-04-01,30,0,0.0,0.0,270.3,,,,30,,270.0,0.0
15341,2026-05-01,31,0,0.0,0.0,278.0,,,,30,,278.0,0.0
15341,2026-06-01,27,3,0.1,856.0,273.7,285.3,1,3,30,285.0,274.0,856.0
883480,2025-07-01,31,0,0.0,0.0,141.2,,,,57,,141.0,0.0
883480,2025-08-01,31,0,0.0,0.0,145.1,,,,90,,145.0,0.0
883480,2025-09-01,30,0,0.0,0.0,149.3,,,,90,,149.0,0.0
883480,2025-10-01,26,5,0.161,703.0,140.7,140.6,132,45,90,141.0,141.0,703.0
883480,2025-11-01,0,30,1.0,4165.0,138.8,138.8,,,90,139.0,139.0,4165.0
883480,2025-12-01,5,26,0.839,3453.0,133.4,132.8,182,20,90,133.0,133.0,3453.0
883480,2026-01-01,21,10,0.323,1217.0,117.1,121.7,21,6,90,122.0,117.0,1217.0
883480,2026-02-01,28,0,0.0,0.0,120.0,,,,90,,120.0,0.0
883480,2026-03-01,20,11,0.355,1475.0,130.2,134.1,96,35,90,134.0,130.0,1475.0
883480,2026-04-01,6,24,0.8,3304.0,139.9,137.7,,,90,138.0,140.0,3304.0
883480,2026-05-01,31,0,0.0,0.0,142.8,,,,30,,143.0,0.0
883480,2026-06-01,17,13,0.433,1811.0,141.4,139.3,174,13,78,139.0,141.0,1811.0
68735,2025-07-01,31,0,0.0,0.0,191.8,,,,30,,192.0,0.0
68735,2025-08-01,31,0,0.0,0.0,193.1,,,,30,,193.0,0.0
68735,2025-09-01,30,0,0.0,0.0,194.0,,,,30,,194.0,0.0
68735,2025-10-01,31,0,0.0,0.0,192.5,,,,30,,193.0,0.0
68735,2025-11-01,29,1,0.033,175.0,187.1,175.0,317,14,30,175.0,187.0,175.0
68735,2025-12-01,1,30,0.968,5317.0,177.2,177.2,16,30,30,177.0,177.0,5317.0
68735,2026-01-01,18,13,0.419,2421.0,180.2,186.2,,,30,186.0,180.0,2421.0
68735,2026-02-01,15,13,0.464,2509.0,190.8,193.0,79,13,30,193.0,191.0,2509.0
68735,2026-03-01,31,0,0.0,0.0,195.7,,,,30,,196.0,0.0
68735,2026-04-01,30,0,0.0,0.0,216.6,,,,30,,217.0,0.0
68735,2026-05-01,30,1,0.032,208.0,206.0,208.0,1,1,30,208.0,206.0,208.0
68735,2026-06-01,30,0,0.0,0.0,215.4,,,,30,,215.0,0.0
1045897,2025-07-01,29,2,0.065,353.0,177.7,176.5,1,2,30,177.0,178.0,353.0
1045897,2025-08-01,31,0,0.0,0.0,180.6,,,,30,,181.0,0.0
1045897,2025-09-01,23,7,0.233,1419.0,189.4,202.7,1,20,30,203.0,189.0,1419.0
1045897,2025-10-01,0,31,1.0,5947.0,191.8,191.8,,,30,192.0,192.0,5947.0
1045897,2025-11-01,6,24,0.8,4580.0,192.9,190.8,11,25,30,191.0,193.0,4580.0
1045897,2025-12-01,27,4,0.129,722.0,192.1,180.5,,,30,181.0,192.0,722.0
1045897,2026-01-01,31,0,0.0,0.0,177.8,,,,30,,178.0,0.0
1045897,2026-02-01,28,0,0.0,0.0,200.3,,,,30,,200.0,0.0
1045897,2026-03-01,31,0,0.0,0.0,205.4,,,,30,,205.0,0.0
1045897,2026-04-01,30,0,0.0,0.0,208.5,,,,30,,209.0,0.0
1045897,2026-05-01,31,0,0.0,0.0,216.1,,,,30,,216.0,0.0
1045897,2026-06-01,22,8,0.267,1934.0,241.6,241.8,19,8,30,242.0,242.0,1934.0
1024647,2025-07-01,31,0,0.0,0.0,97.2,,,,30,,97.0,0.0
1024647,2025-08-01,20,11,0.355,1140.0,102.3,103.6,58,23,30,104.0,102.0,1140.0
1024647,2025-09-01,0,30,1.0,3134.0,104.5,104.5,,,30,105.0,105.0,3134.0
1024647,2025-10-01,23,8,0.258,848.0,107.6,106.0,1,2,30,106.0,108.0,848.0
1024647,2025-11-01,30,0,0.0,0.0,105.9,,,,30,,106.0,0.0
1024647,2025-12-01,31,0,0.0,0.0,111.1,,,,30,,111.0,0.0
1024647,2026-01-01,31,0,0.0,0.0,105.6,,,,30,,106.0,0.0
1024647,2026-02-01,28,0,0.0,0.0,111.4,,,,30,,111.0,0.0
1024647,2026-03-01,31,0,0.0,0.0,113.9,,,,30,,114.0,0.0
1024647,2026-04-01,30,0,0.0,0.0,111.1,,,,30,,111.0,0.0
1024647,2026-05-01,31,0,0.0,0.0,109.6,,,,30,,110.0,0.0
1024647,2026-06-01,27,3,0.1,339.0,111.2,113.0,21,37,30,113.0,111.0,339.0
1294973,2025-07-01,7,24,0.774,5074.0,213.3,211.4,44,4,4,211.0,213.0,5074.0
1294973,2025-08-01,8,23,0.742,5047.0,219.9,219.4,25,5,4,219.0,220.0,5047.0
1294973,2025-09-01,6,24,0.8,4961.0,206.4,206.7,34,9,4,207.0,206.0,4961.0
1294973,2025-10-01,6,25,0.806,4616.0,184.3,184.6,37,3,3,185.0,184.0,4616.0
1294973,2025-11-01,0,30,1.0,5651.0,188.4,188.4,42,6,3,188.0,188.0,5651.0
1294973,2025-12-01,7,24,0.774,4508.0,187.7,187.8,29,5,4,188.0,188.0,4508.0
1294973,2026-01-01,31,0,0.0,0.0,181.4,,,,3,,181.0,0.0
1294973,2026-02-01,13,15,0.536,2920.0,187.5,194.7,2,6,3,195.0,188.0,2920.0
1294973,2026-03-01,19,12,0.387,3050.0,262.9,254.2,1,27,3,254.0,263.0,3050.0
1294973,2026-04-01,1,29,0.967,8125.0,280.3,280.2,29,17,4,280.0,280.0,8125.0
1294973,2026-05-01,13,18,0.581,5204.0,289.4,289.1,27,3,4,289.0,289.0,5204.0
1294973,2026-06-01,7,23,0.767,7392.0,325.7,321.4,23,11,4,321.0,326.0,7392.0
523123,2025-07-01,2,29,0.935,14753.0,507.7,508.7,16,34,30,509.0,508.0,14753.0
523123,2025-08-01,10,21,0.677,9615.0,458.7,457.9,60,19,30,458.0,459.0,9615.0
523123,2025-09-01,27,3,0.1,1255.0,412.0,418.3,,,30,418.0,412.0,1255.0
523123,2025-10-01,31,0,0.0,0.0,399.6,,,,30,,400.0,0.0
523123,2025-11-01,30,0,0.0,0.0,430.2,,,,30,,430.0,0.0
523123,2025-12-01,31,0,0.0,0.0,428.9,,,,30,,429.0,0.0
523123,2026-01-01,31,0,0.0,0.0,372.4,,,,30,,372.0,0.0
523123,2026-02-01,28,0,0.0,0.0,329.6,,,,30,,330.0,0.0
523123,2026-03-01,29,2,0.065,614.0,316.3,307.0,1,2,30,307.0,316.0,614.0
523123,2026-04-01,30,0,0.0,0.0,319.1,,,,30,,319.0,0.0
523123,2026-05-01,31,0,0.0,0.0,323.8,,,,30,,324.0,0.0
523123,2026-06-01,30,0,0.0,0.0,323.9,,,,30,,324.0,0.0
322037,2025-07-01,5,26,0.839,6257.0,240.3,240.7,11,26,30,241.0,240.0,6257.0
322037,2025-08-01,24,7,0.226,1769.0,247.5,252.7,1,7,30,253.0,248.0,1769.0
322037,2025-09-01,30,0,0.0,0.0,244.5,,,,30,,245.0,0.0
322037,2025-10-01,31,0,0.0,0.0,236.2,,,,30,,236.0,0.0
322037,2025-11-01,30,0,0.0,0.0,258.8,,,,30,,259.0,0.0
322037,2025-12-01,31,0,0.0,0.0,286.4,,,,30,,286.0,0.0
322037,2026-01-01,31,0,0.0,0.0,306.1,,,,30,,306.0,0.0
322037,2026-02-01,28,0,0.0,0.0,301.1,,,,30,,301.0,0.0
322037,2026-03-01,31,0,0.0,0.0,273.3,,,,30,,273.0,0.0
322037,2026-04-01,30,0,0.0,0.0,264.8,,,,30,,265.0,0.0
322037,2026-05-01,31,0,0.0,0.0,270.4,,,,30,,270.0,0.0
322037,2026-06-01,30,0,0.0,0.0,282.2,,,,30,,282.0,0.0
844319,2025-07-01,4,27,0.871,3097.0,114.9,114.7,,,30,115.0,115.0,3097.0
844319,2025-08-01,31,0,0.0,0.0,113.1,,,,30,,113.0,0.0
844319,2025-09-01,30,0,0.0,0.0,110.2,,,,30,,110.0,0.0
844319,2025-10-01,31,0,0.0,0.0,113.5,,,,30,,114.0,0.0
844319,2025-11-01,30,0,0.0,0.0,109.2,,,,30,,109.0,0.0
844319,2025-12-01,31,0,0.0,0.0,110.7,,,,30,,111.0,0.0
844319,2026-01-01,31,0,0.0,0.0,119.2,,,,30,,119.0,0.0
844319,2026-02-01,28,0,0.0,0.0,120.9,,,,30,,121.0,0.0
844319,2026-03-01,31,0,0.0,0.0,120.4,,,,30,,120.0,0.0
844319,2026-04-01,30,0,0.0,0.0,131.1,,,,30,,131.0,0.0
844319,2026-05-01,31,0,0.0,0.0,141.3,,,,30,,141.0,0.0
844319,2026-06-01,30,0,0.0,0.0,136.2,,,,30,,136.0,0.0
321136,2025-07-01,31,0,0.0,0.0,227.1,,,,30,,227.0,0.0
321136,2025-08-01,31,0,0.0,0.0,143.1,,,,30,,143.0,0.0
321136,2025-09-01,23,7,0.233,1044.0,158.0,149.1,1,7,30,149.0,158.0,1044.0
321136,2025-10-01,31,0,0.0,0.0,162.2,,,,30,,162.0,0.0
321136,2025-11-01,23,7,0.233,995.0,157.3,142.1,1,7,30,142.0,157.0,995.0
321136,2025-12-01,25,6,0.194,720.0,145.5,120.0,1,6,30,120.0,146.0,720.0
321136,2026-01-01,31,0,0.0,0.0,135.4,,,,30,,135.0,0.0
321136,2026-02-01,28,0,0.0,0.0,181.5,,,,30,,182.0,0.0
321136,2026-03-01,31,0,0.0,0.0,202.8,,,,30,,203.0,0.0
321136,2026-04-01,24,6,0.2,1475.0,227.3,245.8,1,6,30,246.0,227.0,1475.0
321136,2026-05-01,31,0,0.0,0.0,253.3,,,,30,,253.0,0.0
321136,2026-06-01,30,0,0.0,0.0,438.0,,,,30,,438.0,0.0
597544,2025-07-01,0,31,1.0,1966.0,63.4,63.4,,,30,63.0,63.0,1966.0
597544,2025-08-01,16,15,0.484,954.0,63.6,63.6,,,30,64.0,64.0,954.0
597544,2025-09-01,30,0,0.0,0.0,63.5,,,,30,,64.0,0.0
597544,2025-10-01,31,0,0.0,0.0,64.8,,,,30,,65.0,0.0
597544,2025-11-01,30,0,0.0,0.0,63.9,,,,30,,64.0,0.0
597544,2025-12-01,31,0,0.0,0.0,62.4,,,,30,,62.0,0.0
597544,2026-01-01,31,0,0.0,0.0,59.6,,,,30,,60.0,0.0
597544,2026-02-01,28,0,0.0,0.0,57.9,,,,30,,58.0,0.0
597544,2026-03-01,31,0,0.0,0.0,59.1,,,,30,,59.0,0.0
597544,2026-04-01,30,0,0.0,0.0,60.7,,,,30,,61.0,0.0
597544,2026-05-01,31,0,0.0,0.0,62.3,,,,30,,62.0,0.0
597544,2026-06-01,30,0,0.0,0.0,63.8,,,,30,,64.0,0.0
294242,2025-07-01,31,0,0.0,0.0,394.2,,,,1,,394.0,0.0
294242,2025-08-01,31,0,0.0,0.0,412.7,,,,1,,413.0,0.0
294242,2025-09-01,17,13,0.433,5644.0,436.2,434.2,19,6,1,434.0,436.0,5644.0
294242,2025-10-01,29,2,0.065,888.0,479.5,444.0,11,2,1,444.0,480.0,888.0
294242,2025-11-01,29,1,0.033,536.0,489.5,536.0,2,1,1,536.0,490.0,536.0
294242,2025-12-01,31,0,0.0,0.0,420.2,,,,1,,420.0,0.0
294242,2026-01-01,31,0,0.0,0.0,375.2,,,,1,,375.0,0.0
294242,2026-02-01,28,0,0.0,0.0,467.6,,,,1,,468.0,0.0
294242,2026-03-01,31,0,0.0,0.0,469.7,,,,1,,470.0,0.0
294242,2026-04-01,30,0,0.0,0.0,445.0,,,,1,,445.0,0.0
294242,2026-05-01,31,0,0.0,0.0,533.5,,,,1,,534.0,0.0
294242,2026-06-01,30,0,0.0,0.0,619.5,,,,1,,620.0,0.0
116551,2025-07-01,31,0,0.0,0.0,86.3,,,,30,,86.0,0.0
116551,2025-08-01,31,0,0.0,0.0,86.1,,,,30,,86.0,0.0
116551,2025-09-01,30,0,0.0,0.0,96.9,,,,30,,97.0,0.0
116551,2025-10-01,7,24,0.774,2297.0,95.7,95.7,80,45,30,96.0,96.0,2297.0
116551,2025-11-01,3,27,0.9,2354.0,87.3,87.2,188,28,30,87.0,87.0,2354.0
116551,2025-12-01,9,22,0.71,1973.0,88.8,89.7,,,30,90.0,89.0,1973.0
116551,2026-01-01,31,0,0.0,0.0,85.2,,,,30,,85.0,0.0
116551,2026-02-01,28,0,0.0,0.0,101.4,,,,30,,101.0,0.0
116551,2026-03-01,31,0,0.0,0.0,101.9,,,,30,,102.0,0.0
116551,2026-04-01,30,0,0.0,0.0,119.4,,,,30,,119.0,0.0
116551,2026-05-01,31,0,0.0,0.0,125.9,,,,30,,126.0,0.0
116551,2026-06-01,30,0,0.0,0.0,121.4,,,,30,,121.0,0.0
303264,2025-07-01,3,28,0.903,6529.0,234.2,233.2,45,30,30,233.0,234.0,6529.0
303264,2025-08-01,29,2,0.065,442.0,231.7,221.0,,,30,221.0,232.0,442.0
303264,2025-09-01,30,0,0.0,0.0,236.4,,,,30,,236.0,0.0
303264,2025-10-01,31,0,0.0,0.0,243.8,,,,30,,244.0,0.0
303264,2025-11-01,30,0,0.0,0.0,240.4,,,,30,,240.0,0.0
303264,2025-12-01,26,5,0.161,1082.0,236.4,216.4,1,5,30,216.0,236.0,1082.0
303264,2026-01-01,31,0,0.0,0.0,225.2,,,,30,,225.0,0.0
303264,2026-02-01,28,0,0.0,0.0,208.5,,,,30,,209.0,0.0
303264,2026-03-01,31,0,0.0,0.0,214.5,,,,30,,215.0,0.0
303264,2026-04-01,30,0,0.0,0.0,210.6,,,,30,,211.0,0.0
303264,2026-05-01,31,0,0.0,0.0,218.1,,,,30,,218.0,0.0
303264,2026-06-01,30,0,0.0,0.0,219.1,,,,30,,219.0,0.0
698132,2025-07-01,8,23,0.742,4991.0,220.8,217.0,5,2,4,217.0,221.0,4991.0
698132,2025-08-01,13,18,0.581,3558.0,198.9,197.7,22,2,4,198.0,199.0,3558.0
698132,2025-09-01,6,24,0.8,4606.0,193.5,191.9,77,5,4,192.0,194.0,4606.0
698132,2025-10-01,3,28,0.903,5575.0,199.2,199.1,46,3,4,199.0,199.0,5575.0
698132,2025-11-01,14,16,0.533,3348.0,209.3,209.2,12,2,3,209.0,209.0,3348.0
698132,2025-12-01,7,24,0.774,5461.0,226.1,227.5,24,3,4,228.0,226.0,5461.0
698132,2026-01-01,11,20,0.645,4010.0,198.5,200.5,1,1,4,201.0,199.0,4010.0
698132,2026-02-01,17,11,0.393,2215.0,205.3,201.4,5,1,4,201.0,205.0,2215.0
698132,2026-03-01,11,20,0.645,4200.0,212.4,210.0,2,3,4,210.0,212.0,4200.0
698132,2026-04-01,13,17,0.567,3869.0,223.9,227.6,38,5,3,228.0,224.0,3869.0
698132,2026-05-01,9,22,0.71,5446.0,244.6,247.5,41,5,3,248.0,245.0,5446.0
698132,2026-06-01,4,26,0.867,8221.0,311.5,316.2,50,10,3,316.0,312.0,8221.0
294263,2025-07-01,31,0,0.0,0.0,437.1,,,,1,,437.0,0.0
294263,2025-08-01,31,0,0.0,0.0,423.6,,,,1,,424.0,0.0
294263,2025-09-01,20,10,0.333,4661.0,463.6,466.1,18,10,1,466.0,464.0,4661.0
294263,2025-10-01,28,3,0.097,1756.0,567.0,585.3,39,3,1,585.0,567.0,1756.0
294263,2025-11-01,30,0,0.0,0.0,551.5,,,,1,,552.0,0.0
294263,2025-12-01,31,0,0.0,0.0,439.6,,,,1,,440.0,0.0
294263,2026-01-01,31,0,0.0,0.0,407.5,,,,1,,408.0,0.0
294263,2026-02-01,28,0,0.0,0.0,387.1,,,,1,,387.0,0.0
294263,2026-03-01,31,0,0.0,0.0,408.8,,,,1,,409.0,0.0
294263,2026-04-01,30,0,0.0,0.0,405.6,,,,1,,406.0,0.0
294263,2026-05-01,31,0,0.0,0.0,420.0,,,,1,,420.0,0.0
294263,2026-06-01,30,0,0.0,0.0,421.5,,,,1,,422.0,0.0
1205103,2025-07-01,19,12,0.387,1653.0,136.2,137.8,1,2,30,138.0,136.0,1653.0
1205103,2025-08-01,13,18,0.581,2420.0,134.4,134.4,85,3,30,134.0,134.0,2420.0
1205103,2025-09-01,0,30,1.0,3982.0,132.7,132.7,215,30,30,133.0,133.0,3982.0
1205103,2025-10-01,1,30,0.968,3788.0,125.5,126.3,40,30,30,126.0,126.0,3788.0
1205103,2025-11-01,30,0,0.0,0.0,133.3,,,,30,,133.0,0.0
1205103,2025-12-01,23,8,0.258,987.0,130.2,123.4,1,2,30,123.0,130.0,987.0
1205103,2026-01-01,31,0,0.0,0.0,117.9,,,,30,,118.0,0.0
1205103,2026-02-01,28,0,0.0,0.0,119.6,,,,30,,120.0,0.0
1205103,2026-03-01,0,31,1.0,3753.0,121.1,121.1,71,45,30,121.0,121.0,3753.0
1205103,2026-04-01,7,23,0.767,2689.0,116.1,116.9,80,11,30,117.0,116.0,2689.0
1205103,2026-05-01,16,15,0.484,1775.0,120.5,118.3,44,1,30,118.0,121.0,1775.0
1205103,2026-06-01,30,0,0.0,0.0,118.1,,,,30,,118.0,0.0
783341,2025-07-01,0,31,1.0,2352.0,75.9,75.9,,,30,76.0,76.0,2352.0
783341,2025-08-01,0,31,1.0,2461.0,79.4,79.4,108,30,30,79.0,79.0,2461.0
783341,2025-09-01,0,30,1.0,2246.0,74.9,74.9,17,30,30,75.0,75.0,2246.0
783341,2025-10-01,0,31,1.0,2456.0,79.2,79.2,17,30,30,79.0,79.0,2456.0
783341,2025-11-01,24,6,0.2,472.0,79.7,78.7,,,30,79.0,80.0,472.0
783341,2025-12-01,31,0,0.0,0.0,78.5,,,,30,,79.0,0.0
783341,2026-01-01,31,0,0.0,0.0,78.7,,,,30,,79.0,0.0
783341,2026-02-01,28,0,0.0,0.0,88.7,,,,30,,89.0,0.0
783341,2026-03-01,31,0,0.0,0.0,87.8,,,,30,,88.0,0.0
783341,2026-04-01,30,0,0.0,0.0,90.4,,,,30,,90.0,0.0
783341,2026-05-01,31,0,0.0,0.0,90.8,,,,30,,91.0,0.0
783341,2026-06-01,18,12,0.4,1074.0,88.9,89.5,43,316,30,90.0,89.0,1074.0
1157522,2025-07-01,12,19,0.613,4394.0,218.6,231.3,36,5,30,231.0,219.0,4394.0
1157522,2025-08-01,24,7,0.226,1424.0,195.8,203.4,1,7,30,203.0,196.0,1424.0
1157522,2025-09-01,18,12,0.4,2406.0,198.3,200.5,88,14,30,201.0,198.0,2406.0
1157522,2025-10-01,0,31,1.0,6325.0,204.0,204.0,3,33,30,204.0,204.0,6325.0
1157522,2025-11-01,13,17,0.567,3663.0,215.1,215.5,1,29,30,216.0,215.0,3663.0
1157522,2025-12-01,11,20,0.645,4166.0,210.0,208.3,1,1,30,208.0,210.0,4166.0
1157522,2026-01-01,15,16,0.516,3252.0,209.3,203.2,1,6,30,203.0,209.0,3252.0
1157522,2026-02-01,4,24,0.857,5266.0,221.1,219.4,,,30,219.0,221.0,5266.0
1157522,2026-03-01,9,22,0.71,5148.0,232.7,234.0,1,24,30,234.0,233.0,5148.0
1157522,2026-04-01,17,13,0.433,3046.0,234.8,234.3,8,6,30,234.0,235.0,3046.0
1157522,2026-05-01,30,1,0.032,230.0,256.6,230.0,,,30,230.0,257.0,230.0
1157522,2026-06-01,30,0,0.0,0.0,329.0,,,,30,,329.0,0.0
794156,2025-07-01,31,0,0.0,0.0,243.1,,,,30,,243.0,0.0
794156,2025-08-01,31,0,0.0,0.0,243.1,,,,30,,243.0,0.0
794156,2025-09-01,18,12,0.4,2891.0,240.3,240.9,76,12,30,241.0,240.0,2891.0
794156,2025-10-01,31,0,0.0,0.0,240.1,,,,30,,240.0,0.0
794156,2025-11-01,30,0,0.0,0.0,240.4,,,,30,,240.0,0.0
794156,2025-12-01,31,0,0.0,0.0,228.7,,,,30,,229.0,0.0
794156,2026-01-01,30,1,0.032,225.0,238.6,225.0,1,1,30,225.0,239.0,225.0
794156,2026-02-01,28,0,0.0,0.0,276.1,,,,30,,276.0,0.0
794156,2026-03-01,31,0,0.0,0.0,271.5,,,,30,,272.0,0.0
794156,2026-04-01,29,1,0.033,271.0,267.1,271.0,44,1,30,271.0,267.0,271.0
794156,2026-05-01,31,0,0.0,0.0,276.2,,,,30,,276.0,0.0
794156,2026-06-01,30,0,0.0,0.0,277.1,,,,30,,277.0,0.0
1457505,2025-07-01,31,0,0.0,0.0,75.4,,,,30,,75.0,0.0
1457505,2025-08-01,31,0,0.0,0.0,78.5,,,,30,,79.0,0.0
1457505,2025-09-01,30,0,0.0,0.0,81.4,,,,30,,81.0,0.0
1457505,2025-10-01,31,0,0.0,0.0,81.7,,,,30,,82.0,0.0
1457505,2025-11-01,30,0,0.0,0.0,86.3,,,,30,,86.0,0.0
1457505,2025-12-01,31,0,0.0,0.0,78.9,,,,30,,79.0,0.0
1457505,2026-01-01,31,0,0.0,0.0,83.0,,,,30,,83.0,0.0
1457505,2026-02-01,28,0,0.0,0.0,100.0,,,,30,,100.0,0.0
1457505,2026-03-01,31,0,0.0,0.0,103.3,,,,30,,103.0,0.0
1457505,2026-04-01,30,0,0.0,0.0,103.8,,,,30,,104.0,0.0
1457505,2026-05-01,31,0,0.0,0.0,103.3,,,,30,,103.0,0.0
1457505,2026-06-01,20,10,0.333,1024.0,102.3,102.4,155,21,30,102.0,102.0,1024.0
651375,2025-07-01,10,21,0.677,12975.0,616.2,617.9,,,30,618.0,616.0,12975.0
651375,2025-08-01,23,8,0.258,5182.0,631.4,647.8,14,14,30,648.0,631.0,5182.0
651375,2025-09-01,0,30,1.0,19455.0,648.5,648.5,57,15,30,649.0,649.0,19455.0
651375,2025-10-01,1,30,0.968,19579.0,651.9,652.6,57,53,30,653.0,652.0,19579.0
651375,2025-11-01,0,30,1.0,19495.0,649.8,649.8,,,30,650.0,650.0,19495.0
651375,2025-12-01,9,22,0.71,14215.0,644.6,646.1,57,11,30,646.0,645.0,14215.0
651375,2026-01-01,31,0,0.0,0.0,648.9,,,,30,,649.0,0.0
651375,2026-02-01,15,13,0.464,9001.0,690.4,692.4,31,10,30,692.0,690.0,9001.0
651375,2026-03-01,5,26,0.839,19386.0,746.5,745.6,33,7,30,746.0,747.0,19386.0
651375,2026-04-01,30,0,0.0,0.0,759.4,,,,30,,759.0,0.0
651375,2026-05-01,31,0,0.0,0.0,757.2,,,,30,,757.0,0.0
651375,2026-06-01,30,0,0.0,0.0,831.1,,,,30,,831.0,0.0
765569,2025-07-01,1,30,0.968,6252.0,208.5,208.4,195,30,30,208.0,209.0,6252.0
765569,2025-08-01,1,30,0.968,6146.0,205.2,204.9,102,30,30,205.0,205.0,6146.0
765569,2025-09-01,0,30,1.0,6170.0,205.7,205.7,182,31,30,206.0,206.0,6170.0
765569,2025-10-01,30,1,0.032,206.0,206.2,206.0,,,30,206.0,206.0,206.0
765569,2025-11-01,30,0,0.0,0.0,202.9,,,,30,,203.0,0.0
765569,2025-12-01,31,0,0.0,0.0,202.2,,,,30,,202.0,0.0
765569,2026-01-01,31,0,0.0,0.0,195.6,,,,30,,196.0,0.0
765569,2026-02-01,28,0,0.0,0.0,207.3,,,,30,,207.0,0.0
765569,2026-03-01,17,14,0.452,2535.0,182.5,181.1,15,14,30,181.0,183.0,2535.0
765569,2026-04-01,0,30,1.0,5335.0,177.8,177.8,30,30,30,178.0,178.0,5335.0
765569,2026-05-01,12,19,0.613,3074.0,163.9,161.8,188,6,30,162.0,164.0,3074.0
765569,2026-06-01,30,0,0.0,0.0,159.1,,,,30,,159.0,0.0
1030254,2025-07-01,31,0,0.0,0.0,63.7,,,,30,,64.0,0.0
1030254,2025-08-01,31,0,0.0,0.0,62.4,,,,30,,62.0,0.0
1030254,2025-09-01,15,15,0.5,919.0,61.5,61.3,75,15,30,61.0,62.0,919.0
1030254,2025-10-01,31,0,0.0,0.0,60.7,,,,30,,61.0,0.0
1030254,2025-11-01,2,28,0.933,1725.0,61.5,61.6,4,49,30,62.0,62.0,1725.0
1030254,2025-12-01,10,21,0.677,1307.0,62.1,62.2,,,30,62.0,62.0,1307.0
1030254,2026-01-01,31,0,0.0,0.0,62.1,,,,30,,62.0,0.0
1030254,2026-02-01,28,0,0.0,0.0,70.6,,,,30,,71.0,0.0
1030254,2026-03-01,16,15,0.484,1145.0,73.3,76.3,6,44,30,76.0,73.0,1145.0
1030254,2026-04-01,1,29,0.967,2123.0,73.1,73.2,,,30,73.0,73.0,2123.0
1030254,2026-05-01,22,9,0.29,590.0,68.6,65.6,1,9,30,66.0,69.0,590.0
1030254,2026-06-01,30,0,0.0,0.0,66.3,,,,30,,66.0,0.0
38833,2025-07-01,15,16,0.516,4569.0,276.9,285.6,37,4,1,286.0,277.0,4569.0
38833,2025-08-01,5,26,0.839,8550.0,324.7,328.8,46,3,2,329.0,325.0,8550.0
38833,2025-09-01,11,19,0.633,5331.0,283.1,280.6,86,3,2,281.0,283.0,5331.0
38833,2025-10-01,6,25,0.806,6926.0,276.9,277.0,53,3,2,277.0,277.0,6926.0
38833,2025-11-01,14,16,0.533,4323.0,270.1,270.2,13,2,2,270.0,270.0,4323.0
38833,2025-12-01,9,22,0.71,6127.0,280.4,278.5,47,3,1,279.0,280.0,6127.0
38833,2026-01-01,26,5,0.161,1163.0,229.3,232.6,8,1,2,233.0,229.0,1163.0
38833,2026-02-01,11,17,0.607,3761.0,216.2,221.2,53,2,2,221.0,216.0,3761.0
38833,2026-03-01,17,14,0.452,3442.0,252.4,245.9,66,7,2,246.0,252.0,3442.0
38833,2026-04-01,30,0,0.0,0.0,294.4,,,,2,,294.0,0.0
38833,2026-05-01,31,0,0.0,0.0,315.8,,,,2,,316.0,0.0
38833,2026-06-01,30,0,0.0,0.0,323.0,,,,2,,323.0,0.0
424767,2025-07-01,0,31,1.0,6220.0,200.6,200.6,,,30,201.0,201.0,6220.0
424767,2025-08-01,25,6,0.194,1250.0,202.1,208.3,,,30,208.0,202.0,1250.0
424767,2025-09-01,30,0,0.0,0.0,203.2,,,,30,,203.0,0.0
424767,2025-10-01,31,0,0.0,0.0,205.0,,,,30,,205.0,0.0
424767,2025-11-01,30,0,0.0,0.0,204.4,,,,30,,204.0,0.0
424767,2025-12-01,31,0,0.0,0.0,202.3,,,,30,,202.0,0.0
424767,2026-01-01,31,0,0.0,0.0,203.4,,,,30,,203.0,0.0
424767,2026-02-01,28,0,0.0,0.0,225.6,,,,30,,226.0,0.0
424767,2026-03-01,31,0,0.0,0.0,232.1,,,,30,,232.0,0.0
424767,2026-04-01,30,0,0.0,0.0,235.6,,,,30,,236.0,0.0
424767,2026-05-01,31,0,0.0,0.0,234.3,,,,30,,234.0,0.0
424767,2026-06-01,30,0,0.0,0.0,238.5,,,,30,,239.0,0.0
29628,2025-07-01,1,30,0.968,4517.0,150.5,150.6,66,3,2,151.0,151.0,4517.0
29628,2025-08-01,7,24,0.774,3857.0,159.4,160.7,36,2,2,161.0,159.0,3857.0
29628,2025-09-01,0,30,1.0,4917.0,163.9,163.9,87,3,3,164.0,164.0,4917.0
29628,2025-10-01,6,25,0.806,4065.0,166.2,162.6,143,3,2,163.0,166.0,4065.0
29628,2025-11-01,5,25,0.833,4254.0,170.9,170.2,57,4,3,170.0,171.0,4254.0
29628,2025-12-01,3,28,0.903,4757.0,170.3,169.9,101,2,2,170.0,170.0,4757.0
29628,2026-01-01,27,4,0.129,610.0,136.8,152.5,40,2,3,153.0,137.0,610.0
29628,2026-02-01,12,16,0.571,2477.0,147.9,154.8,28,4,3,155.0,148.0,2477.0
29628,2026-03-01,4,27,0.871,4523.0,167.3,167.5,37,4,3,168.0,167.0,4523.0
29628,2026-04-01,4,26,0.867,4969.0,191.6,191.1,82,5,2,191.0,192.0,4969.0
29628,2026-05-01,2,29,0.935,6180.0,214.3,213.1,112,4,2,213.0,214.0,6180.0
29628,2026-06-01,4,26,0.867,5690.0,219.2,218.8,87,9,2,219.0,219.0,5690.0
12937,2025-07-01,18,13,0.419,2974.0,228.0,228.8,33,3,3,229.0,228.0,2974.0
12937,2025-08-01,24,7,0.226,1553.0,221.3,221.9,67,3,3,222.0,221.0,1553.0
12937,2025-09-01,4,26,0.867,5674.0,218.9,218.2,74,4,3,218.0,219.0,5674.0
12937,2025-10-01,8,23,0.742,5106.0,221.8,222.0,86,3,3,222.0,222.0,5106.0
12937,2025-11-01,8,22,0.733,4876.0,222.4,221.6,78,3,3,222.0,222.0,4876.0
12937,2025-12-01,4,27,0.871,5925.0,219.3,219.4,117,4,3,219.0,219.0,5925.0
12937,2026-01-01,20,11,0.355,2446.0,223.9,222.4,63,3,3,222.0,224.0,2446.0
12937,2026-02-01,15,13,0.464,3136.0,234.8,241.2,15,4,3,241.0,235.0,3136.0
12937,2026-03-01,7,24,0.774,5746.0,238.0,239.4,78,5,3,239.0,238.0,5746.0
12937,2026-04-01,9,21,0.7,5884.0,281.9,280.2,101,4,3,280.0,282.0,5884.0
12937,2026-05-01,6,25,0.806,7044.0,281.1,281.8,96,4,3,282.0,281.0,7044.0
12937,2026-06-01,30,0,0.0,0.0,289.6,,,,2,,290.0,0.0
852118,2025-07-01,31,0,0.0,0.0,158.1,,,,30,,158.0,0.0
852118,2025-08-01,30,1,0.032,154.0,136.3,154.0,1,1,30,154.0,136.0,154.0
852118,2025-09-01,5,25,0.833,3640.0,145.5,145.6,1,26,30,146.0,146.0,3640.0
852118,2025-10-01,11,20,0.645,2726.0,137.5,136.3,1,19,30,136.0,138.0,2726.0
852118,2025-11-01,30,0,0.0,0.0,155.2,,,,30,,155.0,0.0
852118,2025-12-01,31,0,0.0,0.0,160.5,,,,30,,161.0,0.0
852118,2026-01-01,31,0,0.0,0.0,158.6,,,,30,,159.0,0.0
852118,2026-02-01,28,0,0.0,0.0,194.9,,,,30,,195.0,0.0
852118,2026-03-01,31,0,0.0,0.0,196.6,,,,30,,197.0,0.0
852118,2026-04-01,30,0,0.0,0.0,196.4,,,,30,,196.0,0.0
852118,2026-05-01,31,0,0.0,0.0,198.4,,,,30,,198.0,0.0
852118,2026-06-01,30,0,0.0,0.0,200.7,,,,30,,201.0,0.0
850338,2025-07-01,17,14,0.452,2145.0,146.8,153.2,,,30,153.0,147.0,2145.0
850338,2025-08-01,31,0,0.0,0.0,143.6,,,,30,,144.0,0.0
850338,2025-09-01,30,0,0.0,0.0,143.6,,,,30,,144.0,0.0
850338,2025-10-01,31,0,0.0,0.0,141.7,,,,30,,142.0,0.0
850338,2025-11-01,30,0,0.0,0.0,142.2,,,,30,,142.0,0.0
850338,2025-12-01,31,0,0.0,0.0,143.6,,,,30,,144.0,0.0
850338,2026-01-01,31,0,0.0,0.0,146.3,,,,30,,146.0,0.0
850338,2026-02-01,28,0,0.0,0.0,157.9,,,,30,,158.0,0.0
850338,2026-03-01,31,0,0.0,0.0,164.1,,,,30,,164.0,0.0
850338,2026-04-01,30,0,0.0,0.0,168.4,,,,30,,168.0,0.0
850338,2026-05-01,31,0,0.0,0.0,161.0,,,,30,,161.0,0.0
850338,2026-06-01,30,0,0.0,0.0,158.1,,,,30,,158.0,0.0
1187643,2025-07-01,31,0,0.0,0.0,88.9,,,,30,,89.0,0.0
1187643,2025-08-01,14,17,0.548,1534.0,89.6,90.2,129,19,30,90.0,90.0,1534.0
1187643,2025-09-01,9,21,0.7,1537.0,65.4,73.2,,,30,73.0,65.0,1537.0
1187643,2025-10-01,14,17,0.548,1455.0,77.3,85.6,39,17,30,86.0,77.0,1455.0
1187643,2025-11-01,30,0,0.0,0.0,56.6,,,,30,,57.0,0.0
1187643,2025-12-01,31,0,0.0,0.0,57.2,,,,30,,57.0,0.0
1187643,2026-01-01,31,0,0.0,0.0,59.3,,,,30,,59.0,0.0
1187643,2026-02-01,28,0,0.0,0.0,58.8,,,,30,,59.0,0.0
1187643,2026-03-01,31,0,0.0,0.0,56.7,,,,30,,57.0,0.0
1187643,2026-04-01,30,0,0.0,0.0,56.8,,,,30,,57.0,0.0
1187643,2026-05-01,31,0,0.0,0.0,60.5,,,,30,,61.0,0.0
1187643,2026-06-01,30,0,0.0,0.0,59.7,,,,30,,60.0,0.0
536578,2025-07-01,30,1,0.032,47.0,45.5,47.0,1,1,30,47.0,46.0,47.0
536578,2025-08-01,31,0,0.0,0.0,44.4,,,,30,,44.0,0.0
536578,2025-09-01,30,0,0.0,0.0,43.2,,,,30,,43.0,0.0
536578,2025-10-01,18,13,0.419,631.0,46.7,48.5,48,13,30,49.0,47.0,631.0
536578,2025-11-01,2,28,0.933,1285.0,45.9,45.9,20,15,30,46.0,46.0,1285.0
536578,2025-12-01,11,20,0.645,848.0,43.0,42.4,104,18,30,42.0,43.0,848.0
536578,2026-01-01,29,2,0.065,88.0,41.5,44.0,93,2,30,44.0,42.0,88.0
536578,2026-02-01,27,1,0.036,41.0,40.7,41.0,1,1,30,41.0,41.0,41.0
536578,2026-03-01,21,10,0.323,406.0,40.7,40.6,74,17,30,41.0,41.0,406.0
536578,2026-04-01,0,30,1.0,1239.0,41.3,41.3,,,30,41.0,41.0,1239.0
536578,2026-05-01,0,31,1.0,1315.0,42.4,42.4,166,9,30,42.0,42.0,1315.0
536578,2026-06-01,17,13,0.433,775.0,57.4,59.6,67,6,30,60.0,57.0,775.0
531455,2025-07-01,31,0,0.0,0.0,90.5,,,,31,,91.0,0.0
531455,2025-08-01,31,0,0.0,0.0,85.6,,,,31,,86.0,0.0
531455,2025-09-01,30,0,0.0,0.0,91.0,,,,31,,91.0,0.0
531455,2025-10-01,31,0,0.0,0.0,97.6,,,,31,,98.0,0.0
531455,2025-11-01,30,0,0.0,0.0,90.3,,,,31,,90.0,0.0
531455,2025-12-01,31,0,0.0,0.0,88.6,,,,31,,89.0,0.0
531455,2026-01-01,31,0,0.0,0.0,88.0,,,,31,,88.0,0.0
531455,2026-02-01,28,0,0.0,0.0,86.4,,,,31,,86.0,0.0
531455,2026-03-01,31,0,0.0,0.0,98.8,,,,31,,99.0,0.0
531455,2026-04-01,30,0,0.0,0.0,114.3,,,,31,,114.0,0.0
531455,2026-05-01,31,0,0.0,0.0,97.7,,,,31,,98.0,0.0
531455,2026-06-01,19,11,0.367,991.0,90.4,90.1,5,32,31,90.0,90.0,991.0
253828,2025-07-01,28,3,0.097,1194.0,402.1,398.0,35,1,1,398.0,402.0,1194.0
253828,2025-08-01,28,3,0.097,1242.0,415.4,414.0,62,1,1,414.0,415.0,1242.0
253828,2025-09-01,28,2,0.067,834.0,421.5,417.0,100,2,1,417.0,422.0,834.0
253828,2025-10-01,29,2,0.065,888.0,439.6,444.0,122,2,1,444.0,440.0,888.0
253828,2025-11-01,30,0,0.0,0.0,424.7,,,,1,,425.0,0.0
253828,2025-12-01,31,0,0.0,0.0,423.9,,,,1,,424.0,0.0
253828,2026-01-01,31,0,0.0,0.0,429.3,,,,1,,429.0,0.0
1313711,2025-07-01,2,29,0.935,5330.0,180.8,183.8,27,14,1,184.0,181.0,5330.0
1313711,2025-08-01,16,15,0.484,2802.0,191.1,186.8,12,2,1,187.0,191.0,2802.0
1313711,2025-09-01,14,16,0.533,4125.0,240.1,257.8,21,2,1,258.0,240.0,4125.0
1313711,2025-10-01,6,25,0.806,5111.0,201.4,204.4,24,5,1,204.0,201.0,5111.0
1313711,2025-11-01,17,13,0.433,2385.0,183.0,183.5,12,3,1,184.0,183.0,2385.0
1313711,2025-12-01,17,14,0.452,2705.0,184.0,193.2,51,3,1,193.0,184.0,2705.0
1313711,2026-01-01,30,1,0.032,209.0,169.3,209.0,,,1,209.0,169.0,209.0
1313711,2026-02-01,24,4,0.143,673.0,163.7,168.2,12,2,1,168.0,164.0,673.0
1313711,2026-03-01,30,1,0.032,188.0,154.5,188.0,6,1,1,188.0,155.0,188.0
1313711,2026-04-01,15,15,0.5,2545.0,165.9,169.7,15,6,1,170.0,166.0,2545.0
1313711,2026-05-01,12,19,0.613,3190.0,167.5,167.9,34,3,1,168.0,168.0,3190.0
1313711,2026-06-01,15,15,0.5,3054.0,236.3,203.6,13,2,1,204.0,236.0,3054.0
253332,2025-07-01,13,18,0.581,4060.0,220.3,225.6,1,1,3,226.0,220.0,4060.0
253332,2025-08-01,29,2,0.065,431.0,220.5,215.5,1,2,3,216.0,221.0,431.0
253332,2025-09-01,4,26,0.867,6204.0,237.5,238.6,20,34,3,239.0,238.0,6204.0
253332,2025-10-01,0,31,1.0,7387.0,238.3,238.3,88,21,3,238.0,238.0,7387.0
253332,2025-11-01,10,20,0.667,4885.0,241.2,244.2,1,1,3,244.0,241.0,4885.0
253332,2025-12-01,1,30,0.968,6755.0,225.8,225.2,32,6,3,225.0,226.0,6755.0
253332,2026-01-01,24,7,0.226,1592.0,227.8,227.4,47,5,3,227.0,228.0,1592.0
253332,2026-02-01,28,0,0.0,0.0,232.0,,,,3,,232.0,0.0
253332,2026-03-01,24,7,0.226,1650.0,229.3,235.7,35,8,3,236.0,229.0,1650.0
253332,2026-04-01,20,10,0.333,2380.0,234.6,238.0,13,4,3,238.0,235.0,2380.0
253332,2026-05-01,10,21,0.677,5128.0,241.2,244.2,48,7,3,244.0,241.0,5128.0
253332,2026-06-01,10,20,0.667,4937.0,247.9,246.8,12,10,3,247.0,248.0,4937.0
266449,2025-07-01,2,29,0.935,4729.0,163.1,163.1,196,45,30,163.0,163.0,4729.0
266449,2025-08-01,13,18,0.581,3072.0,169.7,170.7,215,2,30,171.0,170.0,3072.0
266449,2025-09-01,0,30,1.0,5439.0,181.3,181.3,34,37,30,181.0,181.0,5439.0
266449,2025-10-01,2,29,0.935,4621.0,158.4,159.3,43,30,30,159.0,158.0,4621.0
266449,2025-11-01,19,11,0.367,1882.0,164.7,171.1,62,36,30,171.0,165.0,1882.0
266449,2025-12-01,0,31,1.0,4963.0,160.1,160.1,,,30,160.0,160.0,4963.0
266449,2026-01-01,0,31,1.0,4448.0,143.5,143.5,,,30,144.0,144.0,4448.0
266449,2026-02-01,19,9,0.321,1217.0,131.9,135.2,76,14,30,135.0,132.0,1217.0
266449,2026-03-01,4,27,0.871,3559.0,134.2,131.8,,,30,132.0,134.0,3559.0
266449,2026-04-01,14,16,0.533,2537.0,156.5,158.6,77,16,30,159.0,157.0,2537.0
266449,2026-05-01,29,2,0.065,324.0,175.1,162.0,94,2,30,162.0,175.0,324.0
266449,2026-06-01,30,0,0.0,0.0,197.4,,,,60,,197.0,0.0
1354973,2025-07-01,8,23,0.742,5351.0,233.5,232.7,17,6,3,233.0,234.0,5351.0
1354973,2025-08-01,5,26,0.839,5926.0,228.8,227.9,29,7,4,228.0,229.0,5926.0
1354973,2025-09-01,4,26,0.867,6009.0,231.0,231.1,72,6,4,231.0,231.0,6009.0
1354973,2025-10-01,5,26,0.839,6122.0,235.1,235.5,84,4,4,236.0,235.0,6122.0
1354973,2025-11-01,5,25,0.833,5709.0,228.0,228.4,69,3,4,228.0,228.0,5709.0
1354973,2025-12-01,7,24,0.774,6709.0,284.3,279.5,40,3,4,280.0,284.0,6709.0
1354973,2026-01-01,12,19,0.613,4206.0,219.6,221.4,37,5,5,221.0,220.0,4206.0
1354973,2026-02-01,19,9,0.321,1821.0,203.2,202.3,21,4,4,202.0,203.0,1821.0
1354973,2026-03-01,6,25,0.806,5293.0,211.6,211.7,85,4,4,212.0,212.0,5293.0
1354973,2026-04-01,17,13,0.433,3119.0,240.1,239.9,81,4,4,240.0,240.0,3119.0
1354973,2026-05-01,7,24,0.774,5411.0,226.7,225.5,80,4,4,226.0,227.0,5411.0
1354973,2026-06-01,10,20,0.667,8014.0,388.5,400.7,76,2,4,401.0,389.0,8014.0
712127,2025-07-01,31,0,0.0,0.0,66.0,,,,30,,66.0,0.0
712127,2025-08-01,28,3,0.097,207.0,67.3,69.0,1,6,30,69.0,67.0,207.0
712127,2025-09-01,24,6,0.2,386.0,67.3,64.3,1,6,30,64.0,67.0,386.0
712127,2025-10-01,28,3,0.097,197.0,66.6,65.7,,,30,66.0,67.0,197.0
712127,2025-11-01,30,0,0.0,0.0,72.4,,,,30,,72.0,0.0
712127,2025-12-01,31,0,0.0,0.0,67.4,,,,30,,67.0,0.0
712127,2026-01-01,31,0,0.0,0.0,66.9,,,,30,,67.0,0.0
712127,2026-02-01,28,0,0.0,0.0,64.3,,,,30,,64.0,0.0
712127,2026-03-01,26,5,0.161,315.0,62.1,63.0,1,6,30,63.0,62.0,315.0
712127,2026-04-01,29,1,0.033,62.0,63.2,62.0,,,30,62.0,63.0,62.0
712127,2026-05-01,31,0,0.0,0.0,62.9,,,,30,,63.0,0.0
712127,2026-06-01,30,0,0.0,0.0,64.5,,,,30,,65.0,0.0
982276,2025-07-01,31,0,0.0,0.0,95.2,,,,30,,95.0,0.0
982276,2025-08-01,31,0,0.0,0.0,96.5,,,,30,,97.0,0.0
982276,2025-09-01,16,14,0.467,1335.0,96.2,95.4,7,14,30,95.0,96.0,1335.0
982276,2025-10-01,31,0,0.0,0.0,96.4,,,,30,,96.0,0.0
982276,2025-11-01,0,30,1.0,2869.0,95.6,95.6,53,30,30,96.0,96.0,2869.0
982276,2025-12-01,31,0,0.0,0.0,95.1,,,,30,,95.0,0.0
982276,2026-01-01,26,5,0.161,465.0,92.2,93.0,1,1,30,93.0,92.0,465.0
982276,2026-02-01,26,2,0.071,180.0,90.4,90.0,1,2,30,90.0,90.0,180.0
982276,2026-03-01,25,6,0.194,547.0,89.4,91.2,33,3,30,91.0,89.0,547.0
982276,2026-04-01,24,6,0.2,534.0,90.6,89.0,19,3,30,89.0,91.0,534.0
982276,2026-05-01,31,0,0.0,0.0,93.0,,,,30,,93.0,0.0
982276,2026-06-01,30,0,0.0,0.0,92.6,,,,30,,93.0,0.0
150804,2025-07-01,31,0,0.0,0.0,469.2,,,,4,,469.0,0.0
150804,2025-08-01,31,0,0.0,0.0,468.9,,,,4,,469.0,0.0
150804,2025-09-01,10,20,0.667,9150.0,463.9,457.5,110,5,3,458.0,464.0,9150.0
150804,2025-10-01,14,17,0.548,7932.0,471.0,466.6,123,5,4,467.0,471.0,7932.0
150804,2025-11-01,11,19,0.633,9096.0,480.8,478.7,129,5,4,479.0,481.0,9096.0
150804,2025-12-01,7,24,0.774,10916.0,453.8,454.8,84,4,3,455.0,454.0,10916.0
150804,2026-01-01,31,0,0.0,0.0,453.9,,,,4,,454.0,0.0
150804,2026-02-01,28,0,0.0,0.0,494.5,,,,4,,495.0,0.0
150804,2026-03-01,12,19,0.613,9525.0,495.7,501.3,6,6,4,501.0,496.0,9525.0
150804,2026-04-01,14,16,0.533,7986.0,508.9,499.1,64,4,4,499.0,509.0,7986.0
150804,2026-05-01,6,25,0.806,13073.0,522.4,522.9,130,5,4,523.0,522.0,13073.0
150804,2026-06-01,2,28,0.933,14540.0,519.6,519.3,117,24,4,519.0,520.0,14540.0
573671,2025-07-01,31,0,0.0,0.0,79.4,,,,1000,,79.0,0.0
573671,2025-08-01,19,12,0.387,961.0,79.4,80.1,1,12,1000,80.0,79.0,961.0
573671,2025-09-01,30,0,0.0,0.0,80.1,,,,1000,,80.0,0.0
573671,2025-10-01,31,0,0.0,0.0,78.6,,,,1000,,79.0,0.0
573671,2025-11-01,30,0,0.0,0.0,76.6,,,,1000,,77.0,0.0
573671,2025-12-01,31,0,0.0,0.0,74.4,,,,1000,,74.0,0.0
573671,2026-01-01,31,0,0.0,0.0,62.0,,,,61,,62.0,0.0
573671,2026-02-01,28,0,0.0,0.0,59.1,,,,30,,59.0,0.0
573671,2026-03-01,31,0,0.0,0.0,61.0,,,,468,,61.0,0.0
573671,2026-04-01,30,0,0.0,0.0,61.7,,,,1000,,62.0,0.0
573671,2026-05-01,31,0,0.0,0.0,64.3,,,,1000,,64.0,0.0
573671,2026-06-01,30,0,0.0,0.0,65.6,,,,1000,,66.0,0.0
528485,2025-07-01,31,0,0.0,0.0,65.7,,,,30,,66.0,0.0
528485,2025-08-01,16,15,0.484,959.0,63.6,63.9,9,15,30,64.0,64.0,959.0
528485,2025-09-01,7,23,0.767,1516.0,65.2,65.9,1,23,30,66.0,65.0,1516.0
528485,2025-10-01,7,24,0.774,1778.0,73.1,74.1,1,24,30,74.0,73.0,1778.0
528485,2025-11-01,6,24,0.8,1681.0,71.0,70.0,1,24,30,70.0,71.0,1681.0
528485,2025-12-01,6,25,0.806,1625.0,64.1,65.0,1,25,30,65.0,64.0,1625.0
528485,2026-01-01,3,28,0.903,1891.0,67.3,67.5,3,28,30,68.0,67.0,1891.0
528485,2026-02-01,27,1,0.036,64.0,67.2,64.0,12,1,30,64.0,67.0,64.0
528485,2026-03-01,28,3,0.097,213.0,76.0,71.0,1,1,30,71.0,76.0,213.0
528485,2026-04-01,3,27,0.9,1975.0,73.2,73.1,3,40,30,73.0,73.0,1975.0
528485,2026-05-01,1,30,0.968,2207.0,73.5,73.6,50,30,30,74.0,74.0,2207.0
528485,2026-06-01,17,13,0.433,958.0,73.4,73.7,,,30,74.0,73.0,958.0
476983,2025-07-01,0,31,1.0,1535.0,49.5,49.5,,,30,50.0,50.0,1535.0
476983,2025-08-01,15,16,0.516,761.0,47.3,47.6,,,30,48.0,47.0,761.0
476983,2025-09-01,14,16,0.533,763.0,47.9,47.7,165,33,30,48.0,48.0,763.0
476983,2025-10-01,0,31,1.0,1556.0,50.2,50.2,209,34,30,50.0,50.0,1556.0
476983,2025-11-01,9,21,0.7,1031.0,49.0,49.1,37,22,30,49.0,49.0,1031.0
476983,2025-12-01,9,22,0.71,1050.0,47.5,47.7,66,1,30,48.0,48.0,1050.0
476983,2026-01-01,17,14,0.452,677.0,47.8,48.4,180,21,30,48.0,48.0,677.0
476983,2026-02-01,0,28,1.0,1406.0,50.2,50.2,,,30,50.0,50.0,1406.0
476983,2026-03-01,0,31,1.0,1639.0,52.9,52.9,15,32,30,53.0,53.0,1639.0
476983,2026-04-01,28,2,0.067,104.0,52.2,52.0,,,30,52.0,52.0,104.0
476983,2026-05-01,31,0,0.0,0.0,53.2,,,,30,,53.0,0.0
476983,2026-06-01,30,0,0.0,0.0,53.4,,,,30,,53.0,0.0
67299,2025-07-01,0,31,1.0,5591.0,180.4,180.4,28,30,30,180.0,180.0,5591.0
67299,2025-08-01,2,29,0.935,4525.0,156.3,156.0,,,30,156.0,156.0,4525.0
67299,2025-09-01,0,30,1.0,4250.0,141.7,141.7,13,30,30,142.0,142.0,4250.0
67299,2025-10-01,3,28,0.903,4367.0,154.6,156.0,46,41,30,156.0,155.0,4367.0
67299,2025-11-01,10,20,0.667,2952.0,143.7,147.6,47,11,30,148.0,144.0,2952.0
67299,2025-12-01,15,16,0.516,2266.0,140.4,141.6,51,1,30,142.0,140.0,2266.0
67299,2026-01-01,30,1,0.032,145.0,130.4,145.0,72,14,30,145.0,130.0,145.0
67299,2026-02-01,0,28,1.0,3917.0,139.9,139.9,32,15,30,140.0,140.0,3917.0
67299,2026-03-01,4,27,0.871,4362.0,162.8,161.6,52,30,30,162.0,163.0,4362.0
67299,2026-04-01,0,30,1.0,6037.0,201.2,201.2,34,30,30,201.0,201.0,6037.0
67299,2026-05-01,12,19,0.613,3835.0,197.4,201.8,,,30,202.0,197.0,3835.0
67299,2026-06-01,26,4,0.133,731.0,185.3,182.8,61,2,30,183.0,185.0,731.0
944840,2025-07-01,31,0,0.0,0.0,91.3,,,,45,,91.0,0.0
944840,2025-08-01,31,0,0.0,0.0,92.0,,,,40,,92.0,0.0
944840,2025-09-01,30,0,0.0,0.0,90.9,,,,40,,91.0,0.0
944840,2025-10-01,31,0,0.0,0.0,94.6,,,,40,,95.0,0.0
944840,2025-11-01,30,0,0.0,0.0,94.0,,,,40,,94.0,0.0
944840,2025-12-01,31,0,0.0,0.0,96.2,,,,40,,96.0,0.0
944840,2026-01-01,31,0,0.0,0.0,103.6,,,,34,,104.0,0.0
944840,2026-02-01,28,0,0.0,0.0,109.6,,,,37,,110.0,0.0
944840,2026-03-01,1,30,0.968,3355.0,111.8,111.8,77,35,40,112.0,112.0,3355.0
944840,2026-04-01,25,5,0.167,560.0,113.1,112.0,,,40,112.0,113.0,560.0
944840,2026-05-01,31,0,0.0,0.0,111.0,,,,40,,111.0,0.0
944840,2026-06-01,15,15,0.5,1667.0,111.6,111.1,1,15,40,111.0,112.0,1667.0
507393,2025-07-01,31,0,0.0,0.0,53.0,,,,30,,53.0,0.0
507393,2025-08-01,19,12,0.387,612.0,52.3,51.0,185,21,30,51.0,52.0,612.0
507393,2025-09-01,0,30,1.0,1558.0,51.9,51.9,,,30,52.0,52.0,1558.0
507393,2025-10-01,8,23,0.742,1168.0,49.0,50.8,62,16,30,51.0,49.0,1168.0
507393,2025-11-01,20,10,0.333,519.0,51.9,51.9,,,30,52.0,52.0,519.0
507393,2025-12-01,31,0,0.0,0.0,48.9,,,,30,,49.0,0.0
507393,2026-01-01,31,0,0.0,0.0,47.6,,,,30,,48.0,0.0
507393,2026-02-01,28,0,0.0,0.0,48.2,,,,30,,48.0,0.0
507393,2026-03-01,31,0,0.0,0.0,49.8,,,,30,,50.0,0.0
507393,2026-04-01,30,0,0.0,0.0,52.3,,,,30,,52.0,0.0
507393,2026-05-01,31,0,0.0,0.0,51.6,,,,30,,52.0,0.0
507393,2026-06-01,30,0,0.0,0.0,52.3,,,,30,,52.0,0.0
333323,2025-07-01,0,31,1.0,2905.0,93.7,93.7,,,30,94.0,94.0,2905.0
333323,2025-08-01,9,22,0.71,2009.0,90.7,91.3,1,22,30,91.0,91.0,2009.0
333323,2025-09-01,15,15,0.5,1538.0,104.8,102.5,1,5,30,103.0,105.0,1538.0
333323,2025-10-01,31,0,0.0,0.0,100.3,,,,30,,100.0,0.0
333323,2025-11-01,30,0,0.0,0.0,97.9,,,,30,,98.0,0.0
333323,2025-12-01,31,0,0.0,0.0,93.1,,,,30,,93.0,0.0
333323,2026-01-01,27,4,0.129,338.0,89.6,84.5,12,16,30,85.0,90.0,338.0
333323,2026-02-01,3,25,0.893,1948.0,78.1,77.9,1,25,30,78.0,78.0,1948.0
333323,2026-03-01,7,24,0.774,1964.0,81.9,81.8,3,28,30,82.0,82.0,1964.0
333323,2026-04-01,14,16,0.533,1376.0,86.1,86.0,,,30,86.0,86.0,1376.0
333323,2026-05-01,31,0,0.0,0.0,101.5,,,,30,,102.0,0.0
333323,2026-06-01,28,2,0.067,259.0,125.0,129.5,22,63,30,130.0,125.0,259.0
817113,2025-07-01,8,23,0.742,2237.0,99.7,97.3,22,45,30,97.0,100.0,2237.0
817113,2025-08-01,9,22,0.71,1901.0,80.0,86.4,,,30,86.0,80.0,1901.0
817113,2025-09-01,30,0,0.0,0.0,66.5,,,,30,,67.0,0.0
817113,2025-10-01,31,0,0.0,0.0,65.7,,,,30,,66.0,0.0
817113,2025-11-01,30,0,0.0,0.0,65.6,,,,30,,66.0,0.0
817113,2025-12-01,31,0,0.0,0.0,66.4,,,,30,,66.0,0.0
817113,2026-01-01,31,0,0.0,0.0,68.1,,,,30,,68.0,0.0
817113,2026-02-01,28,0,0.0,0.0,64.4,,,,30,,64.0,0.0
817113,2026-03-01,31,0,0.0,0.0,64.1,,,,30,,64.0,0.0
817113,2026-04-01,30,0,0.0,0.0,64.9,,,,30,,65.0,0.0
817113,2026-05-01,31,0,0.0,0.0,71.2,,,,30,,71.0,0.0
817113,2026-06-01,30,0,0.0,0.0,75.8,,,,30,,76.0,0.0
1411811,2025-07-01,9,22,0.71,8544.0,390.2,388.4,24,4,1,388.0,390.0,8544.0
1411811,2025-08-01,3,28,0.903,10148.0,361.3,362.4,20,4,1,362.0,361.0,10148.0
1411811,2025-09-01,3,27,0.9,11182.0,414.2,414.1,26,5,1,414.0,414.0,11182.0
1411811,2025-10-01,0,31,1.0,13041.0,420.7,420.7,18,6,1,421.0,421.0,13041.0
1411811,2025-11-01,8,22,0.733,9311.0,418.8,423.2,29,8,1,423.0,419.0,9311.0
1411811,2025-12-01,10,21,0.677,8868.0,413.6,422.3,31,3,1,422.0,414.0,8868.0
1411811,2026-01-01,2,29,0.935,8018.0,276.1,276.5,22,11,1,277.0,276.0,8018.0
1411811,2026-02-01,10,18,0.643,7103.0,381.6,394.6,2,10,1,395.0,382.0,7103.0
1411811,2026-03-01,15,16,0.516,7828.0,480.1,489.2,1,17,1,489.0,480.0,7828.0
1411811,2026-04-01,1,29,0.967,14957.0,515.8,515.8,17,10,1,516.0,516.0,14957.0
1411811,2026-05-01,9,22,0.71,11155.0,501.7,507.0,23,5,1,507.0,502.0,11155.0
1411811,2026-06-01,6,24,0.8,11559.0,477.3,481.6,33,8,1,482.0,477.0,11559.0
302238,2025-07-01,0,31,1.0,6406.0,206.6,206.6,,,30,207.0,207.0,6406.0
302238,2025-08-01,20,11,0.355,2422.0,220.8,220.2,,,30,220.0,221.0,2422.0
302238,2025-09-01,30,0,0.0,0.0,224.2,,,,30,,224.0,0.0
302238,2025-10-01,31,0,0.0,0.0,226.8,,,,30,,227.0,0.0
302238,2025-11-01,30,0,0.0,0.0,224.9,,,,30,,225.0,0.0
302238,2025-12-01,31,0,0.0,0.0,218.4,,,,30,,218.0,0.0
302238,2026-01-01,31,0,0.0,0.0,217.9,,,,30,,218.0,0.0
302238,2026-02-01,23,5,0.179,1225.0,240.7,245.0,1,5,30,245.0,241.0,1225.0
302238,2026-03-01,31,0,0.0,0.0,236.8,,,,30,,237.0,0.0
302238,2026-04-01,30,0,0.0,0.0,237.1,,,,30,,237.0,0.0
302238,2026-05-01,31,0,0.0,0.0,244.8,,,,30,,245.0,0.0
302238,2026-06-01,30,0,0.0,0.0,232.4,,,,30,,232.0,0.0
255601,2025-07-01,1,30,0.968,7904.0,262.8,263.5,77,6,4,264.0,263.0,7904.0
255601,2025-08-01,1,30,0.968,8072.0,268.3,269.1,53,9,4,269.0,268.0,8072.0
255601,2025-09-01,1,29,0.967,7668.0,264.7,264.4,136,12,4,264.0,265.0,7668.0
255601,2025-10-01,0,31,1.0,8257.0,266.4,266.4,155,7,4,266.0,266.0,8257.0
255601,2025-11-01,3,27,0.9,6784.0,251.5,251.3,35,4,4,251.0,252.0,6784.0
255601,2025-12-01,3,28,0.903,7506.0,273.3,268.1,106,4,4,268.0,273.0,7506.0
255601,2026-01-01,3,28,0.903,6790.0,242.0,242.5,28,5,4,243.0,242.0,6790.0
255601,2026-02-01,11,17,0.607,4136.0,239.8,243.3,74,5,4,243.0,240.0,4136.0
255601,2026-03-01,9,22,0.71,5547.0,248.7,252.1,45,6,4,252.0,249.0,5547.0
255601,2026-04-01,4,26,0.867,6805.0,261.2,261.7,85,6,4,262.0,261.0,6805.0
255601,2026-05-01,2,29,0.935,8882.0,306.4,306.3,105,3,4,306.0,306.0,8882.0
255601,2026-06-01,21,9,0.3,3076.0,287.9,341.8,97,1,3,342.0,288.0,3076.0
1027808,2025-07-01,22,9,0.29,4737.0,516.2,526.3,1,6,30,526.0,516.0,4737.0
1027808,2025-08-01,24,7,0.226,3539.0,509.2,505.6,1,6,30,506.0,509.0,3539.0
1027808,2025-09-01,24,6,0.2,3358.0,518.9,559.7,1,25,30,560.0,519.0,3358.0
1027808,2025-10-01,12,19,0.613,9995.0,519.4,526.1,,,30,526.0,519.0,9995.0
1027808,2025-11-01,30,0,0.0,0.0,512.3,,,,30,,512.0,0.0
1027808,2025-12-01,31,0,0.0,0.0,514.3,,,,30,,514.0,0.0
1027808,2026-01-01,31,0,0.0,0.0,507.5,,,,30,,508.0,0.0
1027808,2026-02-01,28,0,0.0,0.0,548.1,,,,30,,548.0,0.0
1027808,2026-03-01,31,0,0.0,0.0,559.1,,,,30,,559.0,0.0
1027808,2026-04-01,30,0,0.0,0.0,546.4,,,,30,,546.0,0.0
1027808,2026-05-01,31,0,0.0,0.0,555.9,,,,30,,556.0,0.0
1027808,2026-06-01,30,0,0.0,0.0,586.5,,,,30,,587.0,0.0
1057022,2025-07-01,2,29,0.935,5277.0,182.0,182.0,131,46,30,182.0,182.0,5277.0
1057022,2025-08-01,0,31,1.0,4772.0,153.9,153.9,46,30,30,154.0,154.0,4772.0
1057022,2025-09-01,14,16,0.533,2604.0,154.2,162.8,,,30,163.0,154.0,2604.0
1057022,2025-10-01,31,0,0.0,0.0,165.8,,,,30,,166.0,0.0
1057022,2025-11-01,30,0,0.0,0.0,150.0,,,,30,,150.0,0.0
1057022,2025-12-01,30,1,0.032,152.0,146.7,152.0,1,1,30,152.0,147.0,152.0
1057022,2026-01-01,30,1,0.032,159.0,150.6,159.0,1,1,30,159.0,151.0,159.0
1057022,2026-02-01,27,1,0.036,148.0,139.9,148.0,1,1,30,148.0,140.0,148.0
1057022,2026-03-01,4,27,0.871,3940.0,144.9,145.9,18,33,30,146.0,145.0,3940.0
1057022,2026-04-01,15,15,0.5,2181.0,145.2,145.4,34,7,30,145.0,145.0,2181.0
1057022,2026-05-01,25,6,0.194,928.0,151.0,154.7,,,30,155.0,151.0,928.0
1057022,2026-06-01,30,0,0.0,0.0,146.3,,,,30,,146.0,0.0
1326566,2026-03-01,28,3,0.097,243.0,81.4,81.0,,,30,81.0,81.0,243.0
1326566,2026-04-01,30,0,0.0,0.0,79.4,,,,30,,79.0,0.0
1326566,2026-05-01,30,1,0.032,78.0,79.2,78.0,1,1,30,78.0,79.0,78.0
1326566,2026-06-01,30,0,0.0,0.0,81.1,,,,30,,81.0,0.0
873701,2025-07-01,0,31,1.0,3844.0,124.0,124.0,58,45,30,124.0,124.0,3844.0
873701,2025-08-01,0,31,1.0,4121.0,132.9,132.9,98,1,30,133.0,133.0,4121.0
873701,2025-09-01,1,29,0.967,3512.0,120.5,121.1,49,63,30,121.0,121.0,3512.0
873701,2025-10-01,0,31,1.0,4059.0,130.9,130.9,,,30,131.0,131.0,4059.0
873701,2025-11-01,0,30,1.0,3649.0,121.6,121.6,23,29,30,122.0,122.0,3649.0
873701,2025-12-01,29,2,0.065,246.0,127.1,123.0,,,30,123.0,127.0,246.0
873701,2026-01-01,31,0,0.0,0.0,116.8,,,,30,,117.0,0.0
873701,2026-02-01,28,0,0.0,0.0,123.3,,,,30,,123.0,0.0
873701,2026-03-01,18,13,0.419,1683.0,123.3,129.5,128,46,30,130.0,123.0,1683.0
873701,2026-04-01,0,30,1.0,3779.0,126.0,126.0,,,30,126.0,126.0,3779.0
873701,2026-05-01,25,6,0.194,763.0,128.4,127.2,113,5,30,127.0,128.0,763.0
873701,2026-06-01,28,2,0.067,254.0,128.8,127.0,,,30,127.0,129.0,254.0
24285,2025-07-01,28,3,0.097,654.0,216.8,218.0,115,1,30,218.0,217.0,654.0
24285,2025-08-01,27,4,0.129,866.0,216.5,216.5,131,2,30,217.0,217.0,866.0
24285,2025-09-01,26,4,0.133,853.0,215.1,213.2,146,2,30,213.0,215.0,853.0
24285,2025-10-01,26,5,0.161,1075.0,214.4,215.0,161,1,30,215.0,214.0,1075.0
24285,2025-11-01,29,1,0.033,213.0,218.8,213.0,338,1,30,213.0,219.0,213.0
24285,2025-12-01,31,0,0.0,0.0,211.1,,,,30,,211.0,0.0
24285,2026-01-01,31,0,0.0,0.0,208.4,,,,30,,208.0,0.0
24285,2026-02-01,28,0,0.0,0.0,256.0,,,,30,,256.0,0.0
24285,2026-03-01,31,0,0.0,0.0,254.5,,,,30,,255.0,0.0
24285,2026-04-01,30,0,0.0,0.0,247.5,,,,30,,248.0,0.0
24285,2026-05-01,31,0,0.0,0.0,249.0,,,,30,,249.0,0.0
24285,2026-06-01,30,0,0.0,0.0,252.5,,,,30,,253.0,0.0
846854,2025-07-01,0,31,1.0,12143.0,391.7,391.7,103,19,30,392.0,392.0,12143.0
846854,2025-08-01,24,7,0.226,2725.0,394.4,389.3,,,30,389.0,394.0,2725.0
846854,2025-09-01,8,22,0.733,8519.0,390.4,387.2,103,22,30,387.0,390.0,8519.0
846854,2025-10-01,24,7,0.226,2795.0,391.1,399.3,281,32,30,399.0,391.0,2795.0
846854,2025-11-01,1,29,0.967,11002.0,379.5,379.4,81,4,30,379.0,380.0,11002.0
846854,2025-12-01,14,17,0.548,6292.0,372.2,370.1,86,17,30,370.0,372.0,6292.0
846854,2026-01-01,31,0,0.0,0.0,373.2,,,,30,,373.0,0.0
846854,2026-02-01,28,0,0.0,0.0,370.2,,,,30,,370.0,0.0
846854,2026-03-01,31,0,0.0,0.0,386.7,,,,30,,387.0,0.0
846854,2026-04-01,28,2,0.067,802.0,413.0,401.0,236,1,30,401.0,413.0,802.0
846854,2026-05-01,28,3,0.097,1749.0,518.0,583.0,146,1,30,583.0,518.0,1749.0
846854,2026-06-01,29,1,0.033,697.0,674.9,697.0,125,1,30,697.0,675.0,697.0
218358,2025-07-01,0,31,1.0,2681.0,86.5,86.5,,,30,87.0,87.0,2681.0
218358,2025-08-01,16,15,0.484,955.0,66.4,63.7,3,7,30,64.0,66.0,955.0
218358,2025-09-01,8,22,0.733,1540.0,70.6,70.0,,,30,70.0,71.0,1540.0
218358,2025-10-01,11,20,0.645,1458.0,73.4,72.9,21,6,30,73.0,73.0,1458.0
218358,2025-11-01,30,0,0.0,0.0,76.0,,,,30,,76.0,0.0
218358,2025-12-01,31,0,0.0,0.0,72.9,,,,30,,73.0,0.0
218358,2026-01-01,31,0,0.0,0.0,71.5,,,,30,,72.0,0.0
218358,2026-02-01,28,0,0.0,0.0,72.9,,,,30,,73.0,0.0
218358,2026-03-01,31,0,0.0,0.0,70.8,,,,30,,71.0,0.0
218358,2026-04-01,30,0,0.0,0.0,71.4,,,,30,,71.0,0.0
218358,2026-05-01,31,0,0.0,0.0,71.8,,,,30,,72.0,0.0
218358,2026-06-01,30,0,0.0,0.0,71.2,,,,30,,71.0,0.0
666837,2025-07-01,27,4,0.129,495.0,125.2,123.8,,,31,124.0,125.0,495.0
666837,2025-08-01,31,0,0.0,0.0,127.0,,,,31,,127.0,0.0
666837,2025-09-01,30,0,0.0,0.0,130.4,,,,31,,130.0,0.0
666837,2025-10-01,18,13,0.419,1654.0,127.5,127.2,40,23,31,127.0,128.0,1654.0
666837,2025-11-01,0,30,1.0,3619.0,120.6,120.6,,,31,121.0,121.0,3619.0
666837,2025-12-01,28,3,0.097,366.0,119.9,122.0,,,31,122.0,120.0,366.0
666837,2026-01-01,12,19,0.613,2337.0,123.9,123.0,12,24,31,123.0,124.0,2337.0
666837,2026-02-01,0,28,1.0,3931.0,140.4,140.4,,,31,140.0,140.0,3931.0
666837,2026-03-01,1,30,0.968,4765.0,158.5,158.8,1,31,31,159.0,159.0,4765.0
666837,2026-04-01,8,22,0.733,3459.0,155.7,157.2,3,5,31,157.0,156.0,3459.0
666837,2026-05-01,29,2,0.065,305.0,151.5,152.5,,,31,153.0,152.0,305.0
666837,2026-06-01,27,3,0.1,450.0,150.7,150.0,84,10,31,150.0,151.0,450.0
46911,2025-07-01,5,26,0.839,2455.0,90.5,94.4,,,30,94.0,91.0,2455.0
46911,2025-08-01,4,27,0.871,1858.0,68.7,68.8,16,31,30,69.0,69.0,1858.0
46911,2025-09-01,16,14,0.467,926.0,66.7,66.1,42,3,30,66.0,67.0,926.0
46911,2025-10-01,26,5,0.161,332.0,73.5,66.4,,,30,66.0,74.0,332.0
46911,2025-11-01,30,0,0.0,0.0,70.9,,,,30,,71.0,0.0
46911,2025-12-01,31,0,0.0,0.0,69.0,,,,30,,69.0,0.0
46911,2026-01-01,12,19,0.613,1367.0,72.2,71.9,48,45,16,72.0,72.0,1367.0
46911,2026-02-01,2,26,0.929,2059.0,78.4,79.2,,,14,79.0,78.0,2059.0
46911,2026-03-01,12,19,0.613,1936.0,91.3,101.9,1,19,14,102.0,91.0,1936.0
46911,2026-04-01,5,25,0.833,1791.0,71.4,71.6,60,58,14,72.0,71.0,1791.0
46911,2026-05-01,0,31,1.0,2297.0,74.1,74.1,,,14,74.0,74.0,2297.0
46911,2026-06-01,8,22,0.733,2159.0,98.1,98.1,61,20,14,98.0,98.0,2159.0
927408,2025-07-01,31,0,0.0,0.0,109.2,,,,30,,109.0,0.0
927408,2025-08-01,31,0,0.0,0.0,91.9,,,,30,,92.0,0.0
927408,2025-09-01,30,0,0.0,0.0,91.1,,,,30,,91.0,0.0
927408,2025-10-01,31,0,0.0,0.0,92.0,,,,30,,92.0,0.0
927408,2025-11-01,30,0,0.0,0.0,88.2,,,,30,,88.0,0.0
927408,2025-12-01,31,0,0.0,0.0,90.8,,,,30,,91.0,0.0
927408,2026-01-01,31,0,0.0,0.0,92.7,,,,30,,93.0,0.0
927408,2026-02-01,28,0,0.0,0.0,95.5,,,,30,,96.0,0.0
927408,2026-03-01,18,13,0.419,1265.0,100.4,97.3,1,25,30,97.0,100.0,1265.0
927408,2026-04-01,13,17,0.567,1580.0,92.1,92.9,73,27,30,93.0,92.0,1580.0
927408,2026-05-01,9,22,0.71,2060.0,94.5,93.6,,,30,94.0,95.0,2060.0
927408,2026-06-01,30,0,0.0,0.0,95.4,,,,30,,95.0,0.0
23545,2025-07-01,31,0,0.0,0.0,189.5,,,,30,,190.0,0.0
23545,2025-08-01,31,0,0.0,0.0,195.8,,,,30,,196.0,0.0
23545,2025-09-01,30,0,0.0,0.0,197.9,,,,30,,198.0,0.0
23545,2025-10-01,31,0,0.0,0.0,196.4,,,,30,,196.0,0.0
23545,2025-11-01,30,0,0.0,0.0,196.1,,,,30,,196.0,0.0
23545,2025-12-01,25,6,0.194,1200.0,196.4,200.0,1,6,30,200.0,196.0,1200.0
23545,2026-01-01,31,0,0.0,0.0,197.4,,,,30,,197.0,0.0
23545,2026-02-01,28,0,0.0,0.0,214.0,,,,30,,214.0,0.0
23545,2026-03-01,31,0,0.0,0.0,216.6,,,,30,,217.0,0.0
23545,2026-04-01,30,0,0.0,0.0,214.0,,,,30,,214.0,0.0
23545,2026-05-01,31,0,0.0,0.0,214.1,,,,30,,214.0,0.0
23545,2026-06-01,24,6,0.2,1308.0,217.0,218.0,1,6,30,218.0,217.0,1308.0
113265,2025-07-01,0,31,1.0,1895.0,61.1,61.1,,,30,61.0,61.0,1895.0
113265,2025-08-01,12,19,0.613,1136.0,58.8,59.8,8,5,30,60.0,59.0,1136.0
113265,2025-09-01,1,29,0.967,1706.0,59.1,58.8,14,17,30,59.0,59.0,1706.0
113265,2025-10-01,2,29,0.935,1620.0,55.9,55.9,9,33,30,56.0,56.0,1620.0
113265,2025-11-01,20,10,0.333,553.0,55.6,55.3,,,30,55.0,56.0,553.0
113265,2025-12-01,31,0,0.0,0.0,59.8,,,,30,,60.0,0.0
113265,2026-01-01,31,0,0.0,0.0,62.1,,,,30,,62.0,0.0
113265,2026-02-01,28,0,0.0,0.0,62.2,,,,30,,62.0,0.0
113265,2026-03-01,31,0,0.0,0.0,61.5,,,,30,,62.0,0.0
113265,2026-04-01,30,0,0.0,0.0,61.4,,,,30,,61.0,0.0
113265,2026-05-01,31,0,0.0,0.0,63.3,,,,30,,63.0,0.0
113265,2026-06-01,30,0,0.0,0.0,62.9,,,,30,,63.0,0.0
1042806,2025-07-01,7,24,0.774,2221.0,93.0,92.5,59,4,4,93.0,93.0,2221.0
1042806,2025-08-01,3,28,0.903,2759.0,98.3,98.5,80,5,4,99.0,98.0,2759.0
1042806,2025-09-01,3,27,0.9,2813.0,103.6,104.2,58,3,2,104.0,104.0,2813.0
1042806,2025-10-01,2,29,0.935,2689.0,92.6,92.7,87,3,2,93.0,93.0,2689.0
1042806,2025-11-01,8,22,0.733,2094.0,95.8,95.2,27,4,2,95.0,96.0,2094.0
1042806,2025-12-01,8,23,0.742,2375.0,106.2,103.3,71,7,4,103.0,106.0,2375.0
1042806,2026-01-01,26,5,0.161,477.0,95.9,95.4,,,2,95.0,96.0,477.0
1042806,2026-02-01,26,2,0.071,214.0,102.8,107.0,8,2,2,107.0,103.0,214.0
1042806,2026-03-01,12,19,0.613,2166.0,111.5,114.0,7,7,2,114.0,112.0,2166.0
1042806,2026-04-01,19,11,0.367,1286.0,118.2,116.9,1,7,2,117.0,118.0,1286.0
1042806,2026-05-01,16,15,0.484,1773.0,120.4,118.2,58,5,2,118.0,120.0,1773.0
1042806,2026-06-01,7,23,0.767,2687.0,118.0,116.8,82,4,2,117.0,118.0,2687.0
65660,2025-07-01,31,0,0.0,0.0,91.8,,,,30,,92.0,0.0
65660,2025-08-01,31,0,0.0,0.0,90.9,,,,30,,91.0,0.0
65660,2025-09-01,30,0,0.0,0.0,91.5,,,,30,,92.0,0.0
65660,2025-10-01,31,0,0.0,0.0,90.4,,,,30,,90.0,0.0
65660,2025-11-01,30,0,0.0,0.0,89.5,,,,30,,90.0,0.0
65660,2025-12-01,31,0,0.0,0.0,91.3,,,,30,,91.0,0.0
65660,2026-01-01,31,0,0.0,0.0,90.2,,,,30,,90.0,0.0
65660,2026-02-01,28,0,0.0,0.0,94.2,,,,30,,94.0,0.0
65660,2026-03-01,31,0,0.0,0.0,93.1,,,,30,,93.0,0.0
65660,2026-04-01,30,0,0.0,0.0,90.6,,,,30,,91.0,0.0
65660,2026-05-01,31,0,0.0,0.0,90.9,,,,30,,91.0,0.0
65660,2026-06-01,17,13,0.433,1202.0,92.7,92.5,1,13,30,93.0,93.0,1202.0
1258651,2025-07-01,5,26,0.839,8120.0,312.0,312.3,110,7,3,312.0,312.0,8120.0
1258651,2025-08-01,6,25,0.806,7841.0,314.3,313.6,56,5,3,314.0,314.0,7841.0
1258651,2025-09-01,6,24,0.8,7772.0,325.7,323.8,117,5,2,324.0,326.0,7772.0
1258651,2025-10-01,3,28,0.903,8988.0,320.8,321.0,166,5,3,321.0,321.0,8988.0
1258651,2025-11-01,16,14,0.467,4293.0,306.0,306.6,81,4,2,307.0,306.0,4293.0
1258651,2025-12-01,2,29,0.935,9270.0,319.1,319.7,106,5,3,320.0,319.0,9270.0
1258651,2026-01-01,21,10,0.323,2948.0,291.8,294.8,22,3,3,295.0,292.0,2948.0
1258651,2026-02-01,18,10,0.357,3109.0,309.4,310.9,23,5,3,311.0,309.0,3109.0
1258651,2026-03-01,13,18,0.581,6322.0,347.5,351.2,47,4,3,351.0,348.0,6322.0
1258651,2026-04-01,3,27,0.9,9578.0,354.8,354.7,148,6,2,355.0,355.0,9578.0
1258651,2026-05-01,3,28,0.903,9978.0,356.4,356.4,66,4,2,356.0,356.0,9978.0
1258651,2026-06-01,8,22,0.733,8322.0,379.6,378.3,103,3,2,378.0,380.0,8322.0
1255828,2025-07-01,0,31,1.0,2946.0,95.0,95.0,126,32,30,95.0,95.0,2946.0
1255828,2025-08-01,1,30,0.968,2814.0,93.0,93.8,48,16,30,94.0,93.0,2814.0
1255828,2025-09-01,8,22,0.733,2053.0,90.7,93.3,152,30,30,93.0,91.0,2053.0
1255828,2025-10-01,0,31,1.0,3009.0,97.1,97.1,92,16,30,97.0,97.0,3009.0
1255828,2025-11-01,0,30,1.0,2628.0,87.6,87.6,115,32,30,88.0,88.0,2628.0
1255828,2025-12-01,3,28,0.903,2069.0,75.1,73.9,11,16,30,74.0,75.0,2069.0
1255828,2026-01-01,3,28,0.903,2398.0,85.0,85.6,57,35,30,86.0,85.0,2398.0
1255828,2026-02-01,0,28,1.0,2374.0,84.8,84.8,,,30,85.0,85.0,2374.0
1255828,2026-03-01,10,21,0.677,1997.0,95.7,95.1,18,3,30,95.0,96.0,1997.0
1255828,2026-04-01,24,6,0.2,570.0,93.2,95.0,82,3,30,95.0,93.0,570.0
1255828,2026-05-01,31,0,0.0,0.0,88.8,,,,30,,89.0,0.0
1255828,2026-06-01,30,0,0.0,0.0,88.9,,,,30,,89.0,0.0
343276,2025-07-01,4,27,0.871,3910.0,144.7,144.8,37,1,4,145.0,145.0,3910.0
343276,2025-08-01,10,21,0.677,2840.0,134.0,135.2,75,3,3,135.0,134.0,2840.0
343276,2025-09-01,2,28,0.933,3939.0,140.8,140.7,81,2,3,141.0,141.0,3939.0
343276,2025-10-01,0,31,1.0,4629.0,149.3,149.3,98,2,3,149.0,149.0,4629.0
343276,2025-11-01,8,22,0.733,3382.0,152.2,153.7,97,3,3,154.0,152.0,3382.0
343276,2025-12-01,5,26,0.839,4526.0,183.0,174.1,59,4,4,174.0,183.0,4526.0
343276,2026-01-01,4,27,0.871,1870.0,67.2,69.3,30,13,27,69.0,67.0,1870.0
343276,2026-02-01,10,18,0.643,1027.0,57.6,57.1,56,16,30,57.0,58.0,1027.0
343276,2026-03-01,1,30,0.968,2322.0,79.1,77.4,,,30,77.0,79.0,2322.0
343276,2026-04-01,13,17,0.567,2883.0,169.6,169.6,73,2,4,170.0,170.0,2883.0
343276,2026-05-01,8,23,0.742,3884.0,168.0,168.9,58,2,3,169.0,168.0,3884.0
343276,2026-06-01,2,28,0.933,5026.0,178.8,179.5,115,2,3,180.0,179.0,5026.0
906038,2025-07-01,15,16,0.516,1762.0,110.9,110.1,34,23,30,110.0,111.0,1762.0
906038,2025-08-01,0,31,1.0,3338.0,107.7,107.7,,,30,108.0,108.0,3338.0
906038,2025-09-01,4,26,0.867,2833.0,108.9,109.0,46,26,30,109.0,109.0,2833.0
906038,2025-10-01,31,0,0.0,0.0,110.2,,,,30,,110.0,0.0
906038,2025-11-01,30,0,0.0,0.0,111.3,,,,30,,111.0,0.0
906038,2025-12-01,31,0,0.0,0.0,114.3,,,,30,,114.0,0.0
906038,2026-01-01,31,0,0.0,0.0,118.5,,,,30,,119.0,0.0
906038,2026-02-01,28,0,0.0,0.0,126.5,,,,30,,127.0,0.0
906038,2026-03-01,31,0,0.0,0.0,121.1,,,,30,,121.0,0.0
906038,2026-04-01,30,0,0.0,0.0,113.9,,,,30,,114.0,0.0
906038,2026-05-01,31,0,0.0,0.0,119.6,,,,30,,120.0,0.0
906038,2026-06-01,30,0,0.0,0.0,117.3,,,,30,,117.0,0.0
118061,2025-07-01,0,31,1.0,3344.0,107.9,107.9,75,61,30,108.0,108.0,3344.0
118061,2025-08-01,1,30,0.968,3292.0,109.5,109.7,,,30,110.0,110.0,3292.0
118061,2025-09-01,0,30,1.0,3227.0,107.6,107.6,257,30,30,108.0,108.0,3227.0
118061,2025-10-01,31,0,0.0,0.0,104.3,,,,30,,104.0,0.0
118061,2025-11-01,26,4,0.133,373.0,88.7,93.2,130,37,30,93.0,89.0,373.0
118061,2025-12-01,0,31,1.0,2700.0,87.1,87.1,,,30,87.0,87.0,2700.0
118061,2026-01-01,6,25,0.806,2523.0,101.6,100.9,45,16,30,101.0,102.0,2523.0
118061,2026-02-01,18,10,0.357,945.0,94.9,94.5,,,30,95.0,95.0,945.0
118061,2026-03-01,31,0,0.0,0.0,104.1,,,,30,,104.0,0.0
118061,2026-04-01,30,0,0.0,0.0,112.9,,,,30,,113.0,0.0
118061,2026-05-01,31,0,0.0,0.0,111.5,,,,30,,112.0,0.0
118061,2026-06-01,30,0,0.0,0.0,117.5,,,,30,,118.0,0.0
1304459,2025-07-01,30,1,0.032,199.0,195.9,199.0,2,1,31,199.0,196.0,199.0
1304459,2025-08-01,20,11,0.355,2174.0,200.4,197.6,1,11,31,198.0,200.0,2174.0
1304459,2025-09-01,30,0,0.0,0.0,198.2,,,,31,,198.0,0.0
1304459,2025-10-01,31,0,0.0,0.0,199.6,,,,31,,200.0,0.0
1304459,2025-11-01,30,0,0.0,0.0,197.7,,,,31,,198.0,0.0
1304459,2025-12-01,31,0,0.0,0.0,202.5,,,,31,,203.0,0.0
1304459,2026-01-01,31,0,0.0,0.0,195.7,,,,31,,196.0,0.0
1304459,2026-02-01,26,2,0.071,436.0,211.8,218.0,1,2,31,218.0,212.0,436.0
1304459,2026-03-01,31,0,0.0,0.0,214.3,,,,31,,214.0,0.0
1304459,2026-04-01,30,0,0.0,0.0,201.3,,,,31,,201.0,0.0
1304459,2026-05-01,31,0,0.0,0.0,221.6,,,,31,,222.0,0.0
1304459,2026-06-01,30,0,0.0,0.0,211.3,,,,31,,211.0,0.0
208889,2025-07-01,28,3,0.097,272.0,91.5,90.7,60,3,30,91.0,92.0,272.0
208889,2025-08-01,31,0,0.0,0.0,93.7,,,,30,,94.0,0.0
208889,2025-09-01,30,0,0.0,0.0,98.4,,,,30,,98.0,0.0
208889,2025-10-01,0,31,1.0,2981.0,96.2,96.2,1,32,30,96.0,96.0,2981.0
208889,2025-11-01,23,7,0.233,686.0,99.5,98.0,2,4,30,98.0,100.0,686.0
208889,2025-12-01,29,2,0.065,190.0,100.7,95.0,,,30,95.0,101.0,190.0
208889,2026-01-01,31,0,0.0,0.0,96.5,,,,30,,97.0,0.0
208889,2026-02-01,28,0,0.0,0.0,111.4,,,,30,,111.0,0.0
208889,2026-03-01,31,0,0.0,0.0,114.1,,,,30,,114.0,0.0
208889,2026-04-01,30,0,0.0,0.0,114.6,,,,30,,115.0,0.0
208889,2026-05-01,31,0,0.0,0.0,114.5,,,,30,,115.0,0.0
208889,2026-06-01,30,0,0.0,0.0,117.4,,,,30,,117.0,0.0
1511303,2025-07-01,26,5,0.161,643.0,149.6,128.6,1,5,1,129.0,150.0,643.0
1511303,2025-08-01,25,6,0.194,808.0,137.1,134.7,8,1,1,135.0,137.0,808.0
1511303,2025-09-01,12,18,0.6,2262.0,126.3,125.7,22,3,1,126.0,126.0,2262.0
1511303,2025-10-01,17,14,0.452,1713.0,118.2,122.4,4,2,1,122.0,118.0,1713.0
1511303,2025-11-01,25,5,0.167,619.0,137.6,123.8,16,1,1,124.0,138.0,619.0
1511303,2025-12-01,18,13,0.419,1971.0,148.1,151.6,26,2,1,152.0,148.0,1971.0
1511303,2026-01-01,30,1,0.032,177.0,143.7,177.0,,,1,177.0,144.0,177.0
1511303,2026-02-01,28,0,0.0,0.0,153.5,,,,1,,154.0,0.0
1511303,2026-03-01,31,0,0.0,0.0,154.6,,,,1,,155.0,0.0
1511303,2026-04-01,30,0,0.0,0.0,165.9,,,,1,,166.0,0.0
1511303,2026-05-01,30,1,0.032,173.0,170.8,173.0,12,1,1,173.0,171.0,173.0
1511303,2026-06-01,30,0,0.0,0.0,271.6,,,,1,,272.0,0.0
684991,2025-07-01,31,0,0.0,0.0,153.1,,,,30,,153.0,0.0
684991,2025-08-01,31,0,0.0,0.0,152.6,,,,30,,153.0,0.0
684991,2025-09-01,30,0,0.0,0.0,153.6,,,,30,,154.0,0.0
684991,2025-10-01,17,14,0.452,2194.0,156.7,156.7,59,14,30,157.0,157.0,2194.0
684991,2025-11-01,0,30,1.0,4809.0,160.3,160.3,5,30,30,160.0,160.0,4809.0
684991,2025-12-01,0,31,1.0,5003.0,161.4,161.4,5,16,30,161.0,161.0,5003.0
684991,2026-01-01,30,1,0.032,138.0,143.4,138.0,,,30,138.0,143.0,138.0
684991,2026-02-01,26,2,0.071,401.0,192.0,200.5,1,2,30,201.0,192.0,401.0
684991,2026-03-01,6,25,0.806,5146.0,205.5,205.8,4,25,30,206.0,206.0,5146.0
684991,2026-04-01,25,5,0.167,1017.0,204.5,203.4,42,5,30,203.0,205.0,1017.0
684991,2026-05-01,15,16,0.516,3276.0,205.4,204.8,1,16,30,205.0,205.0,3276.0
684991,2026-06-01,30,0,0.0,0.0,203.3,,,,30,,203.0,0.0
25696,2025-07-01,31,0,0.0,0.0,110.5,,,,30,,111.0,0.0
25696,2025-08-01,31,0,0.0,0.0,109.2,,,,30,,109.0,0.0
25696,2025-09-01,30,0,0.0,0.0,107.0,,,,30,,107.0,0.0
25696,2025-10-01,31,0,0.0,0.0,99.9,,,,30,,100.0,0.0
25696,2025-11-01,30,0,0.0,0.0,105.3,,,,30,,105.0,0.0
25696,2025-12-01,17,14,0.452,1512.0,108.0,108.0,5,7,30,108.0,108.0,1512.0
25696,2026-01-01,31,0,0.0,0.0,109.2,,,,14,,109.0,0.0
25696,2026-02-01,28,0,0.0,0.0,125.0,,,,2,,125.0,0.0
25696,2026-03-01,26,5,0.161,655.0,133.3,131.0,86,5,2,131.0,133.0,655.0
25696,2026-04-01,7,23,0.767,3296.0,142.1,143.3,120,7,2,143.0,142.0,3296.0
25696,2026-05-01,15,16,0.516,2460.0,158.2,153.8,147,8,1,154.0,158.0,2460.0
25696,2026-06-01,18,12,0.4,2432.0,197.5,202.7,48,3,2,203.0,198.0,2432.0
936218,2025-07-01,0,31,1.0,1734.0,55.9,55.9,65,57,30,56.0,56.0,1734.0
936218,2025-08-01,0,31,1.0,1735.0,56.0,56.0,,,30,56.0,56.0,1735.0
936218,2025-09-01,22,8,0.267,426.0,50.3,53.2,60,8,30,53.0,50.0,426.0
936218,2025-10-01,31,0,0.0,0.0,49.9,,,,30,,50.0,0.0
936218,2025-11-01,30,0,0.0,0.0,51.2,,,,30,,51.0,0.0
936218,2025-12-01,20,11,0.355,586.0,53.0,53.3,163,11,30,53.0,53.0,586.0
936218,2026-01-01,31,0,0.0,0.0,54.6,,,,30,,55.0,0.0
936218,2026-02-01,28,0,0.0,0.0,55.1,,,,30,,55.0,0.0
936218,2026-03-01,31,0,0.0,0.0,54.7,,,,30,,55.0,0.0
936218,2026-04-01,30,0,0.0,0.0,49.7,,,,30,,50.0,0.0
936218,2026-05-01,31,0,0.0,0.0,41.1,,,,30,,41.0,0.0
936218,2026-06-01,29,1,0.033,43.0,41.6,43.0,108,61,30,43.0,42.0,43.0
295998,2025-07-01,0,31,1.0,7709.0,248.7,248.7,105,33,30,249.0,249.0,7709.0
295998,2025-08-01,0,31,1.0,7974.0,257.2,257.2,44,35,30,257.0,257.0,7974.0
295998,2025-09-01,7,23,0.767,7194.0,313.3,312.8,117,23,30,313.0,313.0,7194.0
295998,2025-10-01,25,6,0.194,1729.0,269.7,288.2,,,30,288.0,270.0,1729.0
295998,2025-11-01,30,0,0.0,0.0,255.9,,,,30,,256.0,0.0
295998,2025-12-01,31,0,0.0,0.0,246.5,,,,30,,247.0,0.0
295998,2026-01-01,19,12,0.387,2075.0,176.2,172.9,69,20,30,173.0,176.0,2075.0
295998,2026-02-01,0,28,1.0,6785.0,242.3,242.3,,,30,242.0,242.0,6785.0
295998,2026-03-01,0,31,1.0,7853.0,253.3,253.3,143,31,30,253.0,253.0,7853.0
295998,2026-04-01,30,0,0.0,0.0,251.6,,,,30,,252.0,0.0
295998,2026-05-01,31,0,0.0,0.0,247.3,,,,30,,247.0,0.0
295998,2026-06-01,27,3,0.1,868.0,288.9,289.3,111,5,30,289.0,289.0,868.0
141335,2025-07-01,31,0,0.0,0.0,682.7,,,,30,,683.0,0.0
141335,2025-08-01,31,0,0.0,0.0,716.4,,,,30,,716.0,0.0
141335,2025-09-01,30,0,0.0,0.0,727.2,,,,30,,727.0,0.0
141335,2025-10-01,31,0,0.0,0.0,715.8,,,,30,,716.0,0.0
141335,2025-11-01,30,0,0.0,0.0,694.1,,,,30,,694.0,0.0
141335,2025-12-01,31,0,0.0,0.0,685.6,,,,30,,686.0,0.0
141335,2026-01-01,31,0,0.0,0.0,716.4,,,,30,,716.0,0.0
141335,2026-02-01,28,0,0.0,0.0,713.2,,,,30,,713.0,0.0
141335,2026-03-01,31,0,0.0,0.0,708.3,,,,30,,708.0,0.0
141335,2026-04-01,30,0,0.0,0.0,722.4,,,,30,,722.0,0.0
141335,2026-05-01,31,0,0.0,0.0,760.3,,,,30,,760.0,0.0
141335,2026-06-01,15,15,0.5,11288.0,758.4,752.5,5,16,30,753.0,758.0,11288.0
431865,2025-07-01,15,16,0.516,6667.0,423.3,416.7,7,8,4,417.0,423.0,6667.0
431865,2025-08-01,20,11,0.355,4516.0,389.9,410.5,21,4,4,411.0,390.0,4516.0
431865,2025-09-01,4,26,0.867,10955.0,422.8,421.3,50,5,4,421.0,423.0,10955.0
431865,2025-10-01,9,22,0.71,8963.0,412.8,407.4,76,4,3,407.0,413.0,8963.0
431865,2025-11-01,17,13,0.433,5633.0,425.8,433.3,63,3,4,433.0,426.0,5633.0
431865,2025-12-01,8,23,0.742,10594.0,449.8,460.6,56,4,3,461.0,450.0,10594.0
431865,2026-01-01,27,4,0.129,1425.0,382.4,356.2,19,4,4,356.0,382.0,1425.0
431865,2026-02-01,19,9,0.321,3244.0,358.8,360.4,1,9,4,360.0,359.0,3244.0
431865,2026-03-01,24,7,0.226,2680.0,385.6,382.9,39,7,4,383.0,386.0,2680.0
431865,2026-04-01,17,13,0.433,5314.0,397.4,408.8,74,4,4,409.0,397.0,5314.0
431865,2026-05-01,6,25,0.806,9529.0,379.4,381.2,118,6,4,381.0,379.0,9529.0
431865,2026-06-01,1,29,0.967,16231.0,557.6,559.7,17,12,4,560.0,558.0,16231.0
93313,2025-07-01,31,0,0.0,0.0,151.7,,,,30,,152.0,0.0
93313,2025-08-01,31,0,0.0,0.0,152.2,,,,30,,152.0,0.0
93313,2025-09-01,30,0,0.0,0.0,153.0,,,,30,,153.0,0.0
93313,2025-10-01,30,1,0.032,151.0,151.2,151.0,136,4,30,151.0,151.0,151.0
93313,2025-11-01,22,8,0.267,1176.0,149.3,147.0,153,5,30,147.0,149.0,1176.0
93313,2025-12-01,26,5,0.161,745.0,148.6,149.0,,,30,149.0,149.0,745.0
93313,2026-01-01,24,7,0.226,1022.0,140.8,146.0,33,7,30,146.0,141.0,1022.0
93313,2026-02-01,20,8,0.286,1215.0,157.1,151.9,55,4,30,152.0,157.0,1215.0
93313,2026-03-01,31,0,0.0,0.0,154.3,,,,30,,154.0,0.0
93313,2026-04-01,26,4,0.133,628.0,157.1,157.0,116,2,30,157.0,157.0,628.0
93313,2026-05-01,24,7,0.226,1135.0,163.5,162.1,158,3,30,162.0,164.0,1135.0
93313,2026-06-01,20,10,0.333,1607.0,161.7,160.7,184,3,30,161.0,162.0,1607.0
1023529,2025-07-01,29,2,0.065,109.0,55.0,54.5,10,2,30,55.0,55.0,109.0
1023529,2025-08-01,31,0,0.0,0.0,56.5,,,,30,,57.0,0.0
1023529,2025-09-01,30,0,0.0,0.0,56.1,,,,30,,56.0,0.0
1023529,2025-10-01,31,0,0.0,0.0,54.7,,,,30,,55.0,0.0
1023529,2025-11-01,30,0,0.0,0.0,57.3,,,,30,,57.0,0.0
1023529,2025-12-01,31,0,0.0,0.0,56.2,,,,30,,56.0,0.0
1023529,2026-01-01,31,0,0.0,0.0,58.0,,,,30,,58.0,0.0
1023529,2026-02-01,28,0,0.0,0.0,57.8,,,,30,,58.0,0.0
1023529,2026-03-01,17,14,0.452,843.0,60.4,60.2,22,43,30,60.0,60.0,843.0
1023529,2026-04-01,1,29,0.967,1659.0,57.2,57.2,,,30,57.0,57.0,1659.0
1023529,2026-05-01,26,5,0.161,312.0,61.7,62.4,1,5,30,62.0,62.0,312.0
1023529,2026-06-01,30,0,0.0,0.0,61.1,,,,30,,61.0,0.0
1251681,2025-07-01,31,0,0.0,0.0,220.4,,,,30,,220.0,0.0
1251681,2025-08-01,31,0,0.0,0.0,220.0,,,,30,,220.0,0.0
1251681,2025-09-01,30,0,0.0,0.0,218.8,,,,30,,219.0,0.0
1251681,2025-10-01,23,8,0.258,1792.0,223.4,224.0,129,62,30,224.0,223.0,1792.0
1251681,2025-11-01,0,30,1.0,6795.0,226.5,226.5,,,30,227.0,227.0,6795.0
1251681,2025-12-01,2,29,0.935,6482.0,223.5,223.5,192,5,30,224.0,224.0,6482.0
1251681,2026-01-01,27,4,0.129,897.0,223.1,224.2,201,4,15,224.0,223.0,897.0
1251681,2026-02-01,28,0,0.0,0.0,186.5,,,,4,,187.0,0.0
1251681,2026-03-01,31,0,0.0,0.0,175.8,,,,4,,176.0,0.0
1251681,2026-04-01,30,0,0.0,0.0,181.4,,,,4,,181.0,0.0
1251681,2026-05-01,31,0,0.0,0.0,175.5,,,,4,,176.0,0.0
1251681,2026-06-01,24,6,0.2,973.0,162.4,162.2,10,2,4,162.0,162.0,973.0
267652,2025-07-01,15,16,0.516,1149.0,70.5,71.8,74,15,30,72.0,71.0,1149.0
267652,2025-08-01,31,0,0.0,0.0,72.6,,,,30,,73.0,0.0
267652,2025-09-01,15,15,0.5,960.0,67.5,64.0,81,23,30,64.0,68.0,960.0
267652,2025-10-01,0,31,1.0,2017.0,65.1,65.1,,,30,65.0,65.0,2017.0
267652,2025-11-01,28,2,0.067,124.0,66.4,62.0,1,14,30,62.0,66.0,124.0
267652,2025-12-01,18,13,0.419,891.0,67.0,68.5,,,30,69.0,67.0,891.0
267652,2026-01-01,31,0,0.0,0.0,67.9,,,,30,,68.0,0.0
267652,2026-02-01,28,0,0.0,0.0,73.0,,,,30,,73.0,0.0
267652,2026-03-01,21,10,0.323,725.0,70.2,72.5,83,34,30,73.0,70.0,725.0
267652,2026-04-01,0,30,1.0,2300.0,76.7,76.7,87,32,30,77.0,77.0,2300.0
267652,2026-05-01,1,30,0.968,2285.0,76.3,76.2,120,9,30,76.0,76.0,2285.0
267652,2026-06-01,24,6,0.2,485.0,79.3,80.8,130,1,30,81.0,79.0,485.0
453094,2025-07-01,14,17,0.548,1875.0,109.2,110.3,70,3,2,110.0,109.0,1875.0
453094,2025-08-01,8,23,0.742,2955.0,127.0,128.5,144,6,2,129.0,127.0,2955.0
453094,2025-09-01,1,29,0.967,3487.0,120.5,120.2,86,2,2,120.0,121.0,3487.0
453094,2025-10-01,6,25,0.806,3256.0,127.9,130.2,69,2,2,130.0,128.0,3256.0
453094,2025-11-01,6,24,0.8,3226.0,131.9,134.4,26,4,2,134.0,132.0,3226.0
453094,2025-12-01,10,21,0.677,2413.0,116.3,114.9,71,3,2,115.0,116.0,2413.0
453094,2026-01-01,28,3,0.097,321.0,111.0,107.0,,,2,107.0,111.0,321.0
453094,2026-02-01,16,12,0.429,1410.0,117.2,117.5,6,4,2,118.0,117.0,1410.0
453094,2026-03-01,19,12,0.387,1359.0,114.5,113.2,70,2,2,113.0,115.0,1359.0
453094,2026-04-01,10,20,0.667,2595.0,128.2,129.8,55,2,2,130.0,128.0,2595.0
453094,2026-05-01,9,22,0.71,2988.0,140.2,135.8,61,3,2,136.0,140.0,2988.0
453094,2026-06-01,16,14,0.467,1999.0,143.6,142.8,28,3,2,143.0,144.0,1999.0
978386,2025-07-01,31,0,0.0,0.0,89.8,,,,30,,90.0,0.0
978386,2025-08-01,31,0,0.0,0.0,82.5,,,,30,,83.0,0.0
978386,2025-09-01,6,24,0.8,1963.0,81.7,81.8,55,16,30,82.0,82.0,1963.0
978386,2025-10-01,22,9,0.29,757.0,81.8,84.1,,,30,84.0,82.0,757.0
978386,2025-11-01,19,11,0.367,969.0,84.3,88.1,84,32,30,88.0,84.0,969.0
978386,2025-12-01,10,21,0.677,1900.0,89.3,90.5,,,30,91.0,89.0,1900.0
978386,2026-01-01,31,0,0.0,0.0,82.2,,,,30,,82.0,0.0
978386,2026-02-01,28,0,0.0,0.0,78.3,,,,30,,78.0,0.0
978386,2026-03-01,31,0,0.0,0.0,79.0,,,,30,,79.0,0.0
978386,2026-04-01,30,0,0.0,0.0,81.3,,,,30,,81.0,0.0
978386,2026-05-01,31,0,0.0,0.0,80.4,,,,30,,80.0,0.0
978386,2026-06-01,30,0,0.0,0.0,85.6,,,,30,,86.0,0.0
1461965,2025-07-01,31,0,0.0,0.0,67.9,,,,30,,68.0,0.0
1461965,2025-08-01,28,3,0.097,204.0,66.9,68.0,65,1,30,68.0,67.0,204.0
1461965,2025-09-01,9,21,0.7,1425.0,67.6,67.9,56,21,30,68.0,68.0,1425.0
1461965,2025-10-01,3,28,0.903,1856.0,66.8,66.3,81,15,30,66.0,67.0,1856.0
1461965,2025-11-01,5,25,0.833,1627.0,66.3,65.1,52,9,30,65.0,66.0,1627.0
1461965,2025-12-01,23,8,0.258,610.0,77.5,76.2,,,30,76.0,78.0,610.0
1461965,2026-01-01,31,0,0.0,0.0,68.3,,,,30,,68.0,0.0
1461965,2026-02-01,13,15,0.536,989.0,64.6,65.9,128,43,30,66.0,65.0,989.0
1461965,2026-03-01,1,30,0.968,1978.0,66.0,65.9,111,2,30,66.0,66.0,1978.0
1461965,2026-04-01,0,30,1.0,1910.0,63.7,63.7,84,40,30,64.0,64.0,1910.0
1461965,2026-05-01,19,12,0.387,810.0,68.2,67.5,143,12,30,68.0,68.0,810.0
1461965,2026-06-01,20,10,0.333,696.0,67.2,69.6,,,30,70.0,67.0,696.0
819206,2025-07-01,4,27,0.871,1343.0,49.8,49.7,,,30,50.0,50.0,1343.0
819206,2025-08-01,22,9,0.29,466.0,50.2,51.8,1,24,30,52.0,50.0,466.0
819206,2025-09-01,15,15,0.5,743.0,50.1,49.5,,,30,50.0,50.0,743.0
819206,2025-10-01,31,0,0.0,0.0,51.1,,,,30,,51.0,0.0
819206,2025-11-01,23,7,0.233,331.0,49.7,47.3,1,8,30,47.0,50.0,331.0
819206,2025-12-01,30,1,0.032,50.0,49.4,50.0,,,30,50.0,49.0,50.0
819206,2026-01-01,31,0,0.0,0.0,46.4,,,,30,,46.0,0.0
819206,2026-02-01,28,0,0.0,0.0,45.7,,,,30,,46.0,0.0
819206,2026-03-01,31,0,0.0,0.0,46.7,,,,30,,47.0,0.0
819206,2026-04-01,30,0,0.0,0.0,44.2,,,,30,,44.0,0.0
819206,2026-05-01,31,0,0.0,0.0,46.2,,,,30,,46.0,0.0
819206,2026-06-01,30,0,0.0,0.0,45.8,,,,30,,46.0,0.0
530576,2025-07-01,17,14,0.452,1459.0,101.0,104.2,,,30,104.0,101.0,1459.0
530576,2025-08-01,29,2,0.065,226.0,110.9,113.0,1,2,30,113.0,111.0,226.0
530576,2025-09-01,24,6,0.2,701.0,109.6,116.8,81,6,30,117.0,110.0,701.0
530576,2025-10-01,27,4,0.129,456.0,110.4,114.0,15,4,30,114.0,110.0,456.0
530576,2025-11-01,30,0,0.0,0.0,112.8,,,,30,,113.0,0.0
530576,2025-12-01,31,0,0.0,0.0,112.5,,,,30,,113.0,0.0
530576,2026-01-01,29,2,0.065,211.0,104.8,105.5,1,2,30,106.0,105.0,211.0
530576,2026-02-01,19,9,0.321,967.0,108.5,107.4,73,4,30,107.0,109.0,967.0
530576,2026-03-01,29,2,0.065,212.0,109.8,106.0,1,2,30,106.0,110.0,212.0
530576,2026-04-01,28,2,0.067,219.0,109.3,109.5,1,2,30,110.0,109.0,219.0
530576,2026-05-01,29,2,0.065,252.0,119.6,126.0,1,2,30,126.0,120.0,252.0
530576,2026-06-01,30,0,0.0,0.0,121.9,,,,30,,122.0,0.0
753622,2025-07-01,29,2,0.065,207.0,109.6,103.5,89,12,30,104.0,110.0,207.0
753622,2025-08-01,21,10,0.323,1057.0,106.2,105.7,,,30,106.0,106.0,1057.0
753622,2025-09-01,19,11,0.367,1351.0,119.1,122.8,1,11,30,123.0,119.0,1351.0
753622,2025-10-01,26,5,0.161,528.0,108.1,105.6,1,5,30,106.0,108.0,528.0
753622,2025-11-01,30,0,0.0,0.0,106.2,,,,30,,106.0,0.0
753622,2025-12-01,31,0,0.0,0.0,117.3,,,,30,,117.0,0.0
753622,2026-01-01,31,0,0.0,0.0,113.4,,,,30,,113.0,0.0
753622,2026-02-01,28,0,0.0,0.0,110.9,,,,30,,111.0,0.0
753622,2026-03-01,31,0,0.0,0.0,102.5,,,,30,,103.0,0.0
753622,2026-04-01,28,2,0.067,191.0,108.5,95.5,1,3,30,96.0,109.0,191.0
753622,2026-05-01,30,1,0.032,104.0,109.1,104.0,,,30,104.0,109.0,104.0
753622,2026-06-01,30,0,0.0,0.0,123.6,,,,30,,124.0,0.0
16821,2025-07-01,16,15,0.484,2554.0,168.7,170.3,29,3,1,170.0,169.0,2554.0
16821,2025-08-01,11,20,0.645,3431.0,171.5,171.6,13,2,1,172.0,172.0,3431.0
16821,2025-09-01,3,27,0.9,4709.0,174.9,174.4,32,5,1,174.0,175.0,4709.0
16821,2025-10-01,4,27,0.871,5364.0,201.8,198.7,47,3,1,199.0,202.0,5364.0
16821,2025-11-01,7,23,0.767,4281.0,189.1,186.1,7,2,1,186.0,189.0,4281.0
16821,2025-12-01,4,27,0.871,4994.0,184.6,185.0,32,3,1,185.0,185.0,4994.0
16821,2026-01-01,17,14,0.452,2567.0,182.8,183.4,5,3,1,183.0,183.0,2567.0
16821,2026-02-01,10,18,0.643,2743.0,153.0,152.4,10,2,1,152.0,153.0,2743.0
16821,2026-03-01,5,26,0.839,4575.0,174.6,176.0,27,3,1,176.0,175.0,4575.0
16821,2026-04-01,11,19,0.633,3665.0,194.5,192.9,39,2,1,193.0,195.0,3665.0
16821,2026-05-01,12,19,0.613,4184.0,222.8,220.2,71,4,1,220.0,223.0,4184.0
16821,2026-06-01,12,18,0.6,4320.0,249.0,240.0,41,1,1,240.0,249.0,4320.0
106363,2025-07-01,0,31,1.0,2420.0,78.1,78.1,,,30,78.0,78.0,2420.0
106363,2025-08-01,0,31,1.0,2106.0,67.9,67.9,103,31,30,68.0,68.0,2106.0
106363,2025-09-01,14,16,0.533,1008.0,59.9,63.0,146,24,30,63.0,60.0,1008.0
106363,2025-10-01,0,31,1.0,2041.0,65.8,65.8,,,30,66.0,66.0,2041.0
106363,2025-11-01,0,30,1.0,2033.0,67.8,67.8,12,32,30,68.0,68.0,2033.0
106363,2025-12-01,7,24,0.774,1592.0,66.5,66.3,328,21,30,66.0,67.0,1592.0
106363,2026-01-01,31,0,0.0,0.0,58.4,,,,30,,58.0,0.0
106363,2026-02-01,28,0,0.0,0.0,60.8,,,,30,,61.0,0.0
106363,2026-03-01,22,9,0.29,550.0,62.5,61.1,311,9,30,61.0,63.0,550.0
106363,2026-04-01,4,26,0.867,1838.0,70.1,70.7,42,16,30,71.0,70.0,1838.0
106363,2026-05-01,8,23,0.742,1569.0,67.4,68.2,,,30,68.0,67.0,1569.0
106363,2026-06-01,25,5,0.167,318.0,64.4,63.6,83,59,30,64.0,64.0,318.0
921500,2025-07-01,31,0,0.0,0.0,277.4,,,,30,,277.0,0.0
921500,2025-08-01,31,0,0.0,0.0,270.8,,,,30,,271.0,0.0
921500,2025-09-01,30,0,0.0,0.0,259.2,,,,30,,259.0,0.0
921500,2025-10-01,20,11,0.355,2817.0,259.2,256.1,27,6,30,256.0,259.0,2817.0
921500,2025-11-01,24,6,0.2,1596.0,266.9,266.0,1,32,30,266.0,267.0,1596.0
921500,2025-12-01,3,28,0.903,7873.0,282.6,281.2,,,30,281.0,283.0,7873.0
921500,2026-01-01,31,0,0.0,0.0,285.8,,,,30,,286.0,0.0
921500,2026-02-01,28,0,0.0,0.0,287.0,,,,30,,287.0,0.0
921500,2026-03-01,31,0,0.0,0.0,303.0,,,,30,,303.0,0.0
921500,2026-04-01,30,0,0.0,0.0,313.9,,,,30,,314.0,0.0
921500,2026-05-01,31,0,0.0,0.0,340.5,,,,30,,341.0,0.0
921500,2026-06-01,30,0,0.0,0.0,361.2,,,,30,,361.0,0.0
298759,2025-07-01,0,31,1.0,1592.0,51.4,51.4,,,30,51.0,51.0,1592.0
298759,2025-08-01,19,12,0.387,606.0,52.1,50.5,,,30,51.0,52.0,606.0
298759,2025-09-01,28,2,0.067,113.0,56.3,56.5,109,1,30,57.0,56.0,113.0
298759,2025-10-01,31,0,0.0,0.0,56.2,,,,30,,56.0,0.0
298759,2025-11-01,30,0,0.0,0.0,52.5,,,,30,,53.0,0.0
298759,2025-12-01,8,23,0.742,1163.0,51.0,50.6,278,45,30,51.0,51.0,1163.0
298759,2026-01-01,8,23,0.742,1104.0,48.4,48.0,157,1,30,48.0,48.0,1104.0
298759,2026-02-01,13,15,0.536,703.0,47.1,46.9,143,15,30,47.0,47.0,703.0
298759,2026-03-01,31,0,0.0,0.0,47.3,,,,30,,47.0,0.0
298759,2026-04-01,30,0,0.0,0.0,47.6,,,,30,,48.0,0.0
298759,2026-05-01,31,0,0.0,0.0,50.9,,,,30,,51.0,0.0
298759,2026-06-01,30,0,0.0,0.0,54.8,,,,30,,55.0,0.0
814327,2025-07-01,31,0,0.0,0.0,72.7,,,,30,,73.0,0.0
814327,2025-08-01,31,0,0.0,0.0,69.8,,,,30,,70.0,0.0
814327,2025-09-01,30,0,0.0,0.0,71.7,,,,30,,72.0,0.0
814327,2025-10-01,31,0,0.0,0.0,72.1,,,,30,,72.0,0.0
814327,2025-11-01,30,0,0.0,0.0,71.1,,,,30,,71.0,0.0
814327,2025-12-01,31,0,0.0,0.0,72.2,,,,30,,72.0,0.0
814327,2026-01-01,31,0,0.0,0.0,75.3,,,,30,,75.0,0.0
814327,2026-02-01,28,0,0.0,0.0,73.5,,,,30,,74.0,0.0
814327,2026-03-01,31,0,0.0,0.0,70.6,,,,30,,71.0,0.0
814327,2026-04-01,30,0,0.0,0.0,72.4,,,,30,,72.0,0.0
814327,2026-05-01,31,0,0.0,0.0,75.1,,,,30,,75.0,0.0
814327,2026-06-01,15,15,0.5,1108.0,74.0,73.9,1,15,30,74.0,74.0,1108.0
1336230,2025-07-01,8,23,0.742,3000.0,129.4,130.4,,,365,130.0,129.0,3000.0
1336230,2025-08-01,31,0,0.0,0.0,126.3,,,,365,,126.0,0.0
1336230,2025-09-01,30,0,0.0,0.0,123.2,,,,291,,123.0,0.0
1336230,2025-10-01,31,0,0.0,0.0,122.3,,,,180,,122.0,0.0
1336230,2025-11-01,30,0,0.0,0.0,121.4,,,,180,,121.0,0.0
1336230,2025-12-01,31,0,0.0,0.0,121.0,,,,180,,121.0,0.0
1336230,2026-01-01,31,0,0.0,0.0,123.6,,,,180,,124.0,0.0
235951,2025-07-01,11,20,0.645,3721.0,187.6,186.1,215,20,30,186.0,188.0,3721.0
235951,2025-08-01,31,0,0.0,0.0,183.8,,,,30,,184.0,0.0
235951,2025-09-01,30,0,0.0,0.0,185.1,,,,30,,185.0,0.0
235951,2025-10-01,15,16,0.516,3023.0,184.3,188.9,242,45,30,189.0,184.0,3023.0
235951,2025-11-01,1,29,0.967,5378.0,185.5,185.4,,,30,185.0,186.0,5378.0
235951,2025-12-01,4,27,0.871,4711.0,176.1,174.5,262,27,30,175.0,176.0,4711.0
235951,2026-01-01,10,21,0.677,2967.0,136.3,141.3,177,27,30,141.0,136.0,2967.0
235951,2026-02-01,0,28,1.0,3653.0,130.5,130.5,,,30,131.0,131.0,3653.0
235951,2026-03-01,21,10,0.323,1259.0,126.3,125.9,10,10,30,126.0,126.0,1259.0
235951,2026-04-01,24,6,0.2,768.0,134.5,128.0,,,30,128.0,135.0,768.0
235951,2026-05-01,31,0,0.0,0.0,126.9,,,,30,,127.0,0.0
235951,2026-06-01,30,0,0.0,0.0,125.3,,,,30,,125.0,0.0
226021,2025-07-01,31,0,0.0,0.0,246.5,,,,30,,247.0,0.0
226021,2025-08-01,31,0,0.0,0.0,257.3,,,,30,,257.0,0.0
226021,2025-09-01,30,0,0.0,0.0,251.5,,,,30,,252.0,0.0
226021,2025-10-01,31,0,0.0,0.0,239.3,,,,30,,239.0,0.0
226021,2025-11-01,30,0,0.0,0.0,240.0,,,,30,,240.0,0.0
226021,2025-12-01,31,0,0.0,0.0,270.9,,,,30,,271.0,0.0
226021,2026-01-01,31,0,0.0,0.0,264.3,,,,,,264.0,0.0
226021,2026-02-01,28,0,0.0,0.0,282.1,,,,,,282.0,0.0
226021,2026-03-01,23,8,0.258,2133.0,271.1,266.6,,,,267.0,271.0,2133.0
226021,2026-04-01,0,30,1.0,8075.0,269.2,269.2,,,,269.0,269.0,8075.0
226021,2026-05-01,0,31,1.0,8035.0,259.2,259.2,,,,259.0,259.0,8035.0
226021,2026-06-01,30,0,0.0,0.0,266.9,,,,,,267.0,0.0
1131804,2025-07-01,0,31,1.0,6194.0,199.8,199.8,,,30,200.0,200.0,6194.0
1131804,2025-08-01,30,1,0.032,208.0,169.8,208.0,1,1,30,208.0,170.0,208.0
1131804,2025-09-01,22,8,0.267,1249.0,164.0,156.1,8,17,30,156.0,164.0,1249.0
1131804,2025-10-01,0,31,1.0,4969.0,160.3,160.3,15,7,30,160.0,160.0,4969.0
1131804,2025-11-01,3,27,0.9,4520.0,169.1,167.4,7,26,30,167.0,169.0,4520.0
1131804,2025-12-01,30,1,0.032,152.0,153.2,152.0,,,30,152.0,153.0,152.0
1131804,2026-01-01,14,17,0.548,2540.0,149.4,149.4,77,47,30,149.0,149.0,2540.0
1131804,2026-02-01,0,28,1.0,4294.0,153.4,153.4,,,30,153.0,153.0,4294.0
1131804,2026-03-01,25,6,0.194,958.0,165.1,159.7,1,4,30,160.0,165.0,958.0
1131804,2026-04-01,2,28,0.933,4356.0,154.3,155.6,1,38,30,156.0,154.0,4356.0
1131804,2026-05-01,2,29,0.935,4999.0,172.5,172.4,41,27,30,172.0,173.0,4999.0
1131804,2026-06-01,22,8,0.267,1408.0,170.5,176.0,,,30,176.0,171.0,1408.0
1263964,2025-07-01,12,19,0.613,1342.0,72.5,70.6,,,30,71.0,73.0,1342.0
1263964,2025-08-01,31,0,0.0,0.0,72.9,,,,30,,73.0,0.0
1263964,2025-09-01,30,0,0.0,0.0,73.8,,,,30,,74.0,0.0
1263964,2025-10-01,31,0,0.0,0.0,74.9,,,,30,,75.0,0.0
1263964,2025-11-01,30,0,0.0,0.0,73.8,,,,30,,74.0,0.0
1263964,2025-12-01,31,0,0.0,0.0,73.4,,,,30,,73.0,0.0
1263964,2026-01-01,31,0,0.0,0.0,70.1,,,,30,,70.0,0.0
1263964,2026-02-01,28,0,0.0,0.0,72.1,,,,30,,72.0,0.0
1263964,2026-03-01,31,0,0.0,0.0,71.5,,,,30,,72.0,0.0
1263964,2026-04-01,30,0,0.0,0.0,73.7,,,,30,,74.0,0.0
1263964,2026-05-01,31,0,0.0,0.0,70.7,,,,30,,71.0,0.0
1263964,2026-06-01,30,0,0.0,0.0,73.9,,,,30,,74.0,0.0
6848,2025-07-01,31,0,0.0,0.0,92.7,,,,30,,93.0,0.0
6848,2025-08-01,31,0,0.0,0.0,95.3,,,,30,,95.0,0.0
6848,2025-09-01,6,24,0.8,2256.0,93.5,94.0,93,17,30,94.0,94.0,2256.0
6848,2025-10-01,3,28,0.903,2766.0,98.5,98.8,163,29,30,99.0,99.0,2766.0
6848,2025-11-01,2,28,0.933,2942.0,104.8,105.1,106,16,30,105.0,105.0,2942.0
6848,2025-12-01,12,19,0.613,1965.0,104.2,103.4,57,2,30,103.0,104.0,1965.0
6848,2026-01-01,31,0,0.0,0.0,118.5,,,,30,,119.0,0.0
6848,2026-02-01,28,0,0.0,0.0,128.1,,,,30,,128.0,0.0
6848,2026-03-01,31,0,0.0,0.0,134.5,,,,30,,135.0,0.0
6848,2026-04-01,30,0,0.0,0.0,131.2,,,,30,,131.0,0.0
6848,2026-05-01,31,0,0.0,0.0,127.0,,,,30,,127.0,0.0
6848,2026-06-01,30,0,0.0,0.0,126.8,,,,30,,127.0,0.0
990367,2025-07-01,31,0,0.0,0.0,137.1,,,,30,,137.0,0.0
990367,2025-08-01,31,0,0.0,0.0,139.0,,,,30,,139.0,0.0
990367,2025-09-01,30,0,0.0,0.0,134.2,,,,30,,134.0,0.0
990367,2025-10-01,31,0,0.0,0.0,140.0,,,,30,,140.0,0.0
990367,2025-11-01,30,0,0.0,0.0,141.5,,,,30,,142.0,0.0
990367,2025-12-01,25,6,0.194,852.0,140.7,142.0,1,6,30,142.0,141.0,852.0
990367,2026-01-01,31,0,0.0,0.0,149.3,,,,30,,149.0,0.0
990367,2026-02-01,28,0,0.0,0.0,169.3,,,,30,,169.0,0.0
990367,2026-03-01,31,0,0.0,0.0,172.0,,,,30,,172.0,0.0
990367,2026-04-01,30,0,0.0,0.0,171.3,,,,30,,171.0,0.0
990367,2026-05-01,31,0,0.0,0.0,168.8,,,,30,,169.0,0.0
990367,2026-06-01,24,6,0.2,1003.0,166.4,167.2,1,6,30,167.0,166.0,1003.0
450577,2025-07-01,0,31,1.0,6751.0,217.8,217.8,,,30,218.0,218.0,6751.0
450577,2025-08-01,9,22,0.71,4676.0,212.4,212.5,1,8,30,213.0,212.0,4676.0
450577,2025-09-01,25,5,0.167,1081.0,216.5,216.2,6,5,30,216.0,217.0,1081.0
450577,2025-10-01,31,0,0.0,0.0,216.8,,,,30,,217.0,0.0
450577,2025-11-01,30,0,0.0,0.0,216.5,,,,30,,217.0,0.0
450577,2025-12-01,31,0,0.0,0.0,211.9,,,,30,,212.0,0.0
450577,2026-01-01,31,0,0.0,0.0,213.6,,,,30,,214.0,0.0
450577,2026-02-01,28,0,0.0,0.0,211.6,,,,30,,212.0,0.0
450577,2026-03-01,31,0,0.0,0.0,222.9,,,,30,,223.0,0.0
450577,2026-04-01,17,13,0.433,2913.0,223.5,224.1,200,13,30,224.0,224.0,2913.0
450577,2026-05-01,31,0,0.0,0.0,223.7,,,,30,,224.0,0.0
450577,2026-06-01,30,0,0.0,0.0,228.1,,,,30,,228.0,0.0
12192,2025-07-01,1,30,0.968,1871.0,62.2,62.4,,,30,62.0,62.0,1871.0
12192,2025-08-01,3,28,0.903,1616.0,57.8,57.7,1,28,30,58.0,58.0,1616.0
12192,2025-09-01,30,0,0.0,0.0,59.9,,,,30,,60.0,0.0
12192,2025-10-01,31,0,0.0,0.0,61.9,,,,30,,62.0,0.0
12192,2025-11-01,21,9,0.3,535.0,59.9,59.4,23,9,30,59.0,60.0,535.0
12192,2025-12-01,6,25,0.806,1505.0,60.2,60.2,38,26,30,60.0,60.0,1505.0
12192,2026-01-01,26,5,0.161,293.0,57.6,58.6,34,4,30,59.0,58.0,293.0
12192,2026-02-01,28,0,0.0,0.0,58.2,,,,30,,58.0,0.0
12192,2026-03-01,31,0,0.0,0.0,56.8,,,,30,,57.0,0.0
12192,2026-04-01,30,0,0.0,0.0,56.6,,,,30,,57.0,0.0
12192,2026-05-01,31,0,0.0,0.0,57.3,,,,30,,57.0,0.0
12192,2026-06-01,30,0,0.0,0.0,60.9,,,,30,,61.0,0.0
66974,2025-07-01,19,12,0.387,2190.0,198.3,182.5,27,12,30,183.0,198.0,2190.0
66974,2025-08-01,1,30,0.968,5675.0,189.1,189.2,42,30,30,189.0,189.0,5675.0
66974,2025-09-01,5,25,0.833,4631.0,186.2,185.2,85,20,30,185.0,186.0,4631.0
66974,2025-10-01,7,24,0.774,4591.0,189.4,191.3,153,4,30,191.0,189.0,4591.0
66974,2025-11-01,6,24,0.8,4695.0,193.9,195.6,14,24,30,196.0,194.0,4695.0
66974,2025-12-01,3,28,0.903,5388.0,189.8,192.4,37,18,30,192.0,190.0,5388.0
66974,2026-01-01,21,10,0.323,1956.0,197.9,195.6,1,1,30,196.0,198.0,1956.0
66974,2026-02-01,18,10,0.357,2024.0,203.2,202.4,32,10,30,202.0,203.0,2024.0
66974,2026-03-01,8,23,0.742,4651.0,204.5,202.2,1,1,30,202.0,205.0,4651.0
66974,2026-04-01,22,8,0.267,1627.0,208.7,203.4,67,8,30,203.0,209.0,1627.0
66974,2026-05-01,31,0,0.0,0.0,205.9,,,,30,,206.0,0.0
66974,2026-06-01,28,2,0.067,409.0,207.8,204.5,224,17,30,205.0,208.0,409.0
455734,2025-07-01,2,29,0.935,2961.0,102.2,102.1,16,47,119,102.0,102.0,2961.0
455734,2025-08-01,6,25,0.806,2568.0,102.8,102.7,69,23,45,103.0,103.0,2568.0
455734,2025-09-01,14,16,0.533,1621.0,100.2,101.3,,,45,101.0,100.0,1621.0
455734,2025-10-01,31,0,0.0,0.0,99.4,,,,45,,99.0,0.0
455734,2025-11-01,30,0,0.0,0.0,100.1,,,,45,,100.0,0.0
455734,2025-12-01,31,0,0.0,0.0,98.5,,,,45,,99.0,0.0
455734,2026-01-01,31,0,0.0,0.0,100.0,,,,220,,100.0,0.0
455734,2026-02-01,28,0,0.0,0.0,91.6,,,,365,,92.0,0.0
455734,2026-03-01,31,0,0.0,0.0,90.6,,,,365,,91.0,0.0
455734,2026-04-01,30,0,0.0,0.0,89.8,,,,31,,90.0,0.0
455734,2026-05-01,31,0,0.0,0.0,88.7,,,,31,,89.0,0.0
455734,2026-06-01,30,0,0.0,0.0,88.6,,,,31,,89.0,0.0
498052,2025-07-01,0,31,1.0,6531.0,210.7,210.7,102,8,1,211.0,211.0,6531.0
498052,2025-08-01,0,31,1.0,5073.0,163.6,163.6,204,11,1,164.0,164.0,5073.0
498052,2025-09-01,1,29,0.967,4872.0,171.8,168.0,227,7,1,168.0,172.0,4872.0
498052,2025-10-01,1,30,0.968,5736.0,191.1,191.2,158,17,1,191.0,191.0,5736.0
498052,2025-11-01,0,30,1.0,5014.0,167.1,167.1,45,8,1,167.0,167.0,5014.0
498052,2025-12-01,0,31,1.0,5734.0,185.0,185.0,174,12,1,185.0,185.0,5734.0
498052,2026-01-01,23,8,0.258,1349.0,174.0,168.6,1,2,1,169.0,174.0,1349.0
498052,2026-02-01,21,7,0.25,1341.0,173.9,191.6,29,3,1,192.0,174.0,1341.0
498052,2026-03-01,10,21,0.677,3424.0,168.7,163.0,85,2,1,163.0,169.0,3424.0
498052,2026-04-01,1,29,0.967,5168.0,177.6,178.2,135,8,1,178.0,178.0,5168.0
498052,2026-05-01,0,31,1.0,6368.0,205.4,205.4,198,7,1,205.0,205.0,6368.0
498052,2026-06-01,14,16,0.533,2724.0,168.6,170.2,212,6,1,170.0,169.0,2724.0
773041,2025-07-01,31,0,0.0,0.0,40.5,,,,30,,41.0,0.0
773041,2025-08-01,31,0,0.0,0.0,39.7,,,,30,,40.0,0.0
773041,2025-09-01,30,0,0.0,0.0,39.6,,,,30,,40.0,0.0
773041,2025-10-01,31,0,0.0,0.0,38.9,,,,30,,39.0,0.0
773041,2025-11-01,30,0,0.0,0.0,41.2,,,,30,,41.0,0.0
773041,2025-12-01,20,11,0.355,472.0,43.5,42.9,94,6,30,43.0,44.0,472.0
773041,2026-01-01,30,1,0.032,45.0,44.7,45.0,,,30,45.0,45.0,45.0
773041,2026-02-01,28,0,0.0,0.0,42.3,,,,30,,42.0,0.0
773041,2026-03-01,31,0,0.0,0.0,44.9,,,,30,,45.0,0.0
773041,2026-04-01,30,0,0.0,0.0,43.2,,,,30,,43.0,0.0
773041,2026-05-01,31,0,0.0,0.0,44.2,,,,30,,44.0,0.0
773041,2026-06-01,30,0,0.0,0.0,42.6,,,,30,,43.0,0.0
16974,2025-07-01,31,0,0.0,0.0,239.3,,,,30,,239.0,0.0
16974,2025-08-01,31,0,0.0,0.0,242.4,,,,30,,242.0,0.0
16974,2025-09-01,30,0,0.0,0.0,244.8,,,,30,,245.0,0.0
16974,2025-10-01,31,0,0.0,0.0,241.4,,,,30,,241.0,0.0
16974,2025-11-01,30,0,0.0,0.0,225.9,,,,30,,226.0,0.0
16974,2025-12-01,31,0,0.0,0.0,218.5,,,,30,,219.0,0.0
16974,2026-01-01,31,0,0.0,0.0,236.0,,,,30,,236.0,0.0
16974,2026-02-01,28,0,0.0,0.0,226.6,,,,30,,227.0,0.0
16974,2026-03-01,31,0,0.0,0.0,222.6,,,,30,,223.0,0.0
16974,2026-04-01,30,0,0.0,0.0,224.2,,,,30,,224.0,0.0
16974,2026-05-01,31,0,0.0,0.0,219.2,,,,30,,219.0,0.0
16974,2026-06-01,17,13,0.433,2848.0,219.1,219.1,1,13,30,219.0,219.0,2848.0
491123,2025-07-01,31,0,0.0,0.0,128.8,,,,30,,129.0,0.0
491123,2025-08-01,16,15,0.484,1934.0,130.1,128.9,1,15,30,129.0,130.0,1934.0
491123,2025-09-01,30,0,0.0,0.0,132.2,,,,30,,132.0,0.0
491123,2025-10-01,31,0,0.0,0.0,132.9,,,,30,,133.0,0.0
491123,2025-11-01,30,0,0.0,0.0,138.5,,,,30,,139.0,0.0
491123,2025-12-01,31,0,0.0,0.0,132.9,,,,30,,133.0,0.0
491123,2026-01-01,31,0,0.0,0.0,128.0,,,,30,,128.0,0.0
491123,2026-02-01,28,0,0.0,0.0,150.0,,,,30,,150.0,0.0
491123,2026-03-01,31,0,0.0,0.0,155.1,,,,30,,155.0,0.0
491123,2026-04-01,30,0,0.0,0.0,154.9,,,,30,,155.0,0.0
491123,2026-05-01,17,14,0.452,2146.0,155.1,153.3,17,7,30,153.0,155.0,2146.0
491123,2026-06-01,30,0,0.0,0.0,158.3,,,,30,,158.0,0.0
6872,2025-07-01,31,0,0.0,0.0,67.8,,,,30,,68.0,0.0
6872,2025-08-01,22,9,0.29,600.0,67.7,66.7,67,45,30,67.0,68.0,600.0
6872,2025-09-01,0,30,1.0,2023.0,67.4,67.4,,,30,67.0,67.0,2023.0
6872,2025-10-01,25,6,0.194,408.0,68.0,68.0,,,30,68.0,68.0,408.0
6872,2025-11-01,30,0,0.0,0.0,68.0,,,,30,,68.0,0.0
6872,2025-12-01,25,6,0.194,405.0,67.1,67.5,1,6,30,68.0,67.0,405.0
6872,2026-01-01,31,0,0.0,0.0,67.5,,,,30,,68.0,0.0
6872,2026-02-01,28,0,0.0,0.0,70.6,,,,30,,71.0,0.0
6872,2026-03-01,31,0,0.0,0.0,74.1,,,,30,,74.0,0.0
6872,2026-04-01,30,0,0.0,0.0,74.9,,,,30,,75.0,0.0
6872,2026-05-01,31,0,0.0,0.0,74.8,,,,30,,75.0,0.0
6872,2026-06-01,30,0,0.0,0.0,74.5,,,,30,,75.0,0.0
704838,2025-07-01,31,0,0.0,0.0,102.6,,,,30,,103.0,0.0
704838,2025-08-01,13,18,0.581,1809.0,101.7,100.5,69,17,30,101.0,102.0,1809.0
704838,2025-09-01,14,16,0.533,1745.0,106.6,109.1,,,30,109.0,107.0,1745.0
704838,2025-10-01,14,17,0.548,1714.0,100.7,100.8,1,17,30,101.0,101.0,1714.0
704838,2025-11-01,30,0,0.0,0.0,103.4,,,,30,,103.0,0.0
704838,2025-12-01,31,0,0.0,0.0,108.5,,,,30,,109.0,0.0
704838,2026-01-01,31,0,0.0,0.0,108.9,,,,30,,109.0,0.0
704838,2026-02-01,28,0,0.0,0.0,110.8,,,,30,,111.0,0.0
704838,2026-03-01,31,0,0.0,0.0,109.6,,,,30,,110.0,0.0
704838,2026-04-01,30,0,0.0,0.0,109.0,,,,30,,109.0,0.0
704838,2026-05-01,31,0,0.0,0.0,108.6,,,,30,,109.0,0.0
704838,2026-06-01,30,0,0.0,0.0,113.4,,,,30,,113.0,0.0
253475,2025-07-01,31,0,0.0,0.0,403.0,,,,1,,403.0,0.0
253475,2025-08-01,31,0,0.0,0.0,476.1,,,,1,,476.0,0.0
253475,2025-09-01,20,10,0.333,5146.0,521.6,514.6,31,10,1,515.0,522.0,5146.0
253475,2025-10-01,31,0,0.0,0.0,514.6,,,,1,,515.0,0.0
253475,2025-11-01,30,0,0.0,0.0,525.8,,,,1,,526.0,0.0
253475,2025-12-01,31,0,0.0,0.0,497.5,,,,1,,498.0,0.0
253475,2026-01-01,31,0,0.0,0.0,471.7,,,,1,,472.0,0.0
924600,2026-03-01,31,0,0.0,0.0,62.6,,,,6,,63.0,0.0
924600,2026-04-01,30,0,0.0,0.0,61.9,,,,6,,62.0,0.0
924600,2026-05-01,28,3,0.097,193.0,63.1,64.3,1,8,6,64.0,63.0,193.0
924600,2026-06-01,20,10,0.333,621.0,61.8,62.1,16,5,7,62.0,62.0,621.0
314982,2025-07-01,31,0,0.0,0.0,91.2,,,,30,,91.0,0.0
314982,2025-08-01,25,6,0.194,525.0,87.2,87.5,114,17,30,88.0,87.0,525.0
314982,2025-09-01,1,29,0.967,2588.0,88.8,89.2,,,30,89.0,89.0,2588.0
314982,2025-10-01,0,31,1.0,2715.0,87.6,87.6,64,60,30,88.0,88.0,2715.0
314982,2025-11-01,1,29,0.967,2513.0,86.7,86.7,,,30,87.0,87.0,2513.0
314982,2025-12-01,30,1,0.032,98.0,89.1,98.0,1,1,30,98.0,89.0,98.0
314982,2026-01-01,31,0,0.0,0.0,90.9,,,,30,,91.0,0.0
314982,2026-02-01,28,0,0.0,0.0,92.0,,,,30,,92.0,0.0
314982,2026-03-01,31,0,0.0,0.0,91.0,,,,30,,91.0,0.0
314982,2026-04-01,30,0,0.0,0.0,87.2,,,,30,,87.0,0.0
314982,2026-05-01,31,0,0.0,0.0,100.1,,,,30,,100.0,0.0
314982,2026-06-01,30,0,0.0,0.0,111.5,,,,30,,112.0,0.0
473980,2025-07-01,31,0,0.0,0.0,136.3,,,,30,,136.0,0.0
473980,2025-08-01,31,0,0.0,0.0,131.4,,,,30,,131.0,0.0
473980,2025-09-01,30,0,0.0,0.0,134.1,,,,30,,134.0,0.0
473980,2025-10-01,31,0,0.0,0.0,133.1,,,,30,,133.0,0.0
473980,2025-11-01,30,0,0.0,0.0,131.8,,,,30,,132.0,0.0
473980,2025-12-01,31,0,0.0,0.0,128.6,,,,30,,129.0,0.0
473980,2026-01-01,31,0,0.0,0.0,143.5,,,,30,,144.0,0.0
473980,2026-02-01,28,0,0.0,0.0,156.4,,,,30,,156.0,0.0
473980,2026-03-01,31,0,0.0,0.0,153.2,,,,30,,153.0,0.0
473980,2026-04-01,30,0,0.0,0.0,179.2,,,,30,,179.0,0.0
473980,2026-05-01,31,0,0.0,0.0,192.5,,,,30,,193.0,0.0
473980,2026-06-01,15,15,0.5,2647.0,176.8,176.5,3,15,30,177.0,177.0,2647.0
993576,2025-07-01,6,25,0.806,5575.0,222.0,223.0,,,30,223.0,222.0,5575.0
993576,2025-08-01,1,30,0.968,6723.0,224.6,224.1,42,30,30,224.0,225.0,6723.0
993576,2025-09-01,0,30,1.0,7393.0,246.4,246.4,4,30,30,246.0,246.0,7393.0
993576,2025-10-01,1,30,0.968,7242.0,240.5,241.4,4,30,30,241.0,241.0,7242.0
993576,2025-11-01,26,4,0.133,912.0,224.1,228.0,1,23,30,228.0,224.0,912.0
993576,2025-12-01,12,19,0.613,4333.0,227.4,228.1,,,30,228.0,227.0,4333.0
993576,2026-01-01,31,0,0.0,0.0,236.3,,,,30,,236.0,0.0
993576,2026-02-01,28,0,0.0,0.0,257.2,,,,30,,257.0,0.0
993576,2026-03-01,31,0,0.0,0.0,262.8,,,,30,,263.0,0.0
993576,2026-04-01,30,0,0.0,0.0,248.3,,,,30,,248.0,0.0
993576,2026-05-01,23,8,0.258,2106.0,260.8,263.2,1,8,30,263.0,261.0,2106.0
993576,2026-06-01,21,9,0.3,2451.0,269.4,272.3,1,12,30,272.0,269.0,2451.0
837503,2025-07-01,2,29,0.935,3532.0,121.8,121.8,43,45,30,122.0,122.0,3532.0
837503,2025-08-01,15,16,0.516,1948.0,117.0,121.8,,,30,122.0,117.0,1948.0
837503,2025-09-01,4,26,0.867,3075.0,117.5,118.3,14,27,30,118.0,118.0,3075.0
837503,2025-10-01,20,11,0.355,1201.0,110.4,109.2,1,39,30,109.0,110.0,1201.0
837503,2025-11-01,0,30,1.0,3526.0,117.5,117.5,10,31,30,118.0,118.0,3526.0
837503,2025-12-01,1,30,0.968,3625.0,120.9,120.8,,,30,121.0,121.0,3625.0
837503,2026-01-01,31,0,0.0,0.0,118.8,,,,30,,119.0,0.0
837503,2026-02-01,28,0,0.0,0.0,124.6,,,,30,,125.0,0.0
837503,2026-03-01,31,0,0.0,0.0,130.8,,,,30,,131.0,0.0
837503,2026-04-01,30,0,0.0,0.0,132.6,,,,30,,133.0,0.0
837503,2026-05-01,31,0,0.0,0.0,141.7,,,,30,,142.0,0.0
837503,2026-06-01,18,12,0.4,1695.0,141.9,141.2,1,12,30,141.0,142.0,1695.0
82928,2025-07-01,31,0,0.0,0.0,164.6,,,,30,,165.0,0.0
82928,2025-08-01,21,10,0.323,1635.0,164.6,163.5,126,2,30,164.0,165.0,1635.0
82928,2025-09-01,28,2,0.067,307.0,144.9,153.5,167,2,30,154.0,145.0,307.0
82928,2025-10-01,31,0,0.0,0.0,148.1,,,,30,,148.0,0.0
82928,2025-11-01,27,3,0.1,432.0,147.2,144.0,117,1,30,144.0,147.0,432.0
82928,2025-12-01,15,16,0.516,2346.0,147.0,146.6,140,8,30,147.0,147.0,2346.0
82928,2026-01-01,25,6,0.194,797.0,142.3,132.8,171,3,30,133.0,142.0,797.0
82928,2026-02-01,16,12,0.429,1415.0,116.2,117.9,204,3,30,118.0,116.0,1415.0
82928,2026-03-01,29,2,0.065,239.0,124.7,119.5,,,30,120.0,125.0,239.0
82928,2026-04-01,30,0,0.0,0.0,132.9,,,,30,,133.0,0.0
82928,2026-05-01,31,0,0.0,0.0,127.7,,,,30,,128.0,0.0
82928,2026-06-01,28,2,0.067,261.0,128.3,130.5,3,2,30,131.0,128.0,261.0
253811,2025-07-01,31,0,0.0,0.0,416.7,,,,1,,417.0,0.0
253811,2025-08-01,31,0,0.0,0.0,417.6,,,,1,,418.0,0.0
253811,2025-09-01,20,10,0.333,5076.0,481.8,507.6,31,10,1,508.0,482.0,5076.0
253811,2025-10-01,31,0,0.0,0.0,549.3,,,,1,,549.0,0.0
253811,2025-11-01,30,0,0.0,0.0,482.6,,,,1,,483.0,0.0
253811,2025-12-01,31,0,0.0,0.0,405.3,,,,1,,405.0,0.0
253811,2026-01-01,31,0,0.0,0.0,367.0,,,,1,,367.0,0.0
253811,2026-02-01,28,0,0.0,0.0,347.0,,,,1,,347.0,0.0
253811,2026-03-01,31,0,0.0,0.0,347.6,,,,1,,348.0,0.0
253811,2026-04-01,30,0,0.0,0.0,328.3,,,,1,,328.0,0.0
253811,2026-05-01,31,0,0.0,0.0,390.4,,,,1,,390.0,0.0
253811,2026-06-01,30,0,0.0,0.0,355.9,,,,1,,356.0,0.0
607781,2025-07-01,1,30,0.968,3842.0,128.1,128.1,42,39,30,128.0,128.0,3842.0
607781,2025-08-01,21,10,0.323,1303.0,131.2,130.3,1,1,30,130.0,131.0,1303.0
607781,2025-09-01,7,23,0.767,2970.0,130.0,129.1,173,11,30,129.0,130.0,2970.0
607781,2025-10-01,2,29,0.935,3577.0,123.7,123.3,39,17,30,123.0,124.0,3577.0
607781,2025-11-01,0,30,1.0,3813.0,127.1,127.1,,,30,127.0,127.0,3813.0
607781,2025-12-01,22,9,0.29,1128.0,126.9,125.3,1,1,30,125.0,127.0,1128.0
607781,2026-01-01,0,31,1.0,3548.0,114.5,114.5,15,31,30,115.0,115.0,3548.0
607781,2026-02-01,15,13,0.464,1699.0,125.4,130.7,3,3,30,131.0,125.0,1699.0
607781,2026-03-01,28,3,0.097,400.0,133.5,133.3,,,30,133.0,134.0,400.0
607781,2026-04-01,29,1,0.033,134.0,136.6,134.0,1,1,30,134.0,137.0,134.0
607781,2026-05-01,31,0,0.0,0.0,136.3,,,,30,,136.0,0.0
607781,2026-06-01,30,0,0.0,0.0,134.3,,,,30,,134.0,0.0
1040182,2025-07-01,31,0,0.0,0.0,59.9,,,,30,,60.0,0.0
1040182,2025-08-01,16,15,0.484,908.0,60.1,60.5,61,16,30,61.0,60.0,908.0
1040182,2025-09-01,27,3,0.1,184.0,62.1,61.3,101,1,30,61.0,62.0,184.0
1040182,2025-10-01,31,0,0.0,0.0,70.7,,,,30,,71.0,0.0
1040182,2025-11-01,30,0,0.0,0.0,70.6,,,,30,,71.0,0.0
1040182,2025-12-01,31,0,0.0,0.0,66.9,,,,30,,67.0,0.0
1040182,2026-01-01,31,0,0.0,0.0,64.5,,,,30,,65.0,0.0
1040182,2026-02-01,28,0,0.0,0.0,65.1,,,,30,,65.0,0.0
1040182,2026-03-01,31,0,0.0,0.0,70.2,,,,30,,70.0,0.0
1040182,2026-04-01,30,0,0.0,0.0,69.6,,,,30,,70.0,0.0
1040182,2026-05-01,31,0,0.0,0.0,64.3,,,,30,,64.0,0.0
1040182,2026-06-01,30,0,0.0,0.0,62.7,,,,30,,63.0,0.0
838070,2025-07-01,21,10,0.323,1118.0,111.7,111.8,96,12,30,112.0,112.0,1118.0
838070,2025-08-01,1,30,0.968,3351.0,111.7,111.7,73,16,30,112.0,112.0,3351.0
838070,2025-09-01,17,13,0.433,1478.0,112.2,113.7,25,11,30,114.0,112.0,1478.0
838070,2025-10-01,25,6,0.194,687.0,111.7,114.5,6,4,30,115.0,112.0,687.0
838070,2025-11-01,30,0,0.0,0.0,109.7,,,,30,,110.0,0.0
838070,2025-12-01,31,0,0.0,0.0,111.6,,,,30,,112.0,0.0
838070,2026-01-01,23,8,0.258,879.0,108.5,109.9,96,8,30,110.0,109.0,879.0
838070,2026-02-01,17,11,0.393,1366.0,128.7,124.2,65,5,30,124.0,129.0,1366.0
838070,2026-03-01,18,13,0.419,1687.0,129.4,129.8,78,6,30,130.0,129.0,1687.0
838070,2026-04-01,26,4,0.133,535.0,138.3,133.8,186,4,30,134.0,138.0,535.0
838070,2026-05-01,31,0,0.0,0.0,139.0,,,,30,,139.0,0.0
838070,2026-06-01,30,0,0.0,0.0,140.8,,,,30,,141.0,0.0
182069,2025-07-01,0,31,1.0,4174.0,134.6,134.6,7,30,30,135.0,135.0,4174.0
182069,2025-08-01,6,25,0.806,3417.0,137.0,136.7,,,30,137.0,137.0,3417.0
182069,2025-09-01,30,0,0.0,0.0,152.1,,,,30,,152.0,0.0
182069,2025-10-01,31,0,0.0,0.0,156.9,,,,30,,157.0,0.0
182069,2025-11-01,30,0,0.0,0.0,152.1,,,,30,,152.0,0.0
182069,2025-12-01,31,0,0.0,0.0,139.1,,,,30,,139.0,0.0
182069,2026-01-01,31,0,0.0,0.0,133.0,,,,30,,133.0,0.0
182069,2026-02-01,28,0,0.0,0.0,157.3,,,,30,,157.0,0.0
182069,2026-03-01,31,0,0.0,0.0,163.7,,,,30,,164.0,0.0
182069,2026-04-01,30,0,0.0,0.0,165.2,,,,30,,165.0,0.0
182069,2026-05-01,31,0,0.0,0.0,166.9,,,,30,,167.0,0.0
182069,2026-06-01,30,0,0.0,0.0,164.7,,,,30,,165.0,0.0
684808,2025-07-01,0,31,1.0,5292.0,170.7,170.7,,,30,171.0,171.0,5292.0
684808,2025-08-01,1,30,0.968,5163.0,172.6,172.1,47,76,30,172.0,173.0,5163.0
684808,2025-09-01,0,30,1.0,5057.0,168.6,168.6,,,30,169.0,169.0,5057.0
684808,2025-10-01,1,30,0.968,5025.0,167.7,167.5,65,11,30,168.0,168.0,5025.0
684808,2025-11-01,17,13,0.433,2174.0,170.6,167.2,,,30,167.0,171.0,2174.0
684808,2025-12-01,31,0,0.0,0.0,164.8,,,,30,,165.0,0.0
684808,2026-01-01,28,3,0.097,496.0,158.9,165.3,1,3,30,165.0,159.0,496.0
684808,2026-02-01,21,7,0.25,1414.0,196.2,202.0,10,21,30,202.0,196.0,1414.0
684808,2026-03-01,17,14,0.452,2846.0,202.0,203.3,,,30,203.0,202.0,2846.0
684808,2026-04-01,13,17,0.567,3483.0,202.5,204.9,1,25,30,205.0,203.0,3483.0
684808,2026-05-01,23,8,0.258,1589.0,201.4,198.6,,,30,199.0,201.0,1589.0
684808,2026-06-01,30,0,0.0,0.0,201.0,,,,30,,201.0,0.0
651648,2025-07-01,23,8,0.258,2431.0,304.6,303.9,5,1,2,304.0,305.0,2431.0
651648,2025-08-01,30,1,0.032,311.0,312.0,311.0,1,1,2,311.0,312.0,311.0
651648,2025-09-01,15,15,0.5,4729.0,311.6,315.3,9,3,2,315.0,312.0,4729.0
651648,2025-10-01,11,20,0.645,7339.0,362.8,366.9,5,2,2,367.0,363.0,7339.0
651648,2025-11-01,16,14,0.467,5090.0,359.1,363.6,4,1,2,364.0,359.0,5090.0
651648,2025-12-01,15,16,0.516,6096.0,377.1,381.0,7,1,2,381.0,377.0,6096.0
651648,2026-01-01,23,8,0.258,2736.0,352.8,342.0,1,1,2,342.0,353.0,2736.0
651648,2026-02-01,20,8,0.286,3417.0,408.7,427.1,1,1,2,427.0,409.0,3417.0
651648,2026-03-01,23,8,0.258,3326.0,429.9,415.8,1,1,2,416.0,430.0,3326.0
651648,2026-04-01,19,11,0.367,5098.0,456.5,463.5,23,11,2,464.0,457.0,5098.0
651648,2026-05-01,27,4,0.129,1930.0,462.8,482.5,7,2,2,483.0,463.0,1930.0
651648,2026-06-01,23,7,0.233,3274.0,454.2,467.7,39,2,2,468.0,454.0,3274.0
52689,2025-07-01,7,24,0.774,4629.0,190.0,192.9,51,13,12,193.0,190.0,4629.0
52689,2025-08-01,24,7,0.226,1394.0,203.5,199.1,65,2,10,199.0,204.0,1394.0
52689,2025-09-01,3,27,0.9,6025.0,225.1,223.1,1,42,3,223.0,225.0,6025.0
52689,2025-10-01,2,29,0.935,5823.0,201.2,200.8,34,12,3,201.0,201.0,5823.0
52689,2025-11-01,5,25,0.833,5544.0,221.0,221.8,30,4,3,222.0,221.0,5544.0
52689,2025-12-01,3,28,0.903,5886.0,212.8,210.2,49,4,4,210.0,213.0,5886.0
52689,2026-01-01,9,22,0.71,3682.0,164.2,167.4,38,5,3,167.0,164.0,3682.0
52689,2026-02-01,16,12,0.429,2374.0,196.9,197.8,22,6,3,198.0,197.0,2374.0
52689,2026-03-01,6,25,0.806,5334.0,214.4,213.4,57,4,3,213.0,214.0,5334.0
52689,2026-04-01,7,23,0.767,4668.0,204.5,203.0,95,8,6,203.0,205.0,4668.0
52689,2026-05-01,5,26,0.839,6648.0,257.4,255.7,102,6,3,256.0,257.0,6648.0
52689,2026-06-01,3,27,0.9,6578.0,242.9,243.6,99,3,3,244.0,243.0,6578.0
1213745,2025-07-01,31,0,0.0,0.0,165.2,,,,30,,165.0,0.0
1213745,2025-08-01,31,0,0.0,0.0,152.9,,,,30,,153.0,0.0
1213745,2025-09-01,30,0,0.0,0.0,160.9,,,,30,,161.0,0.0
1213745,2025-10-01,31,0,0.0,0.0,161.6,,,,30,,162.0,0.0
1213745,2025-11-01,30,0,0.0,0.0,167.4,,,,30,,167.0,0.0
1213745,2025-12-01,31,0,0.0,0.0,165.8,,,,30,,166.0,0.0
1213745,2026-01-01,31,0,0.0,0.0,165.9,,,,30,,166.0,0.0
1213745,2026-02-01,28,0,0.0,0.0,174.2,,,,30,,174.0,0.0
1213745,2026-03-01,31,0,0.0,0.0,176.5,,,,30,,177.0,0.0
1213745,2026-04-01,30,0,0.0,0.0,174.4,,,,30,,174.0,0.0
1213745,2026-05-01,31,0,0.0,0.0,173.8,,,,30,,174.0,0.0
1213745,2026-06-01,15,15,0.5,2619.0,174.5,174.6,1,15,30,175.0,175.0,2619.0
1355654,2025-07-01,25,6,0.194,1094.0,186.4,182.3,1,6,30,182.0,186.0,1094.0
1355654,2025-08-01,27,4,0.129,757.0,188.2,189.2,1,4,30,189.0,188.0,757.0
1355654,2025-09-01,30,0,0.0,0.0,196.6,,,,30,,197.0,0.0
1355654,2025-10-01,18,13,0.419,2460.0,193.4,189.2,1,13,30,189.0,193.0,2460.0
1355654,2025-11-01,24,6,0.2,1229.0,198.4,204.8,1,6,30,205.0,198.0,1229.0
1355654,2025-12-01,31,0,0.0,0.0,214.6,,,,30,,215.0,0.0
1355654,2026-01-01,31,0,0.0,0.0,202.4,,,,30,,202.0,0.0
1355654,2026-02-01,28,0,0.0,0.0,214.6,,,,30,,215.0,0.0
1355654,2026-03-01,31,0,0.0,0.0,219.1,,,,30,,219.0,0.0
1355654,2026-04-01,30,0,0.0,0.0,220.9,,,,30,,221.0,0.0
1355654,2026-05-01,16,15,0.484,3215.0,215.4,214.3,1,15,30,214.0,215.0,3215.0
1355654,2026-06-01,30,0,0.0,0.0,216.6,,,,30,,217.0,0.0
739239,2025-07-01,0,31,1.0,7540.0,243.2,243.2,11,47,30,243.0,243.0,7540.0
739239,2025-08-01,15,16,0.516,3876.0,244.1,242.2,,,30,242.0,244.0,3876.0
739239,2025-09-01,30,0,0.0,0.0,248.2,,,,30,,248.0,0.0
739239,2025-10-01,31,0,0.0,0.0,236.2,,,,30,,236.0,0.0
739239,2025-11-01,30,0,0.0,0.0,231.4,,,,30,,231.0,0.0
739239,2025-12-01,31,0,0.0,0.0,229.3,,,,30,,229.0,0.0
739239,2026-01-01,31,0,0.0,0.0,221.5,,,,30,,222.0,0.0
739239,2026-02-01,28,0,0.0,0.0,227.2,,,,30,,227.0,0.0
739239,2026-03-01,31,0,0.0,0.0,232.6,,,,30,,233.0,0.0
739239,2026-04-01,30,0,0.0,0.0,254.2,,,,30,,254.0,0.0
739239,2026-05-01,31,0,0.0,0.0,265.5,,,,30,,266.0,0.0
739239,2026-06-01,30,0,0.0,0.0,276.4,,,,30,,276.0,0.0
1036498,2025-07-01,0,31,1.0,2481.0,80.0,80.0,,,30,80.0,80.0,2481.0
1036498,2025-08-01,15,16,0.516,1566.0,84.9,97.9,18,30,30,98.0,85.0,1566.0
1036498,2025-09-01,13,17,0.567,1387.0,72.4,81.6,1,34,30,82.0,72.0,1387.0
1036498,2025-10-01,0,31,1.0,1980.0,63.9,63.9,,,30,64.0,64.0,1980.0
1036498,2025-11-01,29,1,0.033,72.0,67.6,72.0,1,17,30,72.0,68.0,72.0
1036498,2025-12-01,15,16,0.516,1210.0,74.4,75.6,,,30,76.0,74.0,1210.0
1036498,2026-01-01,27,4,0.129,288.0,68.0,72.0,6,4,30,72.0,68.0,288.0
1036498,2026-02-01,28,0,0.0,0.0,72.1,,,,30,,72.0,0.0
1036498,2026-03-01,31,0,0.0,0.0,76.1,,,,30,,76.0,0.0
1036498,2026-04-01,30,0,0.0,0.0,76.5,,,,30,,77.0,0.0
1036498,2026-05-01,26,5,0.161,393.0,79.1,78.6,1,5,30,79.0,79.0,393.0
1036498,2026-06-01,30,0,0.0,0.0,80.7,,,,30,,81.0,0.0
1035120,2025-07-01,14,17,0.548,2439.0,144.8,143.5,1,13,30,144.0,145.0,2439.0
1035120,2025-08-01,19,12,0.387,1752.0,148.7,146.0,23,1,30,146.0,149.0,1752.0
1035120,2025-09-01,30,0,0.0,0.0,148.1,,,,30,,148.0,0.0
1035120,2025-10-01,19,12,0.387,1756.0,147.8,146.3,46,12,30,146.0,148.0,1756.0
1035120,2025-11-01,29,1,0.033,140.0,141.2,140.0,1,1,30,140.0,141.0,140.0
1035120,2025-12-01,31,0,0.0,0.0,152.9,,,,30,,153.0,0.0
1035120,2026-01-01,31,0,0.0,0.0,156.1,,,,30,,156.0,0.0
1035120,2026-02-01,28,0,0.0,0.0,150.4,,,,30,,150.0,0.0
1035120,2026-03-01,31,0,0.0,0.0,150.5,,,,30,,151.0,0.0
1035120,2026-04-01,30,0,0.0,0.0,150.1,,,,30,,150.0,0.0
1035120,2026-05-01,31,0,0.0,0.0,154.6,,,,30,,155.0,0.0
1035120,2026-06-01,30,0,0.0,0.0,154.0,,,,30,,154.0,0.0
235960,2025-07-01,15,16,0.516,3046.0,188.7,190.4,111,21,30,190.0,189.0,3046.0
235960,2025-08-01,0,31,1.0,5666.0,182.8,182.8,,,30,183.0,183.0,5666.0
235960,2025-09-01,1,29,0.967,4742.0,163.8,163.5,24,28,30,164.0,164.0,4742.0
235960,2025-10-01,28,3,0.097,458.0,159.7,152.7,,,30,153.0,160.0,458.0
235960,2025-11-01,30,0,0.0,0.0,168.1,,,,30,,168.0,0.0
235960,2025-12-01,31,0,0.0,0.0,166.0,,,,30,,166.0,0.0
235960,2026-01-01,30,1,0.032,177.0,161.7,177.0,1,1,30,177.0,162.0,177.0
235960,2026-02-01,28,0,0.0,0.0,169.8,,,,30,,170.0,0.0
235960,2026-03-01,31,0,0.0,0.0,182.5,,,,30,,183.0,0.0
235960,2026-04-01,30,0,0.0,0.0,184.9,,,,30,,185.0,0.0
235960,2026-05-01,1,30,0.968,5756.0,192.2,191.9,1,31,30,192.0,192.0,5756.0
235960,2026-06-01,9,21,0.7,7439.0,348.2,354.2,1,33,30,354.0,348.0,7439.0
45936,2025-07-01,0,31,1.0,2297.0,74.1,74.1,,,30,74.0,74.0,2297.0
45936,2025-08-01,30,1,0.032,76.0,75.5,76.0,74,1,30,76.0,76.0,76.0
45936,2025-09-01,30,0,0.0,0.0,75.7,,,,30,,76.0,0.0
45936,2025-10-01,31,0,0.0,0.0,74.8,,,,30,,75.0,0.0
45936,2025-11-01,4,26,0.867,1943.0,74.5,74.7,141,45,30,75.0,75.0,1943.0
45936,2025-12-01,12,19,0.613,1390.0,68.6,73.2,,,30,73.0,69.0,1390.0
45936,2026-01-01,28,3,0.097,186.0,65.4,62.0,151,3,30,62.0,65.0,186.0
45936,2026-02-01,28,0,0.0,0.0,66.4,,,,30,,66.0,0.0
45936,2026-03-01,31,0,0.0,0.0,68.0,,,,30,,68.0,0.0
45936,2026-04-01,30,0,0.0,0.0,67.4,,,,30,,67.0,0.0
45936,2026-05-01,31,0,0.0,0.0,66.7,,,,30,,67.0,0.0
45936,2026-06-01,30,0,0.0,0.0,67.8,,,,30,,68.0,0.0
852632,2025-07-01,18,13,0.419,942.0,72.5,72.5,,,30,73.0,73.0,942.0
852632,2025-08-01,31,0,0.0,0.0,75.1,,,,30,,75.0,0.0
852632,2025-09-01,30,0,0.0,0.0,73.2,,,,30,,73.0,0.0
852632,2025-10-01,31,0,0.0,0.0,73.0,,,,30,,73.0,0.0
852632,2025-11-01,30,0,0.0,0.0,72.7,,,,30,,73.0,0.0
852632,2025-12-01,25,6,0.194,424.0,72.5,70.7,1,6,30,71.0,73.0,424.0
852632,2026-01-01,31,0,0.0,0.0,70.3,,,,30,,70.0,0.0
852632,2026-02-01,28,0,0.0,0.0,77.7,,,,30,,78.0,0.0
852632,2026-03-01,31,0,0.0,0.0,83.3,,,,30,,83.0,0.0
852632,2026-04-01,30,0,0.0,0.0,83.4,,,,30,,83.0,0.0
852632,2026-05-01,31,0,0.0,0.0,86.8,,,,30,,87.0,0.0
852632,2026-06-01,30,0,0.0,0.0,88.1,,,,30,,88.0,0.0
267376,2026-03-01,31,0,0.0,0.0,92.2,,,,,,92.0,0.0
267376,2026-04-01,25,5,0.167,455.0,91.8,91.0,1,24,30,91.0,92.0,455.0
267376,2026-05-01,4,27,0.871,2514.0,93.0,93.1,11,27,30,93.0,93.0,2514.0
267376,2026-06-01,11,19,0.633,1770.0,92.9,93.2,,,30,93.0,93.0,1770.0
191610,2025-07-01,4,27,0.871,4553.0,173.7,168.6,65,6,2,169.0,174.0,4553.0
191610,2025-08-01,3,28,0.903,4440.0,158.2,158.6,99,5,2,159.0,158.0,4440.0
191610,2025-09-01,0,30,1.0,4876.0,162.5,162.5,142,10,2,163.0,163.0,4876.0
191610,2025-10-01,0,31,1.0,5079.0,163.8,163.8,159,6,2,164.0,164.0,5079.0
191610,2025-11-01,1,29,0.967,5614.0,193.2,193.6,101,6,2,194.0,193.0,5614.0
191610,2025-12-01,2,29,0.935,5729.0,199.1,197.6,113,7,1,198.0,199.0,5729.0
191610,2026-01-01,10,21,0.677,3138.0,148.1,149.4,42,14,2,149.0,148.0,3138.0
191610,2026-02-01,1,27,0.964,5139.0,191.3,190.3,51,6,2,190.0,191.0,5139.0
191610,2026-03-01,13,18,0.581,3676.0,208.2,204.2,80,5,2,204.0,208.0,3676.0
191610,2026-04-01,1,29,0.967,6465.0,222.4,222.9,77,6,1,223.0,222.0,6465.0
191610,2026-05-01,0,31,1.0,6956.0,224.4,224.4,97,30,2,224.0,224.0,6956.0
191610,2026-06-01,24,6,0.2,1340.0,224.3,223.3,5,5,2,223.0,224.0,1340.0
1444400,2025-07-01,31,0,0.0,0.0,97.7,,,,30,,98.0,0.0
1444400,2025-08-01,31,0,0.0,0.0,96.7,,,,30,,97.0,0.0
1444400,2025-09-01,30,0,0.0,0.0,102.1,,,,30,,102.0,0.0
1444400,2025-10-01,31,0,0.0,0.0,100.8,,,,30,,101.0,0.0
1444400,2025-11-01,30,0,0.0,0.0,102.1,,,,30,,102.0,0.0
1444400,2025-12-01,31,0,0.0,0.0,97.0,,,,30,,97.0,0.0
1444400,2026-01-01,31,0,0.0,0.0,109.6,,,,30,,110.0,0.0
1444400,2026-02-01,28,0,0.0,0.0,119.0,,,,30,,119.0,0.0
1444400,2026-03-01,31,0,0.0,0.0,130.6,,,,30,,131.0,0.0
1444400,2026-04-01,30,0,0.0,0.0,136.7,,,,30,,137.0,0.0
1444400,2026-05-01,31,0,0.0,0.0,133.2,,,,30,,133.0,0.0
1444400,2026-06-01,18,12,0.4,1555.0,130.8,129.6,1,21,30,130.0,131.0,1555.0
958444,2025-07-01,30,1,0.032,94.0,99.1,94.0,41,1,30,94.0,99.0,94.0
958444,2025-08-01,31,0,0.0,0.0,96.3,,,,30,,96.0,0.0
958444,2025-09-01,30,0,0.0,0.0,98.9,,,,30,,99.0,0.0
958444,2025-10-01,31,0,0.0,0.0,97.8,,,,30,,98.0,0.0
958444,2025-11-01,30,0,0.0,0.0,98.3,,,,30,,98.0,0.0
958444,2025-12-01,31,0,0.0,0.0,96.0,,,,30,,96.0,0.0
958444,2026-01-01,13,18,0.581,1739.0,97.4,96.6,1,19,30,97.0,97.0,1739.0
958444,2026-02-01,26,2,0.071,194.0,104.3,97.0,1,1,30,97.0,104.0,194.0
958444,2026-03-01,26,5,0.161,539.0,107.3,107.8,1,5,30,108.0,107.0,539.0
958444,2026-04-01,30,0,0.0,0.0,103.2,,,,30,,103.0,0.0
958444,2026-05-01,31,0,0.0,0.0,107.8,,,,30,,108.0,0.0
958444,2026-06-01,30,0,0.0,0.0,106.4,,,,30,,106.0,0.0
230877,2025-07-01,10,21,0.677,2991.0,142.7,142.4,24,30,30,142.0,143.0,2991.0
230877,2025-08-01,22,9,0.29,1236.0,139.0,137.3,,,30,137.0,139.0,1236.0
230877,2025-09-01,16,14,0.467,2046.0,146.2,146.1,62,23,30,146.0,146.0,2046.0
230877,2025-10-01,9,22,0.71,3133.0,142.1,142.4,40,16,30,142.0,142.0,3133.0
230877,2025-11-01,11,19,0.633,2693.0,142.8,141.7,,,30,142.0,143.0,2693.0
230877,2025-12-01,31,0,0.0,0.0,142.7,,,,30,,143.0,0.0
230877,2026-01-01,31,0,0.0,0.0,145.7,,,,30,,146.0,0.0
230877,2026-02-01,28,0,0.0,0.0,175.3,,,,30,,175.0,0.0
230877,2026-03-01,31,0,0.0,0.0,184.8,,,,30,,185.0,0.0
230877,2026-04-01,4,26,0.867,4889.0,188.8,188.0,63,45,30,188.0,189.0,4889.0
230877,2026-05-01,0,31,1.0,5556.0,179.2,179.2,20,6,30,179.0,179.0,5556.0
230877,2026-06-01,11,19,0.633,3458.0,181.6,182.0,62,6,30,182.0,182.0,3458.0
1100421,2025-07-01,31,0,0.0,0.0,177.1,,,,30,,177.0,0.0
1100421,2025-08-01,31,0,0.0,0.0,182.6,,,,30,,183.0,0.0
1100421,2025-09-01,30,0,0.0,0.0,177.1,,,,30,,177.0,0.0
1100421,2025-10-01,31,0,0.0,0.0,179.5,,,,30,,180.0,0.0
1100421,2025-11-01,29,1,0.033,177.0,174.0,177.0,1,10,30,177.0,174.0,177.0
1100421,2025-12-01,22,9,0.29,1597.0,178.9,177.4,,,30,177.0,179.0,1597.0
1100421,2026-01-01,31,0,0.0,0.0,172.3,,,,30,,172.0,0.0
1100421,2026-02-01,28,0,0.0,0.0,201.2,,,,30,,201.0,0.0
1100421,2026-03-01,31,0,0.0,0.0,201.8,,,,30,,202.0,0.0
1100421,2026-04-01,30,0,0.0,0.0,219.5,,,,30,,220.0,0.0
1100421,2026-05-01,31,0,0.0,0.0,221.4,,,,30,,221.0,0.0
1100421,2026-06-01,30,0,0.0,0.0,222.4,,,,30,,222.0,0.0
15385,2025-07-01,0,31,1.0,2557.0,82.5,82.5,,,30,83.0,83.0,2557.0
15385,2025-08-01,12,19,0.613,1447.0,75.7,76.2,159,9,30,76.0,76.0,1447.0
15385,2025-09-01,24,6,0.2,556.0,97.7,92.7,134,3,30,93.0,98.0,556.0
15385,2025-10-01,31,0,0.0,0.0,91.5,,,,30,,92.0,0.0
15385,2025-11-01,30,0,0.0,0.0,91.5,,,,30,,92.0,0.0
15385,2025-12-01,31,0,0.0,0.0,81.7,,,,31,,82.0,0.0
15385,2026-01-01,31,0,0.0,0.0,71.1,,,,31,,71.0,0.0
15385,2026-02-01,28,0,0.0,0.0,80.1,,,,31,,80.0,0.0
15385,2026-03-01,31,0,0.0,0.0,70.6,,,,31,,71.0,0.0
15385,2026-04-01,30,0,0.0,0.0,75.3,,,,31,,75.0,0.0
15385,2026-05-01,31,0,0.0,0.0,69.7,,,,31,,70.0,0.0
15385,2026-06-01,29,1,0.033,74.0,73.3,74.0,1,1,31,74.0,73.0,74.0
945297,2025-07-01,15,16,0.516,1670.0,103.0,104.4,215,45,30,104.0,103.0,1670.0
945297,2025-08-01,2,29,0.935,2871.0,98.4,99.0,,,30,99.0,98.0,2871.0
945297,2025-09-01,0,30,1.0,2789.0,93.0,93.0,227,30,30,93.0,93.0,2789.0
945297,2025-10-01,27,4,0.129,392.0,110.2,98.0,17,2,30,98.0,110.0,392.0
945297,2025-11-01,27,3,0.1,301.0,113.3,100.3,36,3,30,100.0,113.0,301.0
945297,2025-12-01,17,14,0.452,1517.0,107.6,108.4,127,5,30,108.0,108.0,1517.0
945297,2026-01-01,29,2,0.065,208.0,95.0,104.0,,,30,104.0,95.0,208.0
945297,2026-02-01,28,0,0.0,0.0,106.0,,,,30,,106.0,0.0
945297,2026-03-01,31,0,0.0,0.0,112.4,,,,30,,112.0,0.0
945297,2026-04-01,30,0,0.0,0.0,112.1,,,,30,,112.0,0.0
945297,2026-05-01,31,0,0.0,0.0,116.9,,,,30,,117.0,0.0
945297,2026-06-01,29,1,0.033,125.0,124.6,125.0,96,1,30,125.0,125.0,125.0
128975,2025-07-01,14,17,0.548,1703.0,100.9,100.2,,,30,100.0,101.0,1703.0
128975,2025-08-01,31,0,0.0,0.0,102.1,,,,30,,102.0,0.0
128975,2025-09-01,30,0,0.0,0.0,97.8,,,,30,,98.0,0.0
128975,2025-10-01,31,0,0.0,0.0,98.6,,,,30,,99.0,0.0
128975,2025-11-01,30,0,0.0,0.0,92.5,,,,30,,93.0,0.0
128975,2025-12-01,31,0,0.0,0.0,93.3,,,,30,,93.0,0.0
128975,2026-01-01,31,0,0.0,0.0,95.7,,,,30,,96.0,0.0
128975,2026-02-01,28,0,0.0,0.0,98.6,,,,30,,99.0,0.0
128975,2026-03-01,31,0,0.0,0.0,100.1,,,,30,,100.0,0.0
128975,2026-04-01,30,0,0.0,0.0,100.6,,,,30,,101.0,0.0
128975,2026-05-01,31,0,0.0,0.0,101.7,,,,30,,102.0,0.0
128975,2026-06-01,30,0,0.0,0.0,100.0,,,,30,,100.0,0.0
600775,2025-07-01,0,31,1.0,2126.0,68.6,68.6,,,30,69.0,69.0,2126.0
600775,2025-08-01,28,3,0.097,187.0,55.5,62.3,,,30,62.0,56.0,187.0
600775,2025-09-01,9,21,0.7,1256.0,60.2,59.8,26,3,30,60.0,60.0,1256.0
600775,2025-10-01,15,16,0.516,1042.0,63.2,65.1,23,8,30,65.0,63.0,1042.0
600775,2025-11-01,27,3,0.1,180.0,63.7,60.0,48,3,30,60.0,64.0,180.0
600775,2025-12-01,31,0,0.0,0.0,63.2,,,,30,,63.0,0.0
600775,2026-01-01,31,0,0.0,0.0,66.1,,,,30,,66.0,0.0
600775,2026-02-01,28,0,0.0,0.0,67.8,,,,30,,68.0,0.0
600775,2026-03-01,31,0,0.0,0.0,70.3,,,,30,,70.0,0.0
600775,2026-04-01,22,8,0.267,531.0,67.8,66.4,1,8,30,66.0,68.0,531.0
600775,2026-05-01,31,0,0.0,0.0,68.4,,,,30,,68.0,0.0
600775,2026-06-01,27,3,0.1,209.0,70.4,69.7,40,4,30,70.0,70.0,209.0
245574,2025-07-01,31,0,0.0,0.0,215.5,,,,2,,216.0,0.0
245574,2025-08-01,25,6,0.194,1564.0,203.2,260.7,295,11,2,261.0,203.0,1564.0
245574,2025-09-01,10,20,0.667,5255.0,275.2,262.8,19,5,2,263.0,275.0,5255.0
245574,2025-10-01,20,11,0.355,3227.0,290.3,293.4,11,4,2,293.0,290.0,3227.0
245574,2025-11-01,29,1,0.033,289.0,297.5,289.0,,,2,289.0,298.0,289.0
245574,2025-12-01,16,15,0.484,4547.0,306.9,303.1,28,5,2,303.0,307.0,4547.0
245574,2026-01-01,31,0,0.0,0.0,284.1,,,,2,,284.0,0.0
245574,2026-02-01,28,0,0.0,0.0,352.1,,,,2,,352.0,0.0
245574,2026-03-01,31,0,0.0,0.0,365.6,,,,2,,366.0,0.0
245574,2026-04-01,30,0,0.0,0.0,372.5,,,,2,,373.0,0.0
245574,2026-05-01,31,0,0.0,0.0,377.5,,,,2,,378.0,0.0
245574,2026-06-01,30,0,0.0,0.0,271.2,,,,2,,271.0,0.0
373618,2025-07-01,24,7,0.226,2810.0,402.5,401.4,2,3,2,401.0,403.0,2810.0
373618,2025-08-01,24,7,0.226,2266.0,326.7,323.7,6,3,2,324.0,327.0,2266.0
373618,2025-09-01,9,21,0.7,6689.0,322.5,318.5,13,2,2,319.0,323.0,6689.0
373618,2025-10-01,8,23,0.742,7920.0,351.2,344.3,21,9,2,344.0,351.0,7920.0
373618,2025-11-01,18,12,0.4,3906.0,333.4,325.5,27,4,2,326.0,333.0,3906.0
373618,2025-12-01,16,15,0.484,4665.0,309.9,311.0,38,7,2,311.0,310.0,4665.0
373618,2026-01-01,30,1,0.032,325.0,331.2,325.0,,,2,325.0,331.0,325.0
373618,2026-02-01,25,3,0.107,1165.0,359.4,388.3,1,3,2,388.0,359.0,1165.0
373618,2026-03-01,31,0,0.0,0.0,382.9,,,,2,,383.0,0.0
373618,2026-04-01,26,4,0.133,1666.0,412.0,416.5,18,2,2,417.0,412.0,1666.0
373618,2026-05-01,20,11,0.355,4080.0,376.2,370.9,47,5,2,371.0,376.0,4080.0
373618,2026-06-01,30,0,0.0,0.0,412.6,,,,2,,413.0,0.0
983625,2025-07-01,31,0,0.0,0.0,175.3,,,,30,,175.0,0.0
983625,2025-08-01,31,0,0.0,0.0,166.4,,,,30,,166.0,0.0
983625,2025-09-01,5,25,0.833,3774.0,152.2,151.0,142,76,30,151.0,152.0,3774.0
983625,2025-10-01,0,31,1.0,4534.0,146.3,146.3,,,30,146.0,146.0,4534.0
983625,2025-11-01,10,20,0.667,2884.0,142.1,144.2,,,30,144.0,142.0,2884.0
983625,2025-12-01,31,0,0.0,0.0,125.6,,,,30,,126.0,0.0
983625,2026-01-01,30,1,0.032,108.0,116.9,108.0,63,35,30,108.0,117.0,108.0
983625,2026-02-01,0,28,1.0,3141.0,112.2,112.2,,,30,112.0,112.0,3141.0
983625,2026-03-01,1,30,0.968,3339.0,111.3,111.3,99,38,30,111.0,111.0,3339.0
983625,2026-04-01,1,29,0.967,3041.0,104.8,104.9,27,30,30,105.0,105.0,3041.0
983625,2026-05-01,16,15,0.484,1647.0,110.7,109.8,,,30,110.0,111.0,1647.0
983625,2026-06-01,30,0,0.0,0.0,112.3,,,,30,,112.0,0.0
1063020,2025-07-01,31,0,0.0,0.0,138.1,,,,31,,138.0,0.0
1063020,2025-08-01,31,0,0.0,0.0,141.6,,,,31,,142.0,0.0
1063020,2025-09-01,30,0,0.0,0.0,144.2,,,,31,,144.0,0.0
1063020,2025-10-01,31,0,0.0,0.0,149.3,,,,31,,149.0,0.0
1063020,2025-11-01,30,0,0.0,0.0,150.1,,,,31,,150.0,0.0
1063020,2025-12-01,31,0,0.0,0.0,151.9,,,,31,,152.0,0.0
1063020,2026-01-01,31,0,0.0,0.0,162.5,,,,31,,163.0,0.0
1063020,2026-02-01,28,0,0.0,0.0,178.5,,,,31,,179.0,0.0
1063020,2026-03-01,31,0,0.0,0.0,190.9,,,,31,,191.0,0.0
1063020,2026-04-01,30,0,0.0,0.0,185.2,,,,31,,185.0,0.0
1063020,2026-05-01,31,0,0.0,0.0,184.7,,,,31,,185.0,0.0
1063020,2026-06-01,15,15,0.5,2739.0,184.3,182.6,1,40,31,183.0,184.0,2739.0
294259,2025-07-01,28,3,0.097,1231.0,395.5,410.3,39,3,1,410.0,396.0,1231.0
294259,2025-08-01,17,14,0.452,5652.0,404.1,403.7,1,14,1,404.0,404.0,5652.0
294259,2025-09-01,20,10,0.333,4338.0,413.8,433.8,37,10,1,434.0,414.0,4338.0
294259,2025-10-01,28,3,0.097,1490.0,473.6,496.7,160,3,1,497.0,474.0,1490.0
294259,2025-11-01,30,0,0.0,0.0,455.4,,,,1,,455.0,0.0
294259,2025-12-01,31,0,0.0,0.0,457.7,,,,1,,458.0,0.0
294259,2026-01-01,31,0,0.0,0.0,402.2,,,,1,,402.0,0.0
294259,2026-02-01,28,0,0.0,0.0,464.5,,,,1,,465.0,0.0
294259,2026-03-01,23,8,0.258,3743.0,477.1,467.9,1,8,1,468.0,477.0,3743.0
294259,2026-04-01,16,14,0.467,6076.0,439.9,434.0,1,14,1,434.0,440.0,6076.0
294259,2026-05-01,25,6,0.194,3144.0,530.1,524.0,17,3,1,524.0,530.0,3144.0
294259,2026-06-01,27,3,0.1,2127.0,617.6,709.0,71,3,1,709.0,618.0,2127.0
571564,2025-07-01,20,11,0.355,728.0,75.6,66.2,1,13,30,66.0,76.0,728.0
571564,2025-08-01,29,2,0.065,126.0,61.3,63.0,,,30,63.0,61.0,126.0
571564,2025-09-01,30,0,0.0,0.0,61.8,,,,30,,62.0,0.0
571564,2025-10-01,31,0,0.0,0.0,65.5,,,,30,,66.0,0.0
571564,2025-11-01,30,0,0.0,0.0,71.7,,,,30,,72.0,0.0
571564,2025-12-01,31,0,0.0,0.0,75.4,,,,30,,75.0,0.0
571564,2026-01-01,31,0,0.0,0.0,67.4,,,,30,,67.0,0.0
571564,2026-02-01,28,0,0.0,0.0,67.8,,,,30,,68.0,0.0
571564,2026-03-01,31,0,0.0,0.0,75.4,,,,30,,75.0,0.0
571564,2026-04-01,30,0,0.0,0.0,80.9,,,,30,,81.0,0.0
571564,2026-05-01,31,0,0.0,0.0,79.8,,,,30,,80.0,0.0
571564,2026-06-01,30,0,0.0,0.0,79.0,,,,30,,79.0,0.0
190974,2025-07-01,31,0,0.0,0.0,134.9,,,,30,,135.0,0.0
190974,2025-08-01,31,0,0.0,0.0,137.3,,,,30,,137.0,0.0
190974,2025-09-01,30,0,0.0,0.0,137.1,,,,30,,137.0,0.0
190974,2025-10-01,31,0,0.0,0.0,136.3,,,,30,,136.0,0.0
190974,2025-11-01,30,0,0.0,0.0,135.5,,,,30,,136.0,0.0
190974,2025-12-01,31,0,0.0,0.0,134.9,,,,30,,135.0,0.0
190974,2026-01-01,31,0,0.0,0.0,133.5,,,,30,,134.0,0.0
190974,2026-02-01,28,0,0.0,0.0,133.5,,,,30,,134.0,0.0
190974,2026-03-01,31,0,0.0,0.0,135.5,,,,30,,136.0,0.0
190974,2026-04-01,30,0,0.0,0.0,134.2,,,,30,,134.0,0.0
190974,2026-05-01,31,0,0.0,0.0,136.8,,,,30,,137.0,0.0
190974,2026-06-01,20,10,0.333,1319.0,133.2,131.9,1,10,30,132.0,133.0,1319.0
146726,2025-07-01,24,7,0.226,1288.0,183.4,184.0,1,6,30,184.0,183.0,1288.0
146726,2025-08-01,24,7,0.226,1270.0,186.8,181.4,1,6,30,181.0,187.0,1270.0
146726,2025-09-01,24,6,0.2,1122.0,188.5,187.0,1,6,30,187.0,189.0,1122.0
146726,2025-10-01,28,3,0.097,572.0,190.4,190.7,,,30,191.0,190.0,572.0
146726,2025-11-01,30,0,0.0,0.0,189.8,,,,30,,190.0,0.0
146726,2025-12-01,31,0,0.0,0.0,183.5,,,,30,,184.0,0.0
146726,2026-01-01,31,0,0.0,0.0,189.3,,,,30,,189.0,0.0
146726,2026-02-01,28,0,0.0,0.0,197.7,,,,30,,198.0,0.0
146726,2026-03-01,26,5,0.161,1015.0,203.3,203.0,1,6,30,203.0,203.0,1015.0
146726,2026-04-01,29,1,0.033,200.0,199.3,200.0,,,30,200.0,199.0,200.0
146726,2026-05-01,31,0,0.0,0.0,194.1,,,,30,,194.0,0.0
146726,2026-06-01,30,0,0.0,0.0,195.8,,,,30,,196.0,0.0
483414,2025-07-01,0,31,1.0,1536.0,49.5,49.5,105,45,30,50.0,50.0,1536.0
483414,2025-08-01,0,31,1.0,1565.0,50.5,50.5,120,24,30,51.0,51.0,1565.0
483414,2025-09-01,8,22,0.733,1209.0,54.5,55.0,27,7,30,55.0,55.0,1209.0
483414,2025-10-01,31,0,0.0,0.0,56.5,,,,30,,57.0,0.0
483414,2025-11-01,30,0,0.0,0.0,51.3,,,,30,,51.0,0.0
483414,2025-12-01,31,0,0.0,0.0,53.5,,,,30,,54.0,0.0
483414,2026-01-01,31,0,0.0,0.0,52.5,,,,30,,53.0,0.0
483414,2026-02-01,28,0,0.0,0.0,54.8,,,,30,,55.0,0.0
483414,2026-03-01,31,0,0.0,0.0,54.7,,,,30,,55.0,0.0
483414,2026-04-01,30,0,0.0,0.0,54.0,,,,30,,54.0,0.0
483414,2026-05-01,31,0,0.0,0.0,54.4,,,,30,,54.0,0.0
483414,2026-06-01,30,0,0.0,0.0,54.0,,,,30,,54.0,0.0
39282,2025-07-01,18,13,0.419,2301.0,173.8,177.0,23,23,4,177.0,174.0,2301.0
39282,2025-08-01,7,24,0.774,4098.0,171.5,170.8,31,7,4,171.0,172.0,4098.0
39282,2025-09-01,6,24,0.8,4161.0,173.9,173.4,57,9,4,173.0,174.0,4161.0
39282,2025-10-01,0,31,1.0,5617.0,181.2,181.2,30,9,4,181.0,181.0,5617.0
39282,2025-11-01,4,26,0.867,4809.0,184.2,185.0,56,12,4,185.0,184.0,4809.0
39282,2025-12-01,2,29,0.935,5897.0,202.9,203.3,25,6,4,203.0,203.0,5897.0
39282,2026-01-01,1,30,0.968,4987.0,165.9,166.2,1,35,4,166.0,166.0,4987.0
39282,2026-02-01,14,14,0.5,2843.0,196.0,203.1,,,4,203.0,196.0,2843.0
39282,2026-03-01,13,18,0.581,3442.0,193.3,191.2,7,9,4,191.0,193.0,3442.0
39282,2026-04-01,19,11,0.367,2190.0,204.2,199.1,12,2,4,199.0,204.0,2190.0
39282,2026-05-01,8,23,0.742,5111.0,222.2,222.2,17,6,4,222.0,222.0,5111.0
39282,2026-06-01,9,21,0.7,4743.0,230.6,225.9,64,7,4,226.0,231.0,4743.0
274743,2025-07-01,31,0,0.0,0.0,99.0,,,,30,,99.0,0.0
274743,2025-08-01,31,0,0.0,0.0,99.9,,,,30,,100.0,0.0
274743,2025-09-01,30,0,0.0,0.0,99.0,,,,30,,99.0,0.0
274743,2025-10-01,31,0,0.0,0.0,98.8,,,,30,,99.0,0.0
274743,2025-11-01,30,0,0.0,0.0,98.3,,,,30,,98.0,0.0
274743,2025-12-01,31,0,0.0,0.0,92.6,,,,30,,93.0,0.0
274743,2026-01-01,31,0,0.0,0.0,88.1,,,,30,,88.0,0.0
274743,2026-02-01,28,0,0.0,0.0,103.4,,,,30,,103.0,0.0
274743,2026-03-01,31,0,0.0,0.0,107.5,,,,30,,108.0,0.0
274743,2026-04-01,30,0,0.0,0.0,111.0,,,,30,,111.0,0.0
274743,2026-05-01,31,0,0.0,0.0,119.7,,,,30,,120.0,0.0
274743,2026-06-01,16,14,0.467,1849.0,134.7,132.1,1,14,30,132.0,135.0,1849.0
25406,2026-03-01,31,0,0.0,0.0,124.1,,,,30,,124.0,0.0
25406,2026-04-01,30,0,0.0,0.0,122.8,,,,30,,123.0,0.0
25406,2026-05-01,31,0,0.0,0.0,122.9,,,,30,,123.0,0.0
25406,2026-06-01,30,0,0.0,0.0,122.4,,,,30,,122.0,0.0
18728,2025-07-01,9,22,0.71,3611.0,164.6,164.1,156,47,30,164.0,165.0,3611.0
18728,2025-08-01,6,25,0.806,4197.0,171.7,167.9,,,30,168.0,172.0,4197.0
18728,2025-09-01,25,5,0.167,936.0,184.2,187.2,30,5,30,187.0,184.0,936.0
18728,2025-10-01,31,0,0.0,0.0,190.9,,,,30,,191.0,0.0
18728,2025-11-01,20,10,0.333,1941.0,178.5,194.1,33,10,30,194.0,179.0,1941.0
18728,2025-12-01,31,0,0.0,0.0,183.2,,,,30,,183.0,0.0
18728,2026-01-01,31,0,0.0,0.0,161.2,,,,30,,161.0,0.0
18728,2026-02-01,23,5,0.179,871.0,172.6,174.2,21,5,30,174.0,173.0,871.0
18728,2026-03-01,26,5,0.161,855.0,165.2,171.0,42,5,30,171.0,165.0,855.0
18728,2026-04-01,30,0,0.0,0.0,163.5,,,,30,,164.0,0.0
18728,2026-05-01,31,0,0.0,0.0,170.5,,,,30,,171.0,0.0
18728,2026-06-01,21,9,0.3,1517.0,173.9,168.6,90,65,30,169.0,174.0,1517.0
739242,2025-07-01,0,31,1.0,6550.0,211.3,211.3,,,30,211.0,211.0,6550.0
739242,2025-08-01,28,3,0.097,644.0,210.4,214.7,,,30,215.0,210.0,644.0
739242,2025-09-01,30,0,0.0,0.0,212.7,,,,30,,213.0,0.0
739242,2025-10-01,31,0,0.0,0.0,211.2,,,,30,,211.0,0.0
739242,2025-11-01,30,0,0.0,0.0,202.9,,,,30,,203.0,0.0
739242,2025-12-01,31,0,0.0,0.0,194.5,,,,30,,195.0,0.0
739242,2026-01-01,31,0,0.0,0.0,192.2,,,,30,,192.0,0.0
739242,2026-02-01,28,0,0.0,0.0,220.4,,,,30,,220.0,0.0
739242,2026-03-01,31,0,0.0,0.0,228.7,,,,30,,229.0,0.0
739242,2026-04-01,30,0,0.0,0.0,235.4,,,,30,,235.0,0.0
739242,2026-05-01,31,0,0.0,0.0,253.9,,,,30,,254.0,0.0
739242,2026-06-01,30,0,0.0,0.0,255.2,,,,30,,255.0,0.0
16580,2025-07-01,1,30,0.968,7164.0,235.6,238.8,14,3,1,239.0,236.0,7164.0
16580,2025-08-01,6,25,0.806,5470.0,208.3,218.8,46,5,1,219.0,208.0,5470.0
16580,2025-09-01,3,27,0.9,6652.0,249.6,246.4,74,5,1,246.0,250.0,6652.0
16580,2025-10-01,0,31,1.0,8011.0,258.4,258.4,80,3,1,258.0,258.0,8011.0
16580,2025-11-01,18,12,0.4,3058.0,233.5,254.8,42,2,1,255.0,234.0,3058.0
16580,2025-12-01,5,26,0.839,6503.0,250.7,250.1,62,3,1,250.0,251.0,6503.0
16580,2026-01-01,8,23,0.742,3539.0,154.5,153.9,19,5,2,154.0,155.0,3539.0
16580,2026-02-01,4,24,0.857,3967.0,159.9,165.3,24,6,2,165.0,160.0,3967.0
16580,2026-03-01,4,27,0.871,4579.0,171.0,169.6,15,3,2,170.0,171.0,4579.0
16580,2026-04-01,9,21,0.7,4800.0,225.5,228.6,18,3,2,229.0,226.0,4800.0
16580,2026-05-01,26,5,0.161,1291.0,255.8,258.2,55,3,2,258.0,256.0,1291.0
16580,2026-06-01,25,5,0.167,1389.0,275.2,277.8,158,5,2,278.0,275.0,1389.0
301034,2025-07-01,0,31,1.0,2912.0,93.9,93.9,,,30,94.0,94.0,2912.0
301034,2025-08-01,0,31,1.0,2853.0,92.0,92.0,,,30,92.0,92.0,2853.0
301034,2025-09-01,29,1,0.033,84.0,91.4,84.0,,,30,84.0,91.0,84.0
301034,2025-10-01,31,0,0.0,0.0,120.3,,,,30,,120.0,0.0
301034,2025-11-01,30,0,0.0,0.0,126.4,,,,30,,126.0,0.0
301034,2025-12-01,31,0,0.0,0.0,127.5,,,,30,,128.0,0.0
301034,2026-01-01,31,0,0.0,0.0,128.3,,,,30,,128.0,0.0
301034,2026-02-01,28,0,0.0,0.0,154.8,,,,30,,155.0,0.0
301034,2026-03-01,31,0,0.0,0.0,159.4,,,,30,,159.0,0.0
301034,2026-04-01,30,0,0.0,0.0,158.9,,,,30,,159.0,0.0
301034,2026-05-01,31,0,0.0,0.0,155.4,,,,30,,155.0,0.0
301034,2026-06-01,30,0,0.0,0.0,152.3,,,,30,,152.0,0.0
310524,2025-07-01,7,24,0.774,3829.0,159.6,159.5,14,4,2,160.0,160.0,3829.0
310524,2025-08-01,14,17,0.548,2802.0,162.1,164.8,13,2,2,165.0,162.0,2802.0
310524,2025-09-01,4,26,0.867,4130.0,159.3,158.8,68,4,2,159.0,159.0,4130.0
310524,2025-10-01,2,29,0.935,4912.0,169.0,169.4,53,3,2,169.0,169.0,4912.0
310524,2025-11-01,12,18,0.6,3083.0,166.8,171.3,26,3,2,171.0,167.0,3083.0
310524,2025-12-01,12,19,0.613,3082.0,161.0,162.2,66,2,2,162.0,161.0,3082.0
310524,2026-01-01,24,7,0.226,1186.0,166.8,169.4,25,6,2,169.0,167.0,1186.0
310524,2026-02-01,26,2,0.071,371.0,172.7,185.5,2,2,2,186.0,173.0,371.0
310524,2026-03-01,31,0,0.0,0.0,170.6,,,,2,,171.0,0.0
310524,2026-04-01,13,17,0.567,3091.0,180.2,181.8,46,5,2,182.0,180.0,3091.0
310524,2026-05-01,11,20,0.645,3437.0,177.6,171.8,45,5,2,172.0,178.0,3437.0
310524,2026-06-01,24,6,0.2,985.0,174.3,164.2,70,3,2,164.0,174.0,985.0
773885,2025-07-01,0,31,1.0,4688.0,151.2,151.2,,,30,151.0,151.0,4688.0
773885,2025-08-01,0,31,1.0,4528.0,146.1,146.1,15,54,30,146.0,146.0,4528.0
773885,2025-09-01,4,26,0.867,3731.0,143.0,143.5,,,30,144.0,143.0,3731.0
773885,2025-10-01,31,0,0.0,0.0,143.7,,,,30,,144.0,0.0
773885,2025-11-01,30,0,0.0,0.0,147.9,,,,30,,148.0,0.0
773885,2025-12-01,31,0,0.0,0.0,145.1,,,,30,,145.0,0.0
773885,2026-01-01,31,0,0.0,0.0,136.6,,,,30,,137.0,0.0
232612,2025-07-01,0,31,1.0,4279.0,138.0,138.0,45,2,2,138.0,138.0,4279.0
232612,2025-08-01,0,31,1.0,5059.0,163.2,163.2,93,5,2,163.0,163.0,5059.0
232612,2025-09-01,1,29,0.967,4547.0,156.8,156.8,132,8,2,157.0,157.0,4547.0
232612,2025-10-01,2,29,0.935,4152.0,143.4,143.2,104,4,2,143.0,143.0,4152.0
232612,2025-11-01,0,30,1.0,3968.0,132.3,132.3,115,3,2,132.0,132.0,3968.0
232612,2025-12-01,1,30,0.968,4268.0,142.3,142.3,181,4,2,142.0,142.0,4268.0
232612,2026-01-01,2,29,0.935,3767.0,129.8,129.9,89,5,3,130.0,130.0,3767.0
232612,2026-02-01,7,21,0.75,3215.0,148.9,153.1,75,3,2,153.0,149.0,3215.0
232612,2026-03-01,4,27,0.871,4197.0,154.0,155.4,176,6,2,155.0,154.0,4197.0
232612,2026-04-01,4,26,0.867,3844.0,147.0,147.8,194,3,2,148.0,147.0,3844.0
232612,2026-05-01,8,23,0.742,3654.0,160.2,158.9,191,5,3,159.0,160.0,3654.0
232612,2026-06-01,18,12,0.4,2036.0,170.8,169.7,186,3,2,170.0,171.0,2036.0
940116,2025-07-01,15,16,0.516,821.0,52.3,51.3,90,1,30,51.0,52.0,821.0
940116,2025-08-01,31,0,0.0,0.0,52.3,,,,30,,52.0,0.0
940116,2025-09-01,15,15,0.5,881.0,54.9,58.7,61,7,30,59.0,55.0,881.0
940116,2025-10-01,15,16,0.516,966.0,60.9,60.4,1,16,30,60.0,61.0,966.0
940116,2025-11-01,14,16,0.533,1064.0,62.6,66.5,1,16,30,67.0,63.0,1064.0
940116,2025-12-01,31,0,0.0,0.0,59.6,,,,30,,60.0,0.0
940116,2026-01-01,31,0,0.0,0.0,58.3,,,,30,,58.0,0.0
940116,2026-02-01,20,8,0.286,490.0,60.0,61.2,165,8,30,61.0,60.0,490.0
940116,2026-03-01,31,0,0.0,0.0,64.5,,,,30,,65.0,0.0
940116,2026-04-01,2,28,0.933,1817.0,64.8,64.9,1,35,30,65.0,65.0,1817.0
940116,2026-05-01,24,7,0.226,421.0,58.8,60.1,,,30,60.0,59.0,421.0
940116,2026-06-01,30,0,0.0,0.0,58.2,,,,30,,58.0,0.0
58059,2025-07-01,31,0,0.0,0.0,44.4,,,,30,,44.0,0.0
58059,2025-08-01,12,19,0.613,887.0,45.5,46.7,178,25,30,47.0,46.0,887.0
58059,2025-09-01,0,30,1.0,1444.0,48.1,48.1,79,50,30,48.0,48.0,1444.0
58059,2025-10-01,3,28,0.903,1354.0,48.6,48.4,12,29,30,48.0,49.0,1354.0
58059,2025-11-01,3,27,0.9,1353.0,50.2,50.1,,,30,50.0,50.0,1353.0
58059,2025-12-01,24,7,0.226,348.0,50.7,49.7,108,7,30,50.0,51.0,348.0
58059,2026-01-01,31,0,0.0,0.0,51.0,,,,30,,51.0,0.0
58059,2026-02-01,28,0,0.0,0.0,54.3,,,,30,,54.0,0.0
58059,2026-03-01,31,0,0.0,0.0,55.5,,,,30,,56.0,0.0
58059,2026-04-01,30,0,0.0,0.0,58.2,,,,30,,58.0,0.0
58059,2026-05-01,31,0,0.0,0.0,57.3,,,,30,,57.0,0.0
58059,2026-06-01,30,0,0.0,0.0,57.9,,,,30,,58.0,0.0
1534212,2025-07-01,15,16,0.516,1867.0,116.6,116.7,1,23,30,117.0,117.0,1867.0
1534212,2025-08-01,19,12,0.387,1374.0,115.5,114.5,,,30,115.0,116.0,1374.0
1534212,2025-09-01,30,0,0.0,0.0,114.8,,,,30,,115.0,0.0
1534212,2025-10-01,31,0,0.0,0.0,110.0,,,,30,,110.0,0.0
1534212,2025-11-01,30,0,0.0,0.0,108.8,,,,30,,109.0,0.0
1534212,2025-12-01,31,0,0.0,0.0,104.8,,,,30,,105.0,0.0
1534212,2026-01-01,31,0,0.0,0.0,102.6,,,,30,,103.0,0.0
1534212,2026-02-01,28,0,0.0,0.0,109.5,,,,30,,110.0,0.0
1534212,2026-03-01,31,0,0.0,0.0,109.3,,,,30,,109.0,0.0
1534212,2026-04-01,30,0,0.0,0.0,116.3,,,,30,,116.0,0.0
1534212,2026-05-01,31,0,0.0,0.0,123.6,,,,30,,124.0,0.0
1534212,2026-06-01,30,0,0.0,0.0,123.4,,,,30,,123.0,0.0
100186,2025-07-01,1,30,0.968,4593.0,153.1,153.1,61,47,30,153.0,153.0,4593.0
100186,2025-08-01,7,24,0.774,3631.0,151.7,151.3,115,21,30,151.0,152.0,3631.0
100186,2025-09-01,16,14,0.467,1955.0,136.7,139.6,,,30,140.0,137.0,1955.0
100186,2025-10-01,22,9,0.29,1141.0,133.7,126.8,112,10,30,127.0,134.0,1141.0
100186,2025-11-01,1,29,0.967,3406.0,117.8,117.4,18,17,30,117.0,118.0,3406.0
100186,2025-12-01,0,31,1.0,3976.0,128.3,128.3,129,25,30,128.0,128.0,3976.0
100186,2026-01-01,25,6,0.194,723.0,126.3,120.5,123,5,30,121.0,126.0,723.0
100186,2026-02-01,28,0,0.0,0.0,142.5,,,,30,,143.0,0.0
100186,2026-03-01,29,2,0.065,293.0,139.7,146.5,1,1,30,147.0,140.0,293.0
100186,2026-04-01,17,13,0.433,1892.0,143.4,145.5,117,13,30,146.0,143.0,1892.0
100186,2026-05-01,7,24,0.774,3477.0,146.5,144.9,67,24,30,145.0,147.0,3477.0
100186,2026-06-01,5,25,0.833,3587.0,141.3,143.5,,,30,144.0,141.0,3587.0
227495,2025-07-01,0,31,1.0,5789.0,186.7,186.7,,,30,187.0,187.0,5789.0
227495,2025-08-01,4,27,0.871,4403.0,160.0,163.1,11,30,30,163.0,160.0,4403.0
227495,2025-09-01,6,24,0.8,3209.0,133.0,133.7,77,25,30,134.0,133.0,3209.0
227495,2025-10-01,26,5,0.161,713.0,131.0,142.6,,,30,143.0,131.0,713.0
227495,2025-11-01,30,0,0.0,0.0,117.6,,,,30,,118.0,0.0
227495,2025-12-01,31,0,0.0,0.0,92.0,,,,30,,92.0,0.0
227495,2026-01-01,31,0,0.0,0.0,105.0,,,,30,,105.0,0.0
227495,2026-02-01,28,0,0.0,0.0,156.4,,,,30,,156.0,0.0
227495,2026-03-01,31,0,0.0,0.0,179.2,,,,30,,179.0,0.0
227495,2026-04-01,30,0,0.0,0.0,191.8,,,,30,,192.0,0.0
227495,2026-05-01,31,0,0.0,0.0,186.7,,,,30,,187.0,0.0
227495,2026-06-01,30,0,0.0,0.0,186.0,,,,30,,186.0,0.0
162493,2025-07-01,25,6,0.194,3195.0,540.6,532.5,1,6,31,533.0,541.0,3195.0
162493,2025-08-01,31,0,0.0,0.0,536.4,,,,31,,536.0,0.0
162493,2025-09-01,30,0,0.0,0.0,540.0,,,,31,,540.0,0.0
162493,2025-10-01,31,0,0.0,0.0,544.0,,,,31,,544.0,0.0
162493,2025-11-01,30,0,0.0,0.0,526.8,,,,31,,527.0,0.0
162493,2025-12-01,31,0,0.0,0.0,520.8,,,,31,,521.0,0.0
162493,2026-01-01,31,0,0.0,0.0,527.1,,,,31,,527.0,0.0
162493,2026-02-01,22,6,0.214,3642.0,588.9,607.0,1,6,31,607.0,589.0,3642.0
162493,2026-03-01,31,0,0.0,0.0,679.1,,,,31,,679.0,0.0
162493,2026-04-01,30,0,0.0,0.0,662.8,,,,31,,663.0,0.0
162493,2026-05-01,31,0,0.0,0.0,611.5,,,,31,,612.0,0.0
162493,2026-06-01,30,0,0.0,0.0,591.4,,,,31,,591.0,0.0
29013,2025-07-01,0,31,1.0,2398.0,77.4,77.4,,,30,77.0,77.0,2398.0
29013,2025-08-01,2,29,0.935,2312.0,79.6,79.7,48,44,30,80.0,80.0,2312.0
29013,2025-09-01,2,28,0.933,2168.0,77.3,77.4,94,15,30,77.0,77.0,2168.0
29013,2025-10-01,28,3,0.097,235.0,77.8,78.3,,,30,78.0,78.0,235.0
29013,2025-11-01,8,22,0.733,1666.0,76.0,75.7,145,45,30,76.0,76.0,1666.0
29013,2025-12-01,8,23,0.742,1621.0,66.5,70.5,,,30,71.0,67.0,1621.0
29013,2026-01-01,24,7,0.226,421.0,59.3,60.1,97,7,30,60.0,59.0,421.0
29013,2026-02-01,28,0,0.0,0.0,61.3,,,,30,,61.0,0.0
29013,2026-03-01,31,0,0.0,0.0,60.4,,,,30,,60.0,0.0
29013,2026-04-01,1,29,0.967,1682.0,58.1,58.0,172,45,30,58.0,58.0,1682.0
29013,2026-05-01,0,31,1.0,1864.0,60.1,60.1,22,31,30,60.0,60.0,1864.0
29013,2026-06-01,14,16,0.533,1017.0,64.4,63.6,,,30,64.0,64.0,1017.0
819228,2025-07-01,31,0,0.0,0.0,71.7,,,,30,,72.0,0.0
819228,2025-08-01,31,0,0.0,0.0,70.6,,,,30,,71.0,0.0
819228,2025-09-01,30,0,0.0,0.0,80.0,,,,30,,80.0,0.0
819228,2025-10-01,31,0,0.0,0.0,80.8,,,,30,,81.0,0.0
819228,2025-11-01,30,0,0.0,0.0,77.9,,,,30,,78.0,0.0
819228,2025-12-01,31,0,0.0,0.0,73.0,,,,30,,73.0,0.0
819228,2026-01-01,31,0,0.0,0.0,75.9,,,,30,,76.0,0.0
819228,2026-02-01,28,0,0.0,0.0,82.3,,,,30,,82.0,0.0
819228,2026-03-01,31,0,0.0,0.0,80.7,,,,30,,81.0,0.0
819228,2026-04-01,30,0,0.0,0.0,79.5,,,,30,,80.0,0.0
819228,2026-05-01,31,0,0.0,0.0,79.3,,,,30,,79.0,0.0
819228,2026-06-01,16,14,0.467,1147.0,80.9,81.9,5,35,30,82.0,81.0,1147.0
272026,2025-07-01,5,26,0.839,2257.0,86.7,86.8,24,31,95,87.0,87.0,2257.0
272026,2025-08-01,21,10,0.323,843.0,83.6,84.3,,,30,84.0,84.0,843.0
272026,2025-09-01,30,0,0.0,0.0,85.9,,,,30,,86.0,0.0
272026,2025-10-01,31,0,0.0,0.0,84.1,,,,30,,84.0,0.0
272026,2025-11-01,30,0,0.0,0.0,83.4,,,,30,,83.0,0.0
272026,2025-12-01,31,0,0.0,0.0,84.1,,,,30,,84.0,0.0
272026,2026-01-01,31,0,0.0,0.0,85.5,,,,30,,86.0,0.0
272026,2026-02-01,28,0,0.0,0.0,86.8,,,,30,,87.0,0.0
272026,2026-03-01,31,0,0.0,0.0,87.1,,,,30,,87.0,0.0
272026,2026-04-01,30,0,0.0,0.0,88.2,,,,30,,88.0,0.0
272026,2026-05-01,31,0,0.0,0.0,87.8,,,,30,,88.0,0.0
272026,2026-06-01,30,0,0.0,0.0,87.6,,,,30,,88.0,0.0
115535,2025-07-01,31,0,0.0,0.0,55.9,,,,30,,56.0,0.0
115535,2025-08-01,31,0,0.0,0.0,55.5,,,,30,,56.0,0.0
115535,2025-09-01,30,0,0.0,0.0,55.7,,,,30,,56.0,0.0
115535,2025-10-01,31,0,0.0,0.0,48.1,,,,30,,48.0,0.0
115535,2025-11-01,30,0,0.0,0.0,47.0,,,,30,,47.0,0.0
115535,2025-12-01,31,0,0.0,0.0,48.0,,,,30,,48.0,0.0
115535,2026-01-01,31,0,0.0,0.0,47.1,,,,30,,47.0,0.0
115535,2026-02-01,28,0,0.0,0.0,42.5,,,,30,,43.0,0.0
115535,2026-03-01,31,0,0.0,0.0,42.6,,,,30,,43.0,0.0
115535,2026-04-01,30,0,0.0,0.0,42.1,,,,30,,42.0,0.0
115535,2026-05-01,31,0,0.0,0.0,42.7,,,,30,,43.0,0.0
115535,2026-06-01,20,10,0.333,466.0,46.1,46.6,9,269,30,47.0,46.0,466.0
439870,2025-07-01,31,0,0.0,0.0,434.8,,,,34,,435.0,0.0
439870,2025-08-01,31,0,0.0,0.0,434.9,,,,30,,435.0,0.0
439870,2025-09-01,30,0,0.0,0.0,434.0,,,,30,,434.0,0.0
439870,2025-10-01,31,0,0.0,0.0,427.2,,,,30,,427.0,0.0
439870,2025-11-01,30,0,0.0,0.0,427.4,,,,30,,427.0,0.0
439870,2025-12-01,31,0,0.0,0.0,434.3,,,,30,,434.0,0.0
439870,2026-01-01,31,0,0.0,0.0,405.8,,,,30,,406.0,0.0
439870,2026-02-01,28,0,0.0,0.0,461.4,,,,30,,461.0,0.0
439870,2026-03-01,31,0,0.0,0.0,464.0,,,,30,,464.0,0.0
439870,2026-04-01,30,0,0.0,0.0,446.9,,,,30,,447.0,0.0
439870,2026-05-01,31,0,0.0,0.0,460.6,,,,30,,461.0,0.0
439870,2026-06-01,17,13,0.433,6193.0,473.7,476.4,1,13,30,476.0,474.0,6193.0
170761,2025-07-01,7,24,0.774,2712.0,111.7,113.0,64,2,1,113.0,112.0,2712.0
170761,2025-08-01,6,25,0.806,2784.0,110.8,111.4,50,3,2,111.0,111.0,2784.0
170761,2025-09-01,3,27,0.9,3304.0,122.6,122.4,102,3,2,122.0,123.0,3304.0
170761,2025-10-01,3,28,0.903,3380.0,120.2,120.7,101,3,2,121.0,120.0,3380.0
170761,2025-11-01,4,26,0.867,2774.0,106.4,106.7,79,4,2,107.0,106.0,2774.0
170761,2025-12-01,0,31,1.0,3735.0,120.5,120.5,69,2,2,121.0,121.0,3735.0
170761,2026-01-01,12,19,0.613,2209.0,117.8,116.3,40,9,2,116.0,118.0,2209.0
170761,2026-02-01,19,9,0.321,1143.0,129.3,127.0,12,4,2,127.0,129.0,1143.0
170761,2026-03-01,6,25,0.806,3242.0,131.4,129.7,37,3,2,130.0,131.0,3242.0
170761,2026-04-01,7,23,0.767,3119.0,135.7,135.6,63,2,2,136.0,136.0,3119.0
170761,2026-05-01,2,29,0.935,3780.0,130.8,130.3,110,3,2,130.0,131.0,3780.0
170761,2026-06-01,6,24,0.8,4319.0,185.7,180.0,96,3,2,180.0,186.0,4319.0
748118,2025-07-01,19,12,0.387,3249.0,273.4,270.8,28,10,17,271.0,273.0,3249.0
748118,2025-08-01,28,3,0.097,862.0,281.5,287.3,51,3,3,287.0,282.0,862.0
748118,2025-09-01,16,14,0.467,3847.0,272.8,274.8,88,4,2,275.0,273.0,3847.0
748118,2025-10-01,31,0,0.0,0.0,276.3,,,,3,,276.0,0.0
748118,2025-11-01,30,0,0.0,0.0,273.4,,,,3,,273.0,0.0
748118,2025-12-01,25,6,0.194,1594.0,266.8,265.7,12,4,3,266.0,267.0,1594.0
748118,2026-01-01,29,2,0.065,544.0,272.2,272.0,,,3,272.0,272.0,544.0
748118,2026-02-01,28,0,0.0,0.0,321.2,,,,3,,321.0,0.0
748118,2026-03-01,26,5,0.161,1808.0,355.2,361.6,18,2,3,362.0,355.0,1808.0
748118,2026-04-01,30,0,0.0,0.0,366.5,,,,3,,367.0,0.0
748118,2026-05-01,26,5,0.161,1830.0,368.5,366.0,87,5,3,366.0,369.0,1830.0
748118,2026-06-01,19,11,0.367,4072.0,370.4,370.2,55,3,3,370.0,370.0,4072.0
645075,2025-07-01,5,26,0.839,4821.0,185.9,185.4,91,4,2,185.0,186.0,4821.0
645075,2025-08-01,2,29,0.935,5240.0,180.5,180.7,127,7,2,181.0,181.0,5240.0
645075,2025-09-01,0,30,1.0,5778.0,192.6,192.6,164,7,2,193.0,193.0,5778.0
645075,2025-10-01,3,28,0.903,5028.0,178.9,179.6,167,4,2,180.0,179.0,5028.0
645075,2025-11-01,5,25,0.833,4438.0,180.0,177.5,86,2,2,178.0,180.0,4438.0
645075,2025-12-01,4,27,0.871,4832.0,179.1,179.0,127,2,2,179.0,179.0,4832.0
645075,2026-01-01,25,6,0.194,1082.0,180.3,180.3,12,3,2,180.0,180.0,1082.0
645075,2026-02-01,11,17,0.607,3384.0,194.0,199.1,61,8,2,199.0,194.0,3384.0
645075,2026-03-01,0,31,1.0,6128.0,197.7,197.7,68,3,2,198.0,198.0,6128.0
645075,2026-04-01,1,29,0.967,5590.0,193.0,192.8,137,4,2,193.0,193.0,5590.0
645075,2026-05-01,1,30,0.968,5581.0,186.3,186.0,114,11,2,186.0,186.0,5581.0
645075,2026-06-01,5,25,0.833,5127.0,205.8,205.1,93,8,2,205.0,206.0,5127.0
292800,2025-07-01,31,0,0.0,0.0,246.5,,,,63,,247.0,0.0
292800,2025-08-01,15,16,0.516,3887.0,245.0,242.9,153,23,90,243.0,245.0,3887.0
292800,2025-09-01,0,30,1.0,7090.0,236.3,236.3,,,90,236.0,236.0,7090.0
292800,2025-10-01,16,15,0.484,3646.0,243.3,243.1,1,15,90,243.0,243.0,3646.0
292800,2025-11-01,30,0,0.0,0.0,238.2,,,,90,,238.0,0.0
292800,2025-12-01,1,30,0.968,7323.0,243.9,244.1,48,30,90,244.0,244.0,7323.0
292800,2026-01-01,12,19,0.613,4690.0,240.0,246.8,8,17,90,247.0,240.0,4690.0
292800,2026-02-01,13,15,0.536,3946.0,272.6,263.1,,,90,263.0,273.0,3946.0
292800,2026-03-01,31,0,0.0,0.0,296.0,,,,90,,296.0,0.0
292800,2026-04-01,30,0,0.0,0.0,319.8,,,,90,,320.0,0.0
292800,2026-05-01,31,0,0.0,0.0,341.9,,,,90,,342.0,0.0
292800,2026-06-01,30,0,0.0,0.0,316.3,,,,90,,316.0,0.0
55959,2025-07-01,0,31,1.0,5846.0,188.6,188.6,,,4,189.0,189.0,5846.0
55959,2025-08-01,11,20,0.645,3730.0,184.2,186.5,18,3,4,187.0,184.0,3730.0
55959,2025-09-01,1,29,0.967,5506.0,189.7,189.9,26,6,4,190.0,190.0,5506.0
55959,2025-10-01,3,28,0.903,5337.0,190.5,190.6,20,10,4,191.0,191.0,5337.0
55959,2025-11-01,0,30,1.0,6172.0,205.7,205.7,14,3,4,206.0,206.0,6172.0
55959,2025-12-01,4,27,0.871,5697.0,212.2,211.0,22,4,4,211.0,212.0,5697.0
55959,2026-01-01,0,31,1.0,5735.0,185.0,185.0,46,31,4,185.0,185.0,5735.0
55959,2026-02-01,2,26,0.929,5126.0,197.0,197.2,17,16,4,197.0,197.0,5126.0
55959,2026-03-01,12,19,0.613,3626.0,192.0,190.8,19,9,4,191.0,192.0,3626.0
55959,2026-04-01,14,16,0.533,3171.0,202.9,198.2,,,4,198.0,203.0,3171.0
55959,2026-05-01,31,0,0.0,0.0,222.5,,,,4,,223.0,0.0
55959,2026-06-01,30,0,0.0,0.0,228.6,,,,4,,229.0,0.0
747316,2025-07-01,31,0,0.0,0.0,79.2,,,,30,,79.0,0.0
747316,2025-08-01,2,29,0.935,2314.0,79.8,79.8,47,47,30,80.0,80.0,2314.0
747316,2025-09-01,9,21,0.7,1674.0,78.4,79.7,4,3,30,80.0,78.0,1674.0
747316,2025-10-01,25,6,0.194,451.0,76.3,75.2,1,6,30,75.0,76.0,451.0
747316,2025-11-01,24,6,0.2,493.0,80.7,82.2,1,6,30,82.0,81.0,493.0
747316,2025-12-01,25,6,0.194,513.0,85.2,85.5,1,6,30,86.0,85.0,513.0
747316,2026-01-01,31,0,0.0,0.0,86.4,,,,30,,86.0,0.0
747316,2026-02-01,28,0,0.0,0.0,85.0,,,,30,,85.0,0.0
747316,2026-03-01,16,15,0.484,1289.0,84.3,85.9,90,46,30,86.0,84.0,1289.0
747316,2026-04-01,0,30,1.0,2576.0,85.9,85.9,,,30,86.0,86.0,2576.0
747316,2026-05-01,9,22,0.71,1902.0,84.8,86.5,96,16,30,87.0,85.0,1902.0
747316,2026-06-01,17,13,0.433,1171.0,91.4,90.1,45,114,30,90.0,91.0,1171.0
239733,2025-07-01,31,0,0.0,0.0,260.4,,,,30,,260.0,0.0
239733,2025-08-01,31,0,0.0,0.0,261.0,,,,30,,261.0,0.0
239733,2025-09-01,30,0,0.0,0.0,259.7,,,,30,,260.0,0.0
239733,2025-10-01,31,0,0.0,0.0,260.1,,,,30,,260.0,0.0
239733,2025-11-01,30,0,0.0,0.0,258.8,,,,30,,259.0,0.0
239733,2025-12-01,25,6,0.194,1537.0,259.5,256.2,1,6,30,256.0,260.0,1537.0
239733,2026-01-01,31,0,0.0,0.0,264.5,,,,30,,265.0,0.0
239733,2026-02-01,28,0,0.0,0.0,276.5,,,,30,,277.0,0.0
239733,2026-03-01,31,0,0.0,0.0,276.0,,,,30,,276.0,0.0
239733,2026-04-01,30,0,0.0,0.0,280.9,,,,30,,281.0,0.0
239733,2026-05-01,31,0,0.0,0.0,294.4,,,,30,,294.0,0.0
239733,2026-06-01,24,6,0.2,1712.0,286.5,285.3,1,6,30,285.0,287.0,1712.0
107630,2025-07-01,31,0,0.0,0.0,180.5,,,,30,,181.0,0.0
107630,2025-08-01,31,0,0.0,0.0,181.0,,,,30,,181.0,0.0
107630,2025-09-01,30,0,0.0,0.0,181.7,,,,30,,182.0,0.0
107630,2025-10-01,31,0,0.0,0.0,188.4,,,,30,,188.0,0.0
107630,2025-11-01,29,1,0.033,188.0,189.0,188.0,1,19,30,188.0,189.0,188.0
107630,2025-12-01,13,18,0.581,3370.0,187.2,187.2,,,30,187.0,187.0,3370.0
107630,2026-01-01,31,0,0.0,0.0,198.5,,,,30,,199.0,0.0
107630,2026-02-01,28,0,0.0,0.0,214.1,,,,30,,214.0,0.0
107630,2026-03-01,31,0,0.0,0.0,215.0,,,,30,,215.0,0.0
107630,2026-04-01,30,0,0.0,0.0,219.1,,,,30,,219.0,0.0
107630,2026-05-01,31,0,0.0,0.0,215.0,,,,30,,215.0,0.0
107630,2026-06-01,30,0,0.0,0.0,215.4,,,,30,,215.0,0.0
100002,2025-07-01,31,0,0.0,0.0,58.6,,,,30,,59.0,0.0
100002,2025-08-01,31,0,0.0,0.0,59.3,,,,30,,59.0,0.0
100002,2025-09-01,30,0,0.0,0.0,59.2,,,,30,,59.0,0.0
100002,2025-10-01,31,0,0.0,0.0,59.9,,,,30,,60.0,0.0
100002,2025-11-01,30,0,0.0,0.0,61.0,,,,30,,61.0,0.0
100002,2025-12-01,25,6,0.194,354.0,60.0,59.0,1,6,30,59.0,60.0,354.0
100002,2026-01-01,31,0,0.0,0.0,63.3,,,,30,,63.0,0.0
100002,2026-02-01,28,0,0.0,0.0,69.8,,,,30,,70.0,0.0
100002,2026-03-01,31,0,0.0,0.0,72.4,,,,30,,72.0,0.0
100002,2026-04-01,30,0,0.0,0.0,71.6,,,,30,,72.0,0.0
100002,2026-05-01,31,0,0.0,0.0,70.4,,,,30,,70.0,0.0
100002,2026-06-01,24,6,0.2,428.0,70.0,71.3,1,6,30,71.0,70.0,428.0
288726,2025-07-01,0,31,1.0,2964.0,95.6,95.6,,,30,96.0,96.0,2964.0
288726,2025-08-01,23,8,0.258,770.0,93.3,96.2,,,30,96.0,93.0,770.0
288726,2025-09-01,29,1,0.033,87.0,87.3,87.0,1,1,30,87.0,87.0,87.0
288726,2025-10-01,31,0,0.0,0.0,96.9,,,,30,,97.0,0.0
288726,2025-11-01,30,0,0.0,0.0,95.8,,,,30,,96.0,0.0
288726,2025-12-01,31,0,0.0,0.0,97.0,,,,30,,97.0,0.0
288726,2026-01-01,31,0,0.0,0.0,95.1,,,,30,,95.0,0.0
288726,2026-02-01,28,0,0.0,0.0,92.9,,,,30,,93.0,0.0
288726,2026-03-01,30,1,0.032,93.0,92.7,93.0,1,1,30,93.0,93.0,93.0
288726,2026-04-01,30,0,0.0,0.0,92.6,,,,30,,93.0,0.0
288726,2026-05-01,31,0,0.0,0.0,97.5,,,,30,,98.0,0.0
288726,2026-06-01,25,5,0.167,559.0,113.0,111.8,17,5,30,112.0,113.0,559.0
753687,2025-07-01,15,16,0.516,2413.0,150.4,150.8,33,3,3,151.0,150.0,2413.0
753687,2025-08-01,8,23,0.742,3549.0,154.1,154.3,79,5,3,154.0,154.0,3549.0
753687,2025-09-01,5,25,0.833,3986.0,159.4,159.4,116,4,3,159.0,159.0,3986.0
753687,2025-10-01,6,25,0.806,4462.0,178.5,178.5,134,5,3,179.0,179.0,4462.0
753687,2025-11-01,8,22,0.733,3564.0,161.5,162.0,81,8,3,162.0,162.0,3564.0
753687,2025-12-01,10,21,0.677,3330.0,157.4,158.6,179,4,3,159.0,157.0,3330.0
753687,2026-01-01,0,31,1.0,5422.0,174.9,174.9,114,31,3,175.0,175.0,5422.0
753687,2026-02-01,0,28,1.0,4777.0,170.6,170.6,44,5,3,171.0,171.0,4777.0
753687,2026-03-01,11,20,0.645,3378.0,170.6,168.9,39,3,3,169.0,171.0,3378.0
753687,2026-04-01,4,26,0.867,4343.0,166.9,167.0,113,5,3,167.0,167.0,4343.0
753687,2026-05-01,6,25,0.806,4249.0,168.3,170.0,125,4,3,170.0,168.0,4249.0
753687,2026-06-01,16,14,0.467,2522.0,178.1,180.1,157,3,3,180.0,178.0,2522.0
487684,2025-07-01,31,0,0.0,0.0,316.3,,,,150,,316.0,0.0
487684,2025-08-01,31,0,0.0,0.0,302.0,,,,150,,302.0,0.0
487684,2025-09-01,24,6,0.2,1865.0,299.0,310.8,1,6,150,311.0,299.0,1865.0
487684,2025-10-01,31,0,0.0,0.0,235.5,,,,150,,236.0,0.0
487684,2025-11-01,30,0,0.0,0.0,134.4,,,,150,,134.0,0.0
487684,2025-12-01,31,0,0.0,0.0,295.3,,,,150,,295.0,0.0
487684,2026-01-01,31,0,0.0,0.0,303.5,,,,150,,304.0,0.0
487684,2026-02-01,28,0,0.0,0.0,339.1,,,,150,,339.0,0.0
487684,2026-03-01,29,2,0.065,639.0,339.5,319.5,1,6,150,320.0,340.0,639.0
487684,2026-04-01,26,4,0.133,1393.0,345.7,348.2,,,150,348.0,346.0,1393.0
487684,2026-05-01,31,0,0.0,0.0,369.7,,,,150,,370.0,0.0
487684,2026-06-01,30,0,0.0,0.0,373.8,,,,150,,374.0,0.0
411918,2025-07-01,31,0,0.0,0.0,176.3,,,,30,,176.0,0.0
411918,2025-08-01,31,0,0.0,0.0,181.4,,,,30,,181.0,0.0
411918,2025-09-01,30,0,0.0,0.0,175.8,,,,30,,176.0,0.0
411918,2025-10-01,31,0,0.0,0.0,174.7,,,,30,,175.0,0.0
411918,2025-11-01,30,0,0.0,0.0,167.0,,,,30,,167.0,0.0
411918,2025-12-01,31,0,0.0,0.0,164.0,,,,30,,164.0,0.0
411918,2026-01-01,31,0,0.0,0.0,195.7,,,,30,,196.0,0.0
411918,2026-02-01,28,0,0.0,0.0,169.4,,,,30,,169.0,0.0
411918,2026-03-01,31,0,0.0,0.0,148.1,,,,30,,148.0,0.0
411918,2026-04-01,10,20,0.667,2874.0,140.2,143.7,144,20,30,144.0,140.0,2874.0
411918,2026-05-01,29,2,0.065,299.0,141.0,149.5,203,6,30,150.0,141.0,299.0
411918,2026-06-01,13,17,0.567,2553.0,150.3,150.2,282,32,30,150.0,150.0,2553.0
727512,2025-07-01,31,0,0.0,0.0,429.5,,,,1,,430.0,0.0
727512,2025-08-01,29,2,0.065,844.0,441.8,422.0,73,2,1,422.0,442.0,844.0
727512,2025-09-01,16,14,0.467,7144.0,524.3,510.3,8,7,1,510.0,524.0,7144.0
727512,2025-10-01,25,6,0.194,3115.0,507.0,519.2,9,3,1,519.0,507.0,3115.0
727512,2025-11-01,30,0,0.0,0.0,439.7,,,,1,,440.0,0.0
727512,2025-12-01,31,0,0.0,0.0,412.5,,,,1,,413.0,0.0
727512,2026-01-01,31,0,0.0,0.0,361.4,,,,1,,361.0,0.0
727512,2026-02-01,28,0,0.0,0.0,247.0,,,,1,,247.0,0.0
727512,2026-03-01,31,0,0.0,0.0,226.6,,,,1,,227.0,0.0
727512,2026-04-01,30,0,0.0,0.0,227.3,,,,1,,227.0,0.0
727512,2026-05-01,31,0,0.0,0.0,221.5,,,,1,,222.0,0.0
727512,2026-06-01,30,0,0.0,0.0,213.3,,,,1,,213.0,0.0
736187,2025-07-01,31,0,0.0,0.0,59.5,,,,30,,60.0,0.0
736187,2025-08-01,15,16,0.516,916.0,57.3,57.2,12,76,30,57.0,57.0,916.0
736187,2025-09-01,0,30,1.0,1910.0,63.7,63.7,,,30,64.0,64.0,1910.0
736187,2025-10-01,1,30,0.968,1798.0,59.9,59.9,,,30,60.0,60.0,1798.0
736187,2025-11-01,3,27,0.9,1520.0,56.1,56.3,97,29,30,56.0,56.0,1520.0
736187,2025-12-01,0,31,1.0,1679.0,54.2,54.2,,,30,54.0,54.0,1679.0
736187,2026-01-01,5,26,0.839,1423.0,54.3,54.7,11,26,30,55.0,54.0,1423.0
736187,2026-02-01,28,0,0.0,0.0,55.0,,,,30,,55.0,0.0
736187,2026-03-01,31,0,0.0,0.0,53.5,,,,30,,54.0,0.0
736187,2026-04-01,30,0,0.0,0.0,54.6,,,,30,,55.0,0.0
736187,2026-05-01,31,0,0.0,0.0,58.1,,,,30,,58.0,0.0
736187,2026-06-01,30,0,0.0,0.0,55.9,,,,30,,56.0,0.0
216080,2025-07-01,25,6,0.194,815.0,135.3,135.8,11,3,30,136.0,135.0,815.0
216080,2025-08-01,23,8,0.258,1092.0,137.1,136.5,48,4,30,137.0,137.0,1092.0
216080,2025-09-01,30,0,0.0,0.0,141.1,,,,30,,141.0,0.0
216080,2025-10-01,31,0,0.0,0.0,142.3,,,,30,,142.0,0.0
216080,2025-11-01,30,0,0.0,0.0,139.7,,,,30,,140.0,0.0
216080,2025-12-01,31,0,0.0,0.0,143.6,,,,30,,144.0,0.0
216080,2026-01-01,31,0,0.0,0.0,144.1,,,,30,,144.0,0.0
216080,2026-02-01,28,0,0.0,0.0,151.9,,,,30,,152.0,0.0
216080,2026-03-01,31,0,0.0,0.0,152.6,,,,30,,153.0,0.0
216080,2026-04-01,30,0,0.0,0.0,155.3,,,,30,,155.0,0.0
216080,2026-05-01,31,0,0.0,0.0,153.5,,,,30,,154.0,0.0
216080,2026-06-01,30,0,0.0,0.0,154.5,,,,30,,155.0,0.0
645693,2025-07-01,7,24,0.774,2153.0,81.9,89.7,16,12,30,90.0,82.0,2153.0
645693,2025-08-01,9,22,0.71,2268.0,102.1,103.1,,,30,103.0,102.0,2268.0
645693,2025-09-01,30,0,0.0,0.0,80.8,,,,30,,81.0,0.0
645693,2025-10-01,31,0,0.0,0.0,68.2,,,,30,,68.0,0.0
645693,2025-11-01,5,25,0.833,1730.0,69.7,69.2,40,52,30,69.0,70.0,1730.0
645693,2025-12-01,4,27,0.871,1867.0,69.5,69.1,,,30,69.0,70.0,1867.0
645693,2026-01-01,31,0,0.0,0.0,70.8,,,,30,,71.0,0.0
645693,2026-02-01,28,0,0.0,0.0,73.5,,,,30,,74.0,0.0
645693,2026-03-01,31,0,0.0,0.0,71.4,,,,30,,71.0,0.0
645693,2026-04-01,30,0,0.0,0.0,72.8,,,,30,,73.0,0.0
645693,2026-05-01,31,0,0.0,0.0,72.4,,,,30,,72.0,0.0
645693,2026-06-01,30,0,0.0,0.0,72.9,,,,30,,73.0,0.0
199733,2025-07-01,31,0,0.0,0.0,134.3,,,,30,,134.0,0.0
199733,2025-08-01,31,0,0.0,0.0,136.1,,,,30,,136.0,0.0
199733,2025-09-01,16,14,0.467,1892.0,131.4,135.1,17,46,30,135.0,131.0,1892.0
199733,2025-10-01,0,31,1.0,4210.0,135.8,135.8,,,30,136.0,136.0,4210.0
199733,2025-11-01,29,1,0.033,136.0,131.9,136.0,,,30,136.0,132.0,136.0
199733,2025-12-01,31,0,0.0,0.0,133.6,,,,30,,134.0,0.0
199733,2026-01-01,31,0,0.0,0.0,133.2,,,,30,,133.0,0.0
199733,2026-02-01,28,0,0.0,0.0,136.9,,,,30,,137.0,0.0
199733,2026-03-01,31,0,0.0,0.0,136.1,,,,30,,136.0,0.0
199733,2026-04-01,30,0,0.0,0.0,144.3,,,,30,,144.0,0.0
199733,2026-05-01,31,0,0.0,0.0,139.0,,,,30,,139.0,0.0
199733,2026-06-01,30,0,0.0,0.0,143.1,,,,30,,143.0,0.0
151199,2025-07-01,9,22,0.71,5052.0,226.9,229.6,14,10,2,230.0,227.0,5052.0
151199,2025-08-01,4,27,0.871,7109.0,262.7,263.3,20,7,2,263.0,263.0,7109.0
151199,2025-09-01,1,29,0.967,8353.0,287.6,288.0,35,5,2,288.0,288.0,8353.0
151199,2025-10-01,1,30,0.968,9518.0,317.7,317.3,45,4,2,317.0,318.0,9518.0
151199,2025-11-01,10,20,0.667,6114.0,305.0,305.7,33,2,1,306.0,305.0,6114.0
151199,2025-12-01,3,28,0.903,9379.0,338.5,335.0,47,2,1,335.0,339.0,9379.0
151199,2026-01-01,8,23,0.742,4586.0,198.4,199.4,54,2,2,199.0,198.0,4586.0
151199,2026-02-01,13,15,0.536,3496.0,229.1,233.1,28,2,1,233.0,229.0,3496.0
151199,2026-03-01,15,16,0.516,3807.0,248.4,237.9,67,3,1,238.0,248.0,3807.0
151199,2026-04-01,1,29,0.967,7524.0,258.8,259.4,91,3,1,259.0,259.0,7524.0
151199,2026-05-01,8,23,0.742,6745.0,291.0,293.3,82,3,2,293.0,291.0,6745.0
151199,2026-06-01,1,29,0.967,8582.0,295.9,295.9,111,3,2,296.0,296.0,8582.0
352651,2025-07-01,31,0,0.0,0.0,75.5,,,,30,,76.0,0.0
352651,2025-08-01,31,0,0.0,0.0,72.8,,,,30,,73.0,0.0
352651,2025-09-01,30,0,0.0,0.0,73.0,,,,30,,73.0,0.0
352651,2025-10-01,31,0,0.0,0.0,73.5,,,,30,,74.0,0.0
352651,2025-11-01,30,0,0.0,0.0,68.2,,,,30,,68.0,0.0
352651,2025-12-01,31,0,0.0,0.0,57.4,,,,30,,57.0,0.0
352651,2026-01-01,31,0,0.0,0.0,60.6,,,,30,,61.0,0.0
352651,2026-02-01,28,0,0.0,0.0,56.5,,,,30,,57.0,0.0
352651,2026-03-01,31,0,0.0,0.0,53.9,,,,30,,54.0,0.0
352651,2026-04-01,30,0,0.0,0.0,54.9,,,,30,,55.0,0.0
352651,2026-05-01,31,0,0.0,0.0,57.0,,,,30,,57.0,0.0
352651,2026-06-01,16,14,0.467,785.0,56.4,56.1,1,14,30,56.0,56.0,785.0
57166,2025-07-01,10,21,0.677,2395.0,115.1,114.0,40,62,30,114.0,115.0,2395.0
57166,2025-08-01,0,31,1.0,3573.0,115.3,115.3,,,30,115.0,115.0,3573.0
57166,2025-09-01,7,23,0.767,2960.0,131.3,128.7,10,24,30,129.0,131.0,2960.0
57166,2025-10-01,16,15,0.484,1880.0,123.5,125.3,,,30,125.0,124.0,1880.0
57166,2025-11-01,30,0,0.0,0.0,121.4,,,,30,,121.0,0.0
57166,2025-12-01,31,0,0.0,0.0,114.5,,,,30,,115.0,0.0
57166,2026-01-01,31,0,0.0,0.0,119.8,,,,30,,120.0,0.0
57166,2026-02-01,12,16,0.571,1909.0,118.6,119.3,1,18,30,119.0,119.0,1909.0
57166,2026-03-01,25,6,0.194,761.0,128.2,126.8,33,1,30,127.0,128.0,761.0
57166,2026-04-01,29,1,0.033,149.0,140.9,149.0,18,1,30,149.0,141.0,149.0
57166,2026-05-01,26,5,0.161,749.0,148.2,149.8,32,1,30,150.0,148.0,749.0
57166,2026-06-01,30,0,0.0,0.0,139.4,,,,30,,139.0,0.0
57874,2025-07-01,26,5,0.161,624.0,120.0,124.8,191,30,30,125.0,120.0,624.0
57874,2025-08-01,0,31,1.0,3896.0,125.7,125.7,31,6,30,126.0,126.0,3896.0
57874,2025-09-01,0,30,1.0,3675.0,122.5,122.5,70,16,30,123.0,123.0,3675.0
57874,2025-10-01,2,29,0.935,3493.0,121.2,120.4,70,26,30,120.0,121.0,3493.0
57874,2025-11-01,10,20,0.667,2318.0,119.1,115.9,48,21,30,116.0,119.0,2318.0
57874,2025-12-01,25,6,0.194,709.0,115.1,118.2,70,5,30,118.0,115.0,709.0
57874,2026-01-01,31,0,0.0,0.0,120.3,,,,30,,120.0,0.0
57874,2026-02-01,28,0,0.0,0.0,136.3,,,,30,,136.0,0.0
57874,2026-03-01,31,0,0.0,0.0,142.1,,,,30,,142.0,0.0
57874,2026-04-01,30,0,0.0,0.0,140.8,,,,30,,141.0,0.0
57874,2026-05-01,31,0,0.0,0.0,146.1,,,,30,,146.0,0.0
57874,2026-06-01,30,0,0.0,0.0,141.4,,,,30,,141.0,0.0
255476,2025-07-01,20,11,0.355,1087.0,99.0,98.8,1,11,30,99.0,99.0,1087.0
255476,2025-08-01,31,0,0.0,0.0,100.0,,,,30,,100.0,0.0
255476,2025-09-01,24,6,0.2,596.0,98.5,99.3,1,6,30,99.0,99.0,596.0
255476,2025-10-01,19,12,0.387,1198.0,100.8,99.8,1,12,30,100.0,101.0,1198.0
255476,2025-11-01,17,13,0.433,1426.0,103.4,109.7,1,13,30,110.0,103.0,1426.0
255476,2025-12-01,31,0,0.0,0.0,105.6,,,,30,,106.0,0.0
255476,2026-01-01,30,1,0.032,120.0,108.5,120.0,1,1,30,120.0,109.0,120.0
255476,2026-02-01,28,0,0.0,0.0,110.4,,,,30,,110.0,0.0
255476,2026-03-01,31,0,0.0,0.0,117.2,,,,30,,117.0,0.0
255476,2026-04-01,30,0,0.0,0.0,110.4,,,,30,,110.0,0.0
255476,2026-05-01,31,0,0.0,0.0,118.2,,,,30,,118.0,0.0
255476,2026-06-01,30,0,0.0,0.0,112.1,,,,30,,112.0,0.0
62925,2025-07-01,31,0,0.0,0.0,284.4,,,,30,,284.0,0.0
62925,2025-08-01,31,0,0.0,0.0,292.2,,,,30,,292.0,0.0
62925,2025-09-01,30,0,0.0,0.0,295.8,,,,30,,296.0,0.0
62925,2025-10-01,31,0,0.0,0.0,291.9,,,,30,,292.0,0.0
62925,2025-11-01,30,0,0.0,0.0,287.8,,,,30,,288.0,0.0
62925,2025-12-01,25,6,0.194,1764.0,288.1,294.0,1,6,30,294.0,288.0,1764.0
62925,2026-01-01,31,0,0.0,0.0,297.0,,,,30,,297.0,0.0
62925,2026-02-01,28,0,0.0,0.0,342.4,,,,30,,342.0,0.0
62925,2026-03-01,31,0,0.0,0.0,343.5,,,,30,,344.0,0.0
62925,2026-04-01,30,0,0.0,0.0,345.7,,,,30,,346.0,0.0
62925,2026-05-01,31,0,0.0,0.0,339.5,,,,30,,340.0,0.0
62925,2026-06-01,19,11,0.367,3711.0,337.7,337.4,1,11,30,337.0,338.0,3711.0
34760,2025-07-01,0,31,1.0,2139.0,69.0,69.0,,,30,69.0,69.0,2139.0
34760,2025-08-01,23,8,0.258,568.0,70.7,71.0,6,21,30,71.0,71.0,568.0
34760,2025-09-01,0,30,1.0,2115.0,70.5,70.5,,,30,71.0,71.0,2115.0
34760,2025-10-01,1,30,0.968,2108.0,70.2,70.3,48,33,30,70.0,70.0,2108.0
34760,2025-11-01,23,7,0.233,483.0,69.2,69.0,,,30,69.0,69.0,483.0
34760,2025-12-01,31,0,0.0,0.0,70.7,,,,30,,71.0,0.0
34760,2026-01-01,16,15,0.484,1013.0,68.3,67.5,1,15,30,68.0,68.0,1013.0
34760,2026-02-01,28,0,0.0,0.0,82.6,,,,30,,83.0,0.0
34760,2026-03-01,31,0,0.0,0.0,88.3,,,,30,,88.0,0.0
34760,2026-04-01,30,0,0.0,0.0,90.0,,,,30,,90.0,0.0
34760,2026-05-01,31,0,0.0,0.0,88.9,,,,30,,89.0,0.0
34760,2026-06-01,30,0,0.0,0.0,88.9,,,,30,,89.0,0.0
816888,2025-07-01,4,27,0.871,2012.0,74.5,74.5,62,17,30,75.0,75.0,2012.0
816888,2025-08-01,2,29,0.935,2135.0,73.7,73.6,21,63,30,74.0,74.0,2135.0
816888,2025-09-01,0,30,1.0,2687.0,89.6,89.6,,,30,90.0,90.0,2687.0
816888,2025-10-01,7,24,0.774,2213.0,91.2,92.2,1,25,30,92.0,91.0,2213.0
816888,2025-11-01,5,25,0.833,2165.0,88.9,86.6,1,126,30,87.0,89.0,2165.0
816888,2025-12-01,0,31,1.0,3132.0,101.0,101.0,,,30,101.0,101.0,3132.0
816888,2026-01-01,0,31,1.0,3110.0,100.3,100.3,,,30,100.0,100.0,3110.0
816888,2026-02-01,0,28,1.0,2780.0,99.3,99.3,,,30,99.0,99.0,2780.0
816888,2026-03-01,8,23,0.742,2293.0,100.2,99.7,,,30,100.0,100.0,2293.0
816888,2026-04-01,0,30,1.0,2996.0,99.9,99.9,135,30,30,100.0,100.0,2996.0
816888,2026-05-01,31,0,0.0,0.0,103.0,,,,30,,103.0,0.0
816888,2026-06-01,15,15,0.5,1711.0,109.4,114.1,67,15,30,114.0,109.0,1711.0
302705,2025-07-01,1,30,0.968,2180.0,72.6,72.7,,,30,73.0,73.0,2180.0
302705,2025-08-01,1,30,0.968,2179.0,72.6,72.6,227,63,30,73.0,73.0,2179.0
302705,2025-09-01,0,30,1.0,2213.0,73.8,73.8,,,30,74.0,74.0,2213.0
302705,2025-10-01,0,31,1.0,2238.0,72.2,72.2,59,25,30,72.0,72.0,2238.0
302705,2025-11-01,7,23,0.767,1647.0,73.9,71.6,,,30,72.0,74.0,1647.0
302705,2025-12-01,31,0,0.0,0.0,79.8,,,,30,,80.0,0.0
302705,2026-01-01,31,0,0.0,0.0,77.4,,,,30,,77.0,0.0
302705,2026-02-01,28,0,0.0,0.0,83.7,,,,30,,84.0,0.0
302705,2026-03-01,31,0,0.0,0.0,83.1,,,,30,,83.0,0.0
302705,2026-04-01,30,0,0.0,0.0,86.5,,,,30,,87.0,0.0
302705,2026-05-01,31,0,0.0,0.0,91.0,,,,30,,91.0,0.0
302705,2026-06-01,30,0,0.0,0.0,88.5,,,,30,,89.0,0.0
613528,2025-07-01,3,28,0.903,3448.0,122.6,123.1,163,7,2,123.0,123.0,3448.0
613528,2025-08-01,0,31,1.0,4424.0,142.7,142.7,148,10,2,143.0,143.0,4424.0
613528,2025-09-01,1,29,0.967,3954.0,136.0,136.3,121,3,2,136.0,136.0,3954.0
613528,2025-10-01,2,29,0.935,4749.0,163.7,163.8,202,4,2,164.0,164.0,4749.0
613528,2025-11-01,1,29,0.967,4120.0,142.1,142.1,138,2,1,142.0,142.0,4120.0
613528,2025-12-01,2,29,0.935,4377.0,150.1,150.9,177,3,2,151.0,150.0,4377.0
613528,2026-01-01,7,24,0.774,3129.0,129.3,130.4,67,4,2,130.0,129.0,3129.0
613528,2026-02-01,5,23,0.821,2499.0,110.2,108.7,199,4,2,109.0,110.0,2499.0
613528,2026-03-01,2,29,0.935,3370.0,115.8,116.2,151,4,2,116.0,116.0,3370.0
613528,2026-04-01,1,29,0.967,4055.0,139.4,139.8,177,4,2,140.0,139.0,4055.0
613528,2026-05-01,1,30,0.968,3885.0,129.6,129.5,261,4,2,130.0,130.0,3885.0
613528,2026-06-01,15,15,0.5,2060.0,136.7,137.3,159,2,3,137.0,137.0,2060.0
904060,2025-07-01,31,0,0.0,0.0,209.7,,,,30,,210.0,0.0
904060,2025-08-01,31,0,0.0,0.0,248.9,,,,30,,249.0,0.0
904060,2025-09-01,30,0,0.0,0.0,246.2,,,,30,,246.0,0.0
904060,2025-10-01,31,0,0.0,0.0,250.3,,,,30,,250.0,0.0
904060,2025-11-01,30,0,0.0,0.0,249.8,,,,30,,250.0,0.0
904060,2025-12-01,25,6,0.194,1412.0,249.7,235.3,1,6,30,235.0,250.0,1412.0
904060,2026-01-01,31,0,0.0,0.0,241.4,,,,30,,241.0,0.0
904060,2026-02-01,28,0,0.0,0.0,200.3,,,,30,,200.0,0.0
904060,2026-03-01,31,0,0.0,0.0,206.9,,,,30,,207.0,0.0
904060,2026-04-01,30,0,0.0,0.0,202.6,,,,30,,203.0,0.0
904060,2026-05-01,31,0,0.0,0.0,209.0,,,,30,,209.0,0.0
904060,2026-06-01,24,6,0.2,1212.0,205.8,202.0,1,6,30,202.0,206.0,1212.0
886808,2025-07-01,3,28,0.903,2339.0,84.0,83.5,54,3,1,84.0,84.0,2339.0
886808,2025-08-01,1,30,0.968,2589.0,86.3,86.3,49,2,1,86.0,86.0,2589.0
886808,2025-09-01,0,30,1.0,2403.0,80.1,80.1,90,2,1,80.0,80.0,2403.0
886808,2025-10-01,0,31,1.0,2670.0,86.1,86.1,77,2,1,86.0,86.0,2670.0
886808,2025-11-01,0,30,1.0,2414.0,80.5,80.5,66,3,1,81.0,81.0,2414.0
886808,2025-12-01,0,31,1.0,2547.0,82.2,82.2,53,2,1,82.0,82.0,2547.0
886808,2026-01-01,4,27,0.871,2100.0,78.4,77.8,29,3,1,78.0,78.0,2100.0
886808,2026-02-01,6,22,0.786,1969.0,87.6,89.5,46,3,1,90.0,88.0,1969.0
886808,2026-03-01,3,28,0.903,2570.0,91.3,91.8,42,3,1,92.0,91.0,2570.0
886808,2026-04-01,2,28,0.933,2710.0,97.5,96.8,59,3,1,97.0,98.0,2710.0
886808,2026-05-01,0,31,1.0,3043.0,98.2,98.2,47,4,1,98.0,98.0,3043.0
886808,2026-06-01,3,27,0.9,2602.0,96.6,96.4,71,2,1,96.0,97.0,2602.0
783202,2025-07-01,6,25,0.806,9173.0,359.6,366.9,11,4,1,367.0,360.0,9173.0
783202,2025-08-01,7,24,0.774,7241.0,302.9,301.7,6,4,1,302.0,303.0,7241.0
783202,2025-09-01,0,30,1.0,11541.0,384.7,384.7,15,3,1,385.0,385.0,11541.0
783202,2025-10-01,2,29,0.935,11052.0,380.9,381.1,16,3,1,381.0,381.0,11052.0
783202,2025-11-01,0,30,1.0,11573.0,385.8,385.8,20,3,1,386.0,386.0,11573.0
783202,2025-12-01,1,30,0.968,11680.0,388.5,389.3,38,4,1,389.0,389.0,11680.0
783202,2026-01-01,8,23,0.742,6283.0,272.3,273.2,13,2,1,273.0,272.0,6283.0
783202,2026-02-01,2,26,0.929,10042.0,383.7,386.2,10,4,1,386.0,384.0,10042.0
783202,2026-03-01,4,27,0.871,11724.0,438.8,434.2,19,3,1,434.0,439.0,11724.0
783202,2026-04-01,4,26,0.867,12338.0,474.4,474.5,21,5,1,475.0,474.0,12338.0
783202,2026-05-01,9,22,0.71,9734.0,438.6,442.5,32,6,1,443.0,439.0,9734.0
783202,2026-06-01,5,25,0.833,10882.0,438.3,435.3,49,5,1,435.0,438.0,10882.0
12940,2025-07-01,31,0,0.0,0.0,121.1,,,,30,,121.0,0.0
12940,2025-08-01,31,0,0.0,0.0,123.4,,,,30,,123.0,0.0
12940,2025-09-01,30,0,0.0,0.0,116.4,,,,30,,116.0,0.0
12940,2025-10-01,0,31,1.0,3587.0,115.7,115.7,49,45,30,116.0,116.0,3587.0
12940,2025-11-01,8,22,0.733,2523.0,114.2,114.7,54,23,30,115.0,114.0,2523.0
12940,2025-12-01,16,15,0.484,1664.0,113.1,110.9,,,30,111.0,113.0,1664.0
12940,2026-01-01,31,0,0.0,0.0,116.7,,,,30,,117.0,0.0
12940,2026-02-01,28,0,0.0,0.0,117.6,,,,30,,118.0,0.0
12940,2026-03-01,31,0,0.0,0.0,121.2,,,,30,,121.0,0.0
12940,2026-04-01,30,0,0.0,0.0,131.5,,,,30,,132.0,0.0
12940,2026-05-01,31,0,0.0,0.0,130.6,,,,30,,131.0,0.0
12940,2026-06-01,30,0,0.0,0.0,130.5,,,,30,,131.0,0.0
148825,2025-07-01,0,31,1.0,3532.0,113.9,113.9,,,30,114.0,114.0,3532.0
148825,2025-08-01,10,21,0.677,2541.0,123.2,121.0,7,10,30,121.0,123.0,2541.0
148825,2025-09-01,3,27,0.9,3566.0,132.6,132.1,,,31,132.0,133.0,3566.0
148825,2025-10-01,10,21,0.677,3015.0,139.9,143.6,65,43,31,144.0,140.0,3015.0
148825,2025-11-01,5,25,0.833,3638.0,147.2,145.5,102,3,31,146.0,147.0,3638.0
148825,2025-12-01,5,26,0.839,3502.0,137.1,134.7,25,40,31,135.0,137.0,3502.0
148825,2026-01-01,13,18,0.581,2670.0,149.9,148.3,1,2,31,148.0,150.0,2670.0
148825,2026-02-01,24,4,0.143,613.0,150.9,153.2,1,2,31,153.0,151.0,613.0
148825,2026-03-01,28,3,0.097,459.0,155.3,153.0,1,1,31,153.0,155.0,459.0
148825,2026-04-01,27,3,0.1,457.0,153.1,152.3,1,1,31,152.0,153.0,457.0
148825,2026-05-01,31,0,0.0,0.0,151.8,,,,31,,152.0,0.0
148825,2026-06-01,30,0,0.0,0.0,147.6,,,,31,,148.0,0.0
387666,2025-07-01,0,31,1.0,2353.0,75.9,75.9,,,30,76.0,76.0,2353.0
387666,2025-08-01,13,18,0.581,1486.0,70.1,82.6,17,18,30,83.0,70.0,1486.0
387666,2025-09-01,29,1,0.033,94.0,67.7,94.0,,,30,94.0,68.0,94.0
387666,2025-10-01,31,0,0.0,0.0,52.9,,,,30,,53.0,0.0
387666,2025-11-01,30,0,0.0,0.0,55.8,,,,30,,56.0,0.0
387666,2025-12-01,31,0,0.0,0.0,59.5,,,,30,,60.0,0.0
387666,2026-01-01,31,0,0.0,0.0,58.3,,,,30,,58.0,0.0
387666,2026-02-01,28,0,0.0,0.0,59.8,,,,30,,60.0,0.0
387666,2026-03-01,29,2,0.065,120.0,59.4,60.0,1,2,30,60.0,59.0,120.0
387666,2026-04-01,28,2,0.067,117.0,59.9,58.5,1,2,30,59.0,60.0,117.0
387666,2026-05-01,29,2,0.065,112.0,59.6,56.0,1,2,30,56.0,60.0,112.0
387666,2026-06-01,30,0,0.0,0.0,60.9,,,,30,,61.0,0.0
1039984,2025-07-01,0,31,1.0,3976.0,128.3,128.3,,,30,128.0,128.0,3976.0
1039984,2025-08-01,30,1,0.032,126.0,126.7,126.0,130,30,30,126.0,127.0,126.0
1039984,2025-09-01,0,30,1.0,3811.0,127.0,127.0,99,1,30,127.0,127.0,3811.0
1039984,2025-10-01,0,31,1.0,3960.0,127.7,127.7,131,31,30,128.0,128.0,3960.0
1039984,2025-11-01,30,0,0.0,0.0,128.6,,,,30,,129.0,0.0
1039984,2025-12-01,31,0,0.0,0.0,127.6,,,,30,,128.0,0.0
1039984,2026-01-01,31,0,0.0,0.0,128.8,,,,30,,129.0,0.0
1039984,2026-02-01,28,0,0.0,0.0,129.3,,,,30,,129.0,0.0
1039984,2026-03-01,31,0,0.0,0.0,127.9,,,,30,,128.0,0.0
1039984,2026-04-01,30,0,0.0,0.0,127.3,,,,30,,127.0,0.0
1039984,2026-05-01,31,0,0.0,0.0,122.8,,,,30,,123.0,0.0
1039984,2026-06-01,30,0,0.0,0.0,125.6,,,,30,,126.0,0.0
836720,2025-07-01,31,0,0.0,0.0,262.6,,,,30,,263.0,0.0
836720,2025-08-01,31,0,0.0,0.0,267.2,,,,30,,267.0,0.0
836720,2025-09-01,30,0,0.0,0.0,259.5,,,,30,,260.0,0.0
836720,2025-10-01,31,0,0.0,0.0,262.5,,,,30,,263.0,0.0
836720,2025-11-01,30,0,0.0,0.0,265.1,,,,30,,265.0,0.0
836720,2025-12-01,31,0,0.0,0.0,256.4,,,,30,,256.0,0.0
836720,2026-01-01,31,0,0.0,0.0,206.4,,,,30,,206.0,0.0
836720,2026-02-01,28,0,0.0,0.0,177.5,,,,30,,178.0,0.0
836720,2026-03-01,31,0,0.0,0.0,165.6,,,,30,,166.0,0.0
836720,2026-04-01,30,0,0.0,0.0,164.2,,,,30,,164.0,0.0
836720,2026-05-01,31,0,0.0,0.0,168.8,,,,30,,169.0,0.0
836720,2026-06-01,15,15,0.5,2595.0,173.0,173.0,9,23,30,173.0,173.0,2595.0
9357,2025-07-01,25,6,0.194,1043.0,174.9,173.8,38,6,30,174.0,175.0,1043.0
9357,2025-08-01,31,0,0.0,0.0,175.1,,,,30,,175.0,0.0
9357,2025-09-01,30,0,0.0,0.0,176.1,,,,30,,176.0,0.0
9357,2025-10-01,31,0,0.0,0.0,175.1,,,,30,,175.0,0.0
9357,2025-11-01,30,0,0.0,0.0,174.6,,,,30,,175.0,0.0
9357,2025-12-01,24,7,0.226,1220.0,174.4,174.3,1,7,30,174.0,174.0,1220.0
9357,2026-01-01,31,0,0.0,0.0,168.5,,,,30,,169.0,0.0
9357,2026-02-01,28,0,0.0,0.0,168.0,,,,30,,168.0,0.0
9357,2026-03-01,31,0,0.0,0.0,157.7,,,,30,,158.0,0.0
9357,2026-04-01,30,0,0.0,0.0,157.3,,,,30,,157.0,0.0
9357,2026-05-01,31,0,0.0,0.0,156.8,,,,30,,157.0,0.0
9357,2026-06-01,30,0,0.0,0.0,156.4,,,,30,,156.0,0.0
1026683,2025-07-01,0,31,1.0,2812.0,90.7,90.7,38,40,2,91.0,91.0,2812.0
1026683,2025-08-01,8,23,0.742,2062.0,89.6,89.7,6,7,2,90.0,90.0,2062.0
1026683,2025-09-01,5,25,0.833,2158.0,86.1,86.3,52,5,2,86.0,86.0,2158.0
1026683,2025-10-01,7,24,0.774,2163.0,89.8,90.1,48,5,2,90.0,90.0,2163.0
1026683,2025-11-01,5,25,0.833,2348.0,93.4,93.9,23,4,2,94.0,93.0,2348.0
1026683,2025-12-01,4,27,0.871,2443.0,90.4,90.5,38,3,2,91.0,90.0,2443.0
1026683,2026-01-01,31,0,0.0,0.0,88.8,,,,2,,89.0,0.0
1026683,2026-02-01,5,23,0.821,2211.0,94.7,96.1,39,28,2,96.0,95.0,2211.0
1026683,2026-03-01,14,17,0.548,1684.0,100.5,99.1,13,2,2,99.0,101.0,1684.0
1026683,2026-04-01,12,18,0.6,1862.0,102.2,103.4,43,5,2,103.0,102.0,1862.0
1026683,2026-05-01,9,22,0.71,2363.0,107.2,107.4,37,2,2,107.0,107.0,2363.0
1026683,2026-06-01,2,28,0.933,3031.0,107.7,108.2,48,2,2,108.0,108.0,3031.0
1038802,2025-07-01,31,0,0.0,0.0,74.2,,,,30,,74.0,0.0
1038802,2025-08-01,31,0,0.0,0.0,74.1,,,,30,,74.0,0.0
1038802,2025-09-01,30,0,0.0,0.0,73.1,,,,30,,73.0,0.0
1038802,2025-10-01,31,0,0.0,0.0,73.9,,,,30,,74.0,0.0
1038802,2025-11-01,30,0,0.0,0.0,72.3,,,,30,,72.0,0.0
1038802,2025-12-01,26,5,0.161,363.0,76.4,72.6,71,5,30,73.0,76.0,363.0
1038802,2026-01-01,31,0,0.0,0.0,78.9,,,,30,,79.0,0.0
1038802,2026-02-01,28,0,0.0,0.0,82.9,,,,30,,83.0,0.0
1038802,2026-03-01,31,0,0.0,0.0,79.6,,,,30,,80.0,0.0
1038802,2026-04-01,30,0,0.0,0.0,84.0,,,,30,,84.0,0.0
1038802,2026-05-01,31,0,0.0,0.0,85.5,,,,30,,86.0,0.0
1038802,2026-06-01,18,12,0.4,1086.0,91.5,90.5,1,93,30,91.0,92.0,1086.0
919830,2025-07-01,31,0,0.0,0.0,403.2,,,,30,,403.0,0.0
919830,2025-08-01,31,0,0.0,0.0,398.6,,,,30,,399.0,0.0
919830,2025-09-01,18,12,0.4,4826.0,401.7,402.2,86,6,30,402.0,402.0,4826.0
919830,2025-10-01,31,0,0.0,0.0,406.6,,,,30,,407.0,0.0
919830,2025-11-01,30,0,0.0,0.0,401.2,,,,30,,401.0,0.0
919830,2025-12-01,31,0,0.0,0.0,400.4,,,,30,,400.0,0.0
919830,2026-01-01,31,0,0.0,0.0,401.7,,,,30,,402.0,0.0
919830,2026-02-01,28,0,0.0,0.0,415.9,,,,30,,416.0,0.0
919830,2026-03-01,31,0,0.0,0.0,417.0,,,,30,,417.0,0.0
919830,2026-04-01,30,0,0.0,0.0,420.3,,,,30,,420.0,0.0
919830,2026-05-01,27,4,0.129,1702.0,419.3,425.5,163,4,30,426.0,419.0,1702.0
919830,2026-06-01,16,14,0.467,5974.0,427.8,426.7,181,14,30,427.0,428.0,5974.0
1101035,2025-07-01,0,31,1.0,7190.0,231.9,231.9,31,31,30,232.0,232.0,7190.0
1101035,2025-08-01,27,4,0.129,932.0,236.4,233.0,1,1,30,233.0,236.0,932.0
1101035,2025-09-01,30,0,0.0,0.0,234.3,,,,30,,234.0,0.0
1101035,2025-10-01,31,0,0.0,0.0,234.5,,,,30,,235.0,0.0
1101035,2025-11-01,30,0,0.0,0.0,236.2,,,,30,,236.0,0.0
1101035,2025-12-01,3,28,0.903,6797.0,243.4,242.8,1,29,30,243.0,243.0,6797.0
1101035,2026-01-01,29,2,0.065,499.0,240.3,249.5,1,1,30,250.0,240.0,499.0
1101035,2026-02-01,28,0,0.0,0.0,237.4,,,,30,,237.0,0.0
1101035,2026-03-01,26,5,0.161,1175.0,231.3,235.0,1,5,30,235.0,231.0,1175.0
1101035,2026-04-01,13,17,0.567,3865.0,228.6,227.4,34,17,30,227.0,229.0,3865.0
1101035,2026-05-01,31,0,0.0,0.0,233.0,,,,30,,233.0,0.0
1101035,2026-06-01,24,6,0.2,1434.0,231.7,239.0,81,27,30,239.0,232.0,1434.0
279857,2025-07-01,6,25,0.806,32896.0,1324.9,1315.8,69,5,2,1316.0,1325.0,32896.0
279857,2025-08-01,11,20,0.645,26765.0,1349.7,1338.2,128,5,3,1338.0,1350.0,26765.0
279857,2025-09-01,7,23,0.767,31400.0,1346.7,1365.2,154,4,2,1365.0,1347.0,31400.0
279857,2025-10-01,4,27,0.871,38903.0,1449.3,1440.9,177,4,2,1441.0,1449.0,38903.0
279857,2025-11-01,11,19,0.633,26785.0,1390.8,1409.7,179,4,4,1410.0,1391.0,26785.0
279857,2025-12-01,13,18,0.581,25522.0,1421.1,1417.9,277,4,3,1418.0,1421.0,25522.0
279857,2026-01-01,16,15,0.484,17880.0,1081.4,1192.0,60,3,3,1192.0,1081.0,17880.0
279857,2026-02-01,10,18,0.643,20193.0,1070.5,1121.8,137,3,4,1122.0,1071.0,20193.0
279857,2026-03-01,2,29,0.935,44314.0,1527.2,1528.1,72,4,4,1528.0,1527.0,44314.0
279857,2026-04-01,20,10,0.333,15185.0,1510.4,1518.5,124,4,3,1519.0,1510.0,15185.0
279857,2026-05-01,11,20,0.645,30023.0,1484.8,1501.2,197,3,3,1501.0,1485.0,30023.0
279857,2026-06-01,11,19,0.633,29944.0,1556.6,1576.0,122,3,3,1576.0,1557.0,29944.0
82638,2025-07-01,0,31,1.0,4984.0,160.8,160.8,,,30,161.0,161.0,4984.0
82638,2025-08-01,25,6,0.194,937.0,157.5,156.2,1,2,30,156.0,158.0,937.0
82638,2025-09-01,30,0,0.0,0.0,155.0,,,,30,,155.0,0.0
82638,2025-10-01,31,0,0.0,0.0,154.3,,,,30,,154.0,0.0
82638,2025-11-01,17,13,0.433,2274.0,171.6,174.9,1,13,30,175.0,172.0,2274.0
82638,2025-12-01,29,2,0.065,325.0,167.6,162.5,1,2,30,163.0,168.0,325.0
82638,2026-01-01,29,2,0.065,319.0,160.0,159.5,1,2,30,160.0,160.0,319.0
82638,2026-02-01,15,13,0.464,1684.0,143.2,129.5,1,19,30,130.0,143.0,1684.0
82638,2026-03-01,19,12,0.387,1668.0,139.5,139.0,9,22,30,139.0,140.0,1668.0
82638,2026-04-01,12,18,0.6,2944.0,161.1,163.6,37,2,30,164.0,161.0,2944.0
82638,2026-05-01,31,0,0.0,0.0,161.6,,,,30,,162.0,0.0
82638,2026-06-01,30,0,0.0,0.0,192.5,,,,30,,193.0,0.0
826685,2025-07-01,31,0,0.0,0.0,48.9,,,,30,,49.0,0.0
826685,2025-08-01,23,8,0.258,434.0,52.8,54.2,1,8,30,54.0,53.0,434.0
826685,2025-09-01,29,1,0.033,51.0,51.8,51.0,22,1,30,51.0,52.0,51.0
826685,2025-10-01,31,0,0.0,0.0,53.6,,,,30,,54.0,0.0
826685,2025-11-01,30,0,0.0,0.0,50.5,,,,30,,51.0,0.0
826685,2025-12-01,31,0,0.0,0.0,53.7,,,,30,,54.0,0.0
826685,2026-01-01,31,0,0.0,0.0,58.3,,,,30,,58.0,0.0
826685,2026-02-01,28,0,0.0,0.0,55.8,,,,30,,56.0,0.0
826685,2026-03-01,29,2,0.065,112.0,54.5,56.0,7,2,30,56.0,55.0,112.0
826685,2026-04-01,0,30,1.0,1693.0,56.4,56.4,23,30,30,56.0,56.0,1693.0
826685,2026-05-01,1,30,0.968,1574.0,52.4,52.5,,,30,53.0,52.0,1574.0
826685,2026-06-01,30,0,0.0,0.0,51.3,,,,30,,51.0,0.0
49048,2025-07-01,5,26,0.839,2463.0,94.3,94.7,,,30,95.0,94.0,2463.0
49048,2025-08-01,7,24,0.774,2136.0,89.6,89.0,113,30,30,89.0,90.0,2136.0
49048,2025-09-01,0,30,1.0,2380.0,79.3,79.3,49,31,30,79.0,79.0,2380.0
49048,2025-10-01,24,7,0.226,635.0,90.0,90.7,,,30,91.0,90.0,635.0
49048,2025-11-01,30,0,0.0,0.0,89.4,,,,30,,89.0,0.0
49048,2025-12-01,31,0,0.0,0.0,90.9,,,,30,,91.0,0.0
49048,2026-01-01,31,0,0.0,0.0,91.0,,,,30,,91.0,0.0
49048,2026-02-01,28,0,0.0,0.0,77.7,,,,30,,78.0,0.0
49048,2026-03-01,31,0,0.0,0.0,73.0,,,,30,,73.0,0.0
49048,2026-04-01,30,0,0.0,0.0,66.1,,,,30,,66.0,0.0
49048,2026-05-01,31,0,0.0,0.0,66.9,,,,30,,67.0,0.0
49048,2026-06-01,30,0,0.0,0.0,65.8,,,,30,,66.0,0.0
781865,2025-07-01,12,19,0.613,2098.0,111.5,110.4,34,20,30,110.0,112.0,2098.0
781865,2025-08-01,17,14,0.452,1581.0,114.1,112.9,56,13,30,113.0,114.0,1581.0
781865,2025-09-01,27,3,0.1,327.0,107.8,109.0,85,3,30,109.0,108.0,327.0
781865,2025-10-01,31,0,0.0,0.0,101.5,,,,30,,102.0,0.0
781865,2025-11-01,30,0,0.0,0.0,112.3,,,,30,,112.0,0.0
781865,2025-12-01,31,0,0.0,0.0,113.3,,,,30,,113.0,0.0
781865,2026-01-01,28,3,0.097,343.0,112.6,114.3,1,19,30,114.0,113.0,343.0
781865,2026-02-01,9,19,0.679,2440.0,129.3,128.4,29,21,30,128.0,129.0,2440.0
781865,2026-03-01,13,18,0.581,2415.0,136.5,134.2,,,30,134.0,137.0,2415.0
781865,2026-04-01,30,0,0.0,0.0,136.9,,,,30,,137.0,0.0
781865,2026-05-01,31,0,0.0,0.0,142.1,,,,30,,142.0,0.0
781865,2026-06-01,30,0,0.0,0.0,210.3,,,,30,,210.0,0.0
66251,2025-07-01,2,29,0.935,8836.0,298.3,304.7,6,29,30,305.0,298.0,8836.0
66251,2025-08-01,8,23,0.742,6037.0,270.3,262.5,,,30,263.0,270.0,6037.0
66251,2025-09-01,30,0,0.0,0.0,216.2,,,,30,,216.0,0.0
66251,2025-10-01,11,20,0.645,3485.0,172.4,174.2,84,35,30,174.0,172.0,3485.0
66251,2025-11-01,8,22,0.733,3967.0,180.7,180.3,1,7,30,180.0,181.0,3967.0
66251,2025-12-01,31,0,0.0,0.0,198.5,,,,30,,199.0,0.0
66251,2026-01-01,31,0,0.0,0.0,198.3,,,,30,,198.0,0.0
66251,2026-02-01,13,15,0.536,3327.0,227.0,221.8,16,15,30,222.0,227.0,3327.0
66251,2026-03-01,31,0,0.0,0.0,235.5,,,,30,,236.0,0.0
66251,2026-04-01,30,0,0.0,0.0,234.4,,,,30,,234.0,0.0
66251,2026-05-01,31,0,0.0,0.0,241.0,,,,30,,241.0,0.0
66251,2026-06-01,30,0,0.0,0.0,235.0,,,,30,,235.0,0.0
249704,2025-07-01,0,31,1.0,4698.0,151.5,151.5,,,30,152.0,152.0,4698.0
249704,2025-08-01,28,3,0.097,407.0,133.5,135.7,,,30,136.0,134.0,407.0
249704,2025-09-01,30,0,0.0,0.0,136.9,,,,30,,137.0,0.0
249704,2025-10-01,31,0,0.0,0.0,137.0,,,,30,,137.0,0.0
249704,2025-11-01,30,0,0.0,0.0,132.3,,,,30,,132.0,0.0
249704,2025-12-01,31,0,0.0,0.0,143.3,,,,30,,143.0,0.0
249704,2026-01-01,31,0,0.0,0.0,137.6,,,,30,,138.0,0.0
249704,2026-02-01,28,0,0.0,0.0,137.5,,,,30,,138.0,0.0
249704,2026-03-01,31,0,0.0,0.0,139.1,,,,30,,139.0,0.0
249704,2026-04-01,30,0,0.0,0.0,140.8,,,,30,,141.0,0.0
249704,2026-05-01,31,0,0.0,0.0,138.6,,,,30,,139.0,0.0
249704,2026-06-01,19,11,0.367,1529.0,139.0,139.0,28,30,30,139.0,139.0,1529.0
31994,2025-07-01,5,26,0.839,3157.0,121.0,121.4,88,8,2,121.0,121.0,3157.0
31994,2025-08-01,9,22,0.71,2655.0,119.8,120.7,207,4,2,121.0,120.0,2655.0
31994,2025-09-01,1,29,0.967,3590.0,123.7,123.8,91,3,2,124.0,124.0,3590.0
31994,2025-10-01,4,27,0.871,3407.0,126.1,126.2,111,3,11,126.0,126.0,3407.0
31994,2025-11-01,13,17,0.567,2154.0,125.2,126.7,72,3,2,127.0,125.0,2154.0
31994,2025-12-01,4,27,0.871,3514.0,129.7,130.1,108,4,2,130.0,130.0,3514.0
31994,2026-01-01,28,3,0.097,369.0,124.9,123.0,6,2,2,123.0,125.0,369.0
31994,2026-02-01,13,15,0.536,2019.0,131.2,134.6,51,4,2,135.0,131.0,2019.0
31994,2026-03-01,17,14,0.452,1937.0,136.6,138.4,19,3,2,138.0,137.0,1937.0
31994,2026-04-01,11,19,0.633,2663.0,138.9,140.2,88,4,2,140.0,139.0,2663.0
31994,2026-05-01,8,23,0.742,3221.0,144.2,140.0,108,5,2,140.0,144.0,3221.0
31994,2026-06-01,27,3,0.1,408.0,137.9,136.0,73,3,2,136.0,138.0,408.0
658366,2025-07-01,0,31,1.0,9386.0,302.8,302.8,,,30,303.0,303.0,9386.0
658366,2025-08-01,7,24,0.774,4888.0,201.5,203.7,18,30,30,204.0,202.0,4888.0
658366,2025-09-01,0,30,1.0,5688.0,189.6,189.6,18,30,30,190.0,190.0,5688.0
658366,2025-10-01,0,31,1.0,5675.0,183.1,183.1,3,17,30,183.0,183.0,5675.0
658366,2025-11-01,30,0,0.0,0.0,173.0,,,,30,,173.0,0.0
658366,2025-12-01,31,0,0.0,0.0,160.4,,,,30,,160.0,0.0
658366,2026-01-01,8,23,0.742,3059.0,132.8,133.0,29,37,30,133.0,133.0,3059.0
658366,2026-02-01,14,14,0.5,2457.0,184.9,175.5,,,30,176.0,185.0,2457.0
658366,2026-03-01,31,0,0.0,0.0,190.3,,,,30,,190.0,0.0
658366,2026-04-01,30,0,0.0,0.0,196.9,,,,30,,197.0,0.0
658366,2026-05-01,31,0,0.0,0.0,198.5,,,,30,,199.0,0.0
658366,2026-06-01,30,0,0.0,0.0,193.9,,,,30,,194.0,0.0
437352,2025-07-01,5,26,0.839,3266.0,125.9,125.6,4,3,90,126.0,126.0,3266.0
437352,2025-08-01,25,6,0.194,723.0,129.1,120.5,1,6,90,121.0,129.0,723.0
437352,2025-09-01,30,0,0.0,0.0,132.3,,,,90,,132.0,0.0
437352,2025-10-01,31,0,0.0,0.0,121.4,,,,90,,121.0,0.0
437352,2025-11-01,30,0,0.0,0.0,103.0,,,,90,,103.0,0.0
437352,2025-12-01,31,0,0.0,0.0,123.2,,,,90,,123.0,0.0
437352,2026-01-01,31,0,0.0,0.0,124.4,,,,90,,124.0,0.0
437352,2026-02-01,28,0,0.0,0.0,130.6,,,,90,,131.0,0.0
437352,2026-03-01,31,0,0.0,0.0,134.0,,,,90,,134.0,0.0
437352,2026-04-01,30,0,0.0,0.0,132.1,,,,89,,132.0,0.0
437352,2026-05-01,31,0,0.0,0.0,132.3,,,,88,,132.0,0.0
437352,2026-06-01,30,0,0.0,0.0,140.3,,,,81,,140.0,0.0
463042,2025-07-01,31,0,0.0,0.0,193.2,,,,30,,193.0,0.0
463042,2025-08-01,31,0,0.0,0.0,192.9,,,,30,,193.0,0.0
463042,2025-09-01,30,0,0.0,0.0,197.2,,,,30,,197.0,0.0
463042,2025-10-01,31,0,0.0,0.0,209.5,,,,30,,210.0,0.0
463042,2025-11-01,30,0,0.0,0.0,213.1,,,,30,,213.0,0.0
463042,2025-12-01,31,0,0.0,0.0,213.0,,,,30,,213.0,0.0
463042,2026-01-01,31,0,0.0,0.0,209.9,,,,30,,210.0,0.0
463042,2026-02-01,28,0,0.0,0.0,232.9,,,,30,,233.0,0.0
463042,2026-03-01,31,0,0.0,0.0,227.9,,,,30,,228.0,0.0
463042,2026-04-01,30,0,0.0,0.0,233.8,,,,30,,234.0,0.0
463042,2026-05-01,31,0,0.0,0.0,231.1,,,,30,,231.0,0.0
463042,2026-06-01,20,10,0.333,2392.0,238.4,239.2,6,7,30,239.0,238.0,2392.0
94783,2025-07-01,7,24,0.774,3794.0,158.5,158.1,100,7,6,158.0,159.0,3794.0
94783,2025-08-01,4,27,0.871,4299.0,159.3,159.2,240,11,7,159.0,159.0,4299.0
94783,2025-09-01,6,24,0.8,3809.0,158.4,158.7,211,8,6,159.0,158.0,3809.0
94783,2025-10-01,6,25,0.806,4005.0,160.9,160.2,248,6,6,160.0,161.0,4005.0
94783,2025-11-01,12,18,0.6,2879.0,158.2,159.9,30,6,6,160.0,158.0,2879.0
94783,2025-12-01,4,27,0.871,4439.0,166.1,164.4,111,7,6,164.0,166.0,4439.0
94783,2026-01-01,29,2,0.065,311.0,159.9,155.5,6,2,6,156.0,160.0,311.0
94783,2026-02-01,6,22,0.786,4193.0,190.3,190.6,35,7,7,191.0,190.0,4193.0
94783,2026-03-01,7,24,0.774,4760.0,199.4,198.3,47,10,7,198.0,199.0,4760.0
94783,2026-04-01,4,26,0.867,5188.0,200.8,199.5,53,7,7,200.0,201.0,5188.0
94783,2026-05-01,2,29,0.935,5753.0,198.9,198.4,70,5,5,198.0,199.0,5753.0
94783,2026-06-01,5,25,0.833,5217.0,207.3,208.7,80,3,7,209.0,207.0,5217.0
699472,2025-07-01,8,23,0.742,5548.0,240.9,241.2,116,3,3,241.0,241.0,5548.0
699472,2025-08-01,10,21,0.677,5113.0,243.5,243.5,119,2,3,244.0,244.0,5113.0
699472,2025-09-01,3,27,0.9,6609.0,244.9,244.8,77,4,3,245.0,245.0,6609.0
699472,2025-10-01,3,28,0.903,6734.0,240.5,240.5,170,4,3,241.0,241.0,6734.0
699472,2025-11-01,3,27,0.9,6433.0,237.6,238.3,73,4,3,238.0,238.0,6433.0
699472,2025-12-01,7,24,0.774,5971.0,248.9,248.8,306,7,3,249.0,249.0,5971.0
699472,2026-01-01,14,17,0.548,4189.0,243.6,246.4,13,4,3,246.0,244.0,4189.0
699472,2026-02-01,9,19,0.679,5174.0,275.4,272.3,42,3,3,272.0,275.0,5174.0
699472,2026-03-01,13,18,0.581,4955.0,274.7,275.3,19,3,2,275.0,275.0,4955.0
699472,2026-04-01,8,22,0.733,6054.0,276.5,275.2,52,3,2,275.0,277.0,6054.0
699472,2026-05-01,4,27,0.871,7542.0,279.1,279.3,49,5,3,279.0,279.0,7542.0
699472,2026-06-01,3,27,0.9,7390.0,273.7,273.7,92,3,2,274.0,274.0,7390.0
209310,2025-07-01,17,14,0.452,815.0,57.8,58.2,247,14,30,58.0,58.0,815.0
209310,2025-08-01,2,29,0.935,1818.0,62.7,62.7,109,29,30,63.0,63.0,1818.0
209310,2025-09-01,0,30,1.0,2202.0,73.4,73.4,92,1,30,73.0,73.0,2202.0
209310,2025-10-01,1,30,0.968,2174.0,72.6,72.5,60,30,30,73.0,73.0,2174.0
209310,2025-11-01,30,0,0.0,0.0,69.4,,,,30,,69.0,0.0
209310,2025-12-01,31,0,0.0,0.0,62.5,,,,30,,63.0,0.0
209310,2026-01-01,31,0,0.0,0.0,57.9,,,,30,,58.0,0.0
209310,2026-02-01,28,0,0.0,0.0,65.6,,,,30,,66.0,0.0
209310,2026-03-01,31,0,0.0,0.0,66.4,,,,30,,66.0,0.0
209310,2026-04-01,30,0,0.0,0.0,64.9,,,,30,,65.0,0.0
209310,2026-05-01,31,0,0.0,0.0,65.4,,,,30,,65.0,0.0
209310,2026-06-01,30,0,0.0,0.0,67.4,,,,30,,67.0,0.0
1101224,2025-07-01,15,16,0.516,2093.0,131.1,130.8,29,45,30,131.0,131.0,2093.0
1101224,2025-08-01,2,29,0.935,4039.0,139.3,139.3,,,30,139.0,139.0,4039.0
1101224,2025-09-01,1,29,0.967,3893.0,134.1,134.2,76,29,30,134.0,134.0,3893.0
1101224,2025-10-01,31,0,0.0,0.0,130.5,,,,30,,131.0,0.0
1101224,2025-11-01,3,27,0.9,3472.0,128.3,128.6,140,45,30,129.0,128.0,3472.0
1101224,2025-12-01,8,23,0.742,3166.0,136.4,137.7,43,30,30,138.0,136.0,3166.0
1101224,2026-01-01,3,28,0.903,3862.0,138.0,137.9,1,17,30,138.0,138.0,3862.0
1101224,2026-02-01,13,15,0.536,2256.0,152.5,150.4,1,6,30,150.0,153.0,2256.0
1101224,2026-03-01,4,27,0.871,4561.0,167.8,168.9,7,6,30,169.0,168.0,4561.0
1101224,2026-04-01,0,30,1.0,4923.0,164.1,164.1,,,30,164.0,164.0,4923.0
1101224,2026-05-01,1,30,0.968,5007.0,166.7,166.9,18,6,30,167.0,167.0,5007.0
1101224,2026-06-01,29,1,0.033,184.0,171.2,184.0,,,30,184.0,171.0,184.0
179670,2025-07-01,31,0,0.0,0.0,147.3,,,,30,,147.0,0.0
179670,2025-08-01,31,0,0.0,0.0,150.5,,,,30,,151.0,0.0
179670,2025-09-01,30,0,0.0,0.0,150.8,,,,30,,151.0,0.0
179670,2025-10-01,31,0,0.0,0.0,154.3,,,,30,,154.0,0.0
179670,2025-11-01,30,0,0.0,0.0,150.6,,,,30,,151.0,0.0
179670,2025-12-01,25,6,0.194,898.0,151.0,149.7,1,6,30,150.0,151.0,898.0
179670,2026-01-01,31,0,0.0,0.0,154.7,,,,30,,155.0,0.0
179670,2026-02-01,28,0,0.0,0.0,179.5,,,,30,,180.0,0.0
179670,2026-03-01,31,0,0.0,0.0,178.8,,,,30,,179.0,0.0
179670,2026-04-01,30,0,0.0,0.0,179.7,,,,30,,180.0,0.0
179670,2026-05-01,31,0,0.0,0.0,175.7,,,,30,,176.0,0.0
179670,2026-06-01,24,6,0.2,1063.0,177.5,177.2,1,6,30,177.0,178.0,1063.0
973535,2025-07-01,5,26,0.839,2066.0,79.6,79.5,,,30,80.0,80.0,2066.0
973535,2025-08-01,1,30,0.968,2529.0,84.4,84.3,67,30,30,84.0,84.0,2529.0
973535,2025-09-01,6,24,0.8,2177.0,90.8,90.7,1,24,30,91.0,91.0,2177.0
973535,2025-10-01,31,0,0.0,0.0,87.1,,,,30,,87.0,0.0
973535,2025-11-01,30,0,0.0,0.0,85.2,,,,30,,85.0,0.0
973535,2025-12-01,31,0,0.0,0.0,86.8,,,,30,,87.0,0.0
973535,2026-01-01,31,0,0.0,0.0,91.3,,,,30,,91.0,0.0
973535,2026-02-01,28,0,0.0,0.0,100.4,,,,30,,100.0,0.0
973535,2026-03-01,31,0,0.0,0.0,101.8,,,,30,,102.0,0.0
973535,2026-04-01,30,0,0.0,0.0,104.3,,,,30,,104.0,0.0
973535,2026-05-01,31,0,0.0,0.0,106.8,,,,30,,107.0,0.0
973535,2026-06-01,30,0,0.0,0.0,106.8,,,,30,,107.0,0.0
854396,2025-07-01,30,1,0.032,47.0,49.3,47.0,,,31,47.0,49.0,47.0
854396,2025-08-01,31,0,0.0,0.0,50.6,,,,31,,51.0,0.0
854396,2025-09-01,30,0,0.0,0.0,49.7,,,,31,,50.0,0.0
854396,2025-10-01,31,0,0.0,0.0,48.7,,,,31,,49.0,0.0
854396,2025-11-01,30,0,0.0,0.0,50.3,,,,31,,50.0,0.0
854396,2025-12-01,31,0,0.0,0.0,51.0,,,,31,,51.0,0.0
854396,2026-01-01,31,0,0.0,0.0,49.0,,,,31,,49.0,0.0
854396,2026-02-01,28,0,0.0,0.0,47.1,,,,31,,47.0,0.0
854396,2026-03-01,31,0,0.0,0.0,44.6,,,,31,,45.0,0.0
854396,2026-04-01,30,0,0.0,0.0,43.9,,,,31,,44.0,0.0
854396,2026-05-01,31,0,0.0,0.0,44.6,,,,31,,45.0,0.0
854396,2026-06-01,14,16,0.533,695.0,43.9,43.4,3,107,31,43.0,44.0,695.0
1217318,2026-03-01,31,0,0.0,0.0,73.1,,,,,,73.0,0.0
1217318,2026-04-01,15,15,0.5,1130.0,75.2,75.3,,,,75.0,75.0,1130.0
1217318,2026-05-01,0,31,1.0,2265.0,73.1,73.1,,,,73.0,73.0,2265.0
1217318,2026-06-01,0,30,1.0,2156.0,71.9,71.9,1,48,,72.0,72.0,2156.0
54508,2025-07-01,5,26,0.839,2662.0,102.4,102.4,83,8,3,102.0,102.0,2662.0
54508,2025-08-01,1,30,0.968,3174.0,105.8,105.8,52,7,3,106.0,106.0,3174.0
54508,2025-09-01,0,30,1.0,3532.0,117.7,117.7,142,16,3,118.0,118.0,3532.0
54508,2025-10-01,6,25,0.806,3048.0,120.5,121.9,67,4,3,122.0,121.0,3048.0
54508,2025-11-01,3,27,0.9,2773.0,103.1,102.7,39,3,3,103.0,103.0,2773.0
54508,2025-12-01,2,29,0.935,3072.0,105.8,105.9,181,5,3,106.0,106.0,3072.0
54508,2026-01-01,26,5,0.161,506.0,99.4,101.2,16,14,3,101.0,99.0,506.0
54508,2026-02-01,0,28,1.0,3217.0,114.9,114.9,10,6,3,115.0,115.0,3217.0
54508,2026-03-01,9,22,0.71,2861.0,126.6,130.0,105,11,3,130.0,127.0,2861.0
54508,2026-04-01,5,25,0.833,3360.0,134.1,134.4,163,3,3,134.0,134.0,3360.0
54508,2026-05-01,5,26,0.839,3164.0,122.4,121.7,43,3,3,122.0,122.0,3164.0
54508,2026-06-01,4,26,0.867,3323.0,127.6,127.8,86,3,3,128.0,128.0,3323.0
1072481,2025-07-01,31,0,0.0,0.0,102.4,,,,30,,102.0,0.0
1072481,2025-08-01,31,0,0.0,0.0,96.0,,,,30,,96.0,0.0
1072481,2025-09-01,30,0,0.0,0.0,108.7,,,,30,,109.0,0.0
1072481,2025-10-01,31,0,0.0,0.0,100.4,,,,30,,100.0,0.0
1072481,2025-11-01,30,0,0.0,0.0,76.4,,,,30,,76.0,0.0
1072481,2025-12-01,31,0,0.0,0.0,81.6,,,,30,,82.0,0.0
1072481,2026-01-01,31,0,0.0,0.0,116.5,,,,30,,117.0,0.0
1072481,2026-02-01,28,0,0.0,0.0,401.5,,,,30,,402.0,0.0
1072481,2026-03-01,31,0,0.0,0.0,424.2,,,,30,,424.0,0.0
1072481,2026-04-01,30,0,0.0,0.0,452.9,,,,30,,453.0,0.0
1072481,2026-05-01,31,0,0.0,0.0,459.5,,,,30,,460.0,0.0
1072481,2026-06-01,15,15,0.5,7363.0,487.5,490.9,1,15,30,491.0,488.0,7363.0
8490,2025-07-01,31,0,0.0,0.0,164.0,,,,30,,164.0,0.0
8490,2025-08-01,26,5,0.161,816.0,164.8,163.2,196,1,30,163.0,165.0,816.0
8490,2025-09-01,28,2,0.067,326.0,163.6,163.0,,,30,163.0,164.0,326.0
8490,2025-10-01,31,0,0.0,0.0,163.2,,,,30,,163.0,0.0
8490,2025-11-01,26,4,0.133,644.0,159.8,161.0,162,4,30,161.0,160.0,644.0
8490,2025-12-01,30,1,0.032,160.0,162.1,160.0,168,1,30,160.0,162.0,160.0
8490,2026-01-01,25,6,0.194,983.0,164.4,163.8,28,3,30,164.0,164.0,983.0
8490,2026-02-01,27,1,0.036,188.0,188.9,188.0,256,11,30,188.0,189.0,188.0
8490,2026-03-01,21,10,0.323,1892.0,185.2,189.2,,,30,189.0,185.0,1892.0
8490,2026-04-01,24,6,0.2,1093.0,184.6,182.2,122,6,30,182.0,185.0,1093.0
8490,2026-05-01,22,9,0.29,1673.0,185.6,185.9,150,4,30,186.0,186.0,1673.0
8490,2026-06-01,28,2,0.067,370.0,187.9,185.0,17,2,30,185.0,188.0,370.0
606269,2025-07-01,0,31,1.0,4627.0,149.3,149.3,55,43,30,149.0,149.0,4627.0
606269,2025-08-01,6,25,0.806,3955.0,157.4,158.2,,,30,158.0,157.0,3955.0
606269,2025-09-01,1,29,0.967,4376.0,151.0,150.9,138,30,30,151.0,151.0,4376.0
606269,2025-10-01,1,30,0.968,4135.0,137.7,137.8,87,31,30,138.0,138.0,4135.0
606269,2025-11-01,11,19,0.633,2699.0,139.3,142.1,16,11,30,142.0,139.0,2699.0
606269,2025-12-01,26,5,0.161,711.0,142.8,142.2,,,30,142.0,143.0,711.0
606269,2026-01-01,31,0,0.0,0.0,147.9,,,,30,,148.0,0.0
606269,2026-02-01,28,0,0.0,0.0,176.3,,,,30,,176.0,0.0
606269,2026-03-01,17,14,0.452,2574.0,182.0,183.9,64,33,30,184.0,182.0,2574.0
606269,2026-04-01,11,19,0.633,3449.0,180.7,181.5,,,30,182.0,181.0,3449.0
606269,2026-05-01,18,13,0.419,2326.0,182.1,178.9,62,6,30,179.0,182.0,2326.0
606269,2026-06-01,30,0,0.0,0.0,180.1,,,,30,,180.0,0.0
305245,2025-07-01,31,0,0.0,0.0,234.3,,,,30,,234.0,0.0
305245,2025-08-01,17,14,0.452,3222.0,232.4,230.1,46,14,30,230.0,232.0,3222.0
305245,2025-09-01,30,0,0.0,0.0,236.5,,,,30,,237.0,0.0
305245,2025-10-01,31,0,0.0,0.0,250.3,,,,30,,250.0,0.0
305245,2025-11-01,30,0,0.0,0.0,243.9,,,,30,,244.0,0.0
305245,2025-12-01,31,0,0.0,0.0,242.8,,,,30,,243.0,0.0
305245,2026-01-01,31,0,0.0,0.0,245.4,,,,30,,245.0,0.0
305245,2026-02-01,28,0,0.0,0.0,264.0,,,,30,,264.0,0.0
305245,2026-03-01,31,0,0.0,0.0,266.6,,,,30,,267.0,0.0
305245,2026-04-01,30,0,0.0,0.0,261.1,,,,30,,261.0,0.0
305245,2026-05-01,31,0,0.0,0.0,244.1,,,,30,,244.0,0.0
305245,2026-06-01,20,10,0.333,2325.0,233.0,232.5,7,20,30,233.0,233.0,2325.0
189135,2025-07-01,31,0,0.0,0.0,180.2,,,,2,,180.0,0.0
189135,2025-08-01,25,6,0.194,1047.0,175.7,174.5,6,2,2,175.0,176.0,1047.0
189135,2025-09-01,11,19,0.633,3287.0,171.9,173.0,32,4,2,173.0,172.0,3287.0
189135,2025-10-01,19,12,0.387,2049.0,170.1,170.8,40,2,2,171.0,170.0,2049.0
189135,2025-11-01,15,15,0.5,2642.0,178.8,176.1,21,6,2,176.0,179.0,2642.0
189135,2025-12-01,11,20,0.645,3660.0,181.9,183.0,38,3,2,183.0,182.0,3660.0
189135,2026-01-01,30,1,0.032,186.0,176.2,186.0,,,2,186.0,176.0,186.0
189135,2026-02-01,28,0,0.0,0.0,206.2,,,,2,,206.0,0.0
189135,2026-03-01,29,2,0.065,390.0,198.6,195.0,40,2,2,195.0,199.0,390.0
189135,2026-04-01,23,7,0.233,1394.0,201.8,199.1,55,2,2,199.0,202.0,1394.0
189135,2026-05-01,16,15,0.484,3183.0,212.6,212.2,15,3,2,212.0,213.0,3183.0
189135,2026-06-01,12,18,0.6,4132.0,229.4,229.6,40,3,2,230.0,229.0,4132.0
804194,2025-07-01,11,20,0.645,2889.0,143.5,144.4,33,2,3,144.0,144.0,2889.0
804194,2025-08-01,0,31,1.0,4622.0,149.1,149.1,29,6,3,149.0,149.0,4622.0
804194,2025-09-01,3,27,0.9,3854.0,142.5,142.7,135,5,2,143.0,143.0,3854.0
804194,2025-10-01,1,30,0.968,4395.0,146.3,146.5,120,4,2,147.0,146.0,4395.0
804194,2025-11-01,4,26,0.867,3418.0,131.5,131.5,45,4,2,132.0,132.0,3418.0
804194,2025-12-01,2,29,0.935,4081.0,140.5,140.7,101,5,3,141.0,141.0,4081.0
804194,2026-01-01,25,6,0.194,734.0,116.4,122.3,26,3,3,122.0,116.0,734.0
804194,2026-02-01,10,18,0.643,2217.0,122.5,123.2,3,4,3,123.0,123.0,2217.0
804194,2026-03-01,17,14,0.452,1897.0,135.5,135.5,25,4,3,136.0,136.0,1897.0
804194,2026-04-01,8,22,0.733,3371.0,153.8,153.2,28,4,2,153.0,154.0,3371.0
804194,2026-05-01,8,23,0.742,3701.0,161.3,160.9,67,3,2,161.0,161.0,3701.0
804194,2026-06-01,25,5,0.167,825.0,175.3,165.0,132,1,2,165.0,175.0,825.0
217580,2025-07-01,31,0,0.0,0.0,97.5,,,,30,,98.0,0.0
217580,2025-08-01,31,0,0.0,0.0,93.9,,,,30,,94.0,0.0
217580,2025-09-01,30,0,0.0,0.0,95.2,,,,30,,95.0,0.0
217580,2025-10-01,31,0,0.0,0.0,99.3,,,,30,,99.0,0.0
217580,2025-11-01,30,0,0.0,0.0,97.8,,,,30,,98.0,0.0
217580,2025-12-01,31,0,0.0,0.0,97.7,,,,30,,98.0,0.0
217580,2026-01-01,31,0,0.0,0.0,95.5,,,,30,,96.0,0.0
217580,2026-02-01,28,0,0.0,0.0,98.8,,,,30,,99.0,0.0
217580,2026-03-01,31,0,0.0,0.0,97.1,,,,30,,97.0,0.0
217580,2026-04-01,30,0,0.0,0.0,104.3,,,,30,,104.0,0.0
217580,2026-05-01,31,0,0.0,0.0,104.7,,,,30,,105.0,0.0
217580,2026-06-01,13,17,0.567,1765.0,103.1,103.8,1,17,30,104.0,103.0,1765.0
753991,2025-07-01,0,31,1.0,3433.0,110.7,110.7,,,30,111.0,111.0,3433.0
753991,2025-08-01,13,18,0.581,1977.0,110.1,109.8,199,8,30,110.0,110.0,1977.0
753991,2025-09-01,28,2,0.067,220.0,112.6,110.0,,,30,110.0,113.0,220.0
753991,2025-10-01,31,0,0.0,0.0,113.4,,,,30,,113.0,0.0
753991,2025-11-01,30,0,0.0,0.0,108.7,,,,30,,109.0,0.0
753991,2025-12-01,31,0,0.0,0.0,109.1,,,,30,,109.0,0.0
753991,2026-01-01,20,11,0.355,1168.0,106.6,106.2,115,21,30,106.0,107.0,1168.0
753991,2026-02-01,0,28,1.0,3022.0,107.9,107.9,,,30,108.0,108.0,3022.0
753991,2026-03-01,9,22,0.71,2648.0,119.7,120.4,15,20,30,120.0,120.0,2648.0
753991,2026-04-01,28,2,0.067,256.0,121.6,128.0,,,30,128.0,122.0,256.0
753991,2026-05-01,31,0,0.0,0.0,117.5,,,,30,,118.0,0.0
753991,2026-06-01,30,0,0.0,0.0,121.7,,,,30,,122.0,0.0
83243,2025-07-01,30,1,0.032,76.0,75.6,76.0,,,30,76.0,76.0,76.0
83243,2025-08-01,6,25,0.806,1828.0,73.1,73.1,203,20,30,73.0,73.0,1828.0
83243,2025-09-01,12,18,0.6,1261.0,68.9,70.1,41,18,30,70.0,69.0,1261.0
83243,2025-10-01,15,16,0.516,1263.0,78.2,78.9,,,30,79.0,78.0,1263.0
83243,2025-11-01,29,1,0.033,83.0,80.4,83.0,3,1,30,83.0,80.0,83.0
83243,2025-12-01,31,0,0.0,0.0,82.9,,,,30,,83.0,0.0
83243,2026-01-01,31,0,0.0,0.0,82.5,,,,30,,83.0,0.0
83243,2026-02-01,28,0,0.0,0.0,75.2,,,,30,,75.0,0.0
83243,2026-03-01,31,0,0.0,0.0,78.0,,,,30,,78.0,0.0
83243,2026-04-01,30,0,0.0,0.0,72.2,,,,30,,72.0,0.0
83243,2026-05-01,31,0,0.0,0.0,70.2,,,,30,,70.0,0.0
83243,2026-06-01,29,1,0.033,68.0,68.8,68.0,53,1,30,68.0,69.0,68.0
1331960,2025-07-01,31,0,0.0,0.0,133.5,,,,30,,134.0,0.0
1331960,2025-08-01,5,26,0.839,3137.0,122.3,120.7,230,26,30,121.0,122.0,3137.0
1331960,2025-09-01,30,0,0.0,0.0,112.8,,,,30,,113.0,0.0
1331960,2025-10-01,31,0,0.0,0.0,121.5,,,,30,,122.0,0.0
1331960,2025-11-01,30,0,0.0,0.0,124.2,,,,30,,124.0,0.0
1331960,2025-12-01,31,0,0.0,0.0,127.8,,,,30,,128.0,0.0
1331960,2026-01-01,28,3,0.097,374.0,126.5,124.7,1,3,30,125.0,127.0,374.0
1331960,2026-02-01,23,5,0.179,773.0,150.6,154.6,20,4,30,155.0,151.0,773.0
1331960,2026-03-01,6,25,0.806,3936.0,158.1,157.4,1,30,30,157.0,158.0,3936.0
1331960,2026-04-01,9,21,0.7,3316.0,158.5,157.9,36,17,30,158.0,159.0,3316.0
1331960,2026-05-01,5,26,0.839,4129.0,159.3,158.8,,,30,159.0,159.0,4129.0
1331960,2026-06-01,13,17,0.567,2697.0,162.0,158.6,32,30,30,159.0,162.0,2697.0
56859,2025-07-01,31,0,0.0,0.0,56.1,,,,30,,56.0,0.0
56859,2025-08-01,31,0,0.0,0.0,55.1,,,,30,,55.0,0.0
56859,2025-09-01,30,0,0.0,0.0,58.6,,,,30,,59.0,0.0
56859,2025-10-01,31,0,0.0,0.0,59.3,,,,30,,59.0,0.0
56859,2025-11-01,30,0,0.0,0.0,58.2,,,,30,,58.0,0.0
56859,2025-12-01,19,12,0.387,609.0,52.3,50.8,5,18,30,51.0,52.0,609.0
56859,2026-01-01,6,25,0.806,1367.0,56.1,54.7,,,30,55.0,56.0,1367.0
56859,2026-02-01,28,0,0.0,0.0,78.1,,,,30,,78.0,0.0
56859,2026-03-01,31,0,0.0,0.0,90.9,,,,30,,91.0,0.0
56859,2026-04-01,30,0,0.0,0.0,92.9,,,,30,,93.0,0.0
56859,2026-05-01,31,0,0.0,0.0,94.3,,,,30,,94.0,0.0
56859,2026-06-01,15,15,0.5,1493.0,98.6,99.5,4,45,30,100.0,99.0,1493.0
257097,2025-07-01,3,28,0.903,5194.0,185.6,185.5,14,28,30,186.0,186.0,5194.0
257097,2025-08-01,31,0,0.0,0.0,186.1,,,,30,,186.0,0.0
257097,2025-09-01,30,0,0.0,0.0,187.0,,,,30,,187.0,0.0
257097,2025-10-01,31,0,0.0,0.0,186.9,,,,30,,187.0,0.0
257097,2025-11-01,30,0,0.0,0.0,188.4,,,,30,,188.0,0.0
257097,2025-12-01,31,0,0.0,0.0,186.3,,,,30,,186.0,0.0
257097,2026-01-01,31,0,0.0,0.0,186.6,,,,30,,187.0,0.0
257097,2026-02-01,28,0,0.0,0.0,166.0,,,,38,,166.0,0.0
257097,2026-03-01,31,0,0.0,0.0,151.3,,,,90,,151.0,0.0
257097,2026-04-01,30,0,0.0,0.0,156.9,,,,85,,157.0,0.0
257097,2026-05-01,31,0,0.0,0.0,156.5,,,,60,,157.0,0.0
257097,2026-06-01,30,0,0.0,0.0,154.7,,,,60,,155.0,0.0
1087215,2025-07-01,31,0,0.0,0.0,300.1,,,,30,,300.0,0.0
1087215,2025-08-01,15,16,0.516,4641.0,295.6,290.1,59,14,30,290.0,296.0,4641.0
1087215,2025-09-01,0,30,1.0,8833.0,294.4,294.4,88,31,30,294.0,294.0,8833.0
1087215,2025-10-01,2,29,0.935,8939.0,308.2,308.2,,,30,308.0,308.0,8939.0
1087215,2025-11-01,30,0,0.0,0.0,312.6,,,,30,,313.0,0.0
1087215,2025-12-01,31,0,0.0,0.0,306.3,,,,30,,306.0,0.0
1087215,2026-01-01,31,0,0.0,0.0,329.1,,,,30,,329.0,0.0
1087215,2026-02-01,26,2,0.071,652.0,328.5,326.0,13,1,30,326.0,329.0,652.0
1087215,2026-03-01,7,24,0.774,7974.0,329.9,332.2,9,31,30,332.0,330.0,7974.0
1087215,2026-04-01,12,18,0.6,5922.0,329.3,329.0,43,3,30,329.0,329.0,5922.0
1087215,2026-05-01,1,30,0.968,9793.0,326.4,326.4,93,30,30,326.0,326.0,9793.0
1087215,2026-06-01,11,19,0.633,6156.0,322.4,324.0,37,7,30,324.0,322.0,6156.0
60611,2025-07-01,0,31,1.0,3710.0,119.7,119.7,,,30,120.0,120.0,3710.0
60611,2025-08-01,29,2,0.065,248.0,120.9,124.0,,,30,124.0,121.0,248.0
60611,2025-09-01,30,0,0.0,0.0,118.7,,,,30,,119.0,0.0
60611,2025-10-01,31,0,0.0,0.0,120.2,,,,30,,120.0,0.0
60611,2025-11-01,30,0,0.0,0.0,121.0,,,,30,,121.0,0.0
60611,2025-12-01,31,0,0.0,0.0,118.8,,,,30,,119.0,0.0
60611,2026-01-01,31,0,0.0,0.0,121.0,,,,30,,121.0,0.0
60611,2026-02-01,28,0,0.0,0.0,143.8,,,,30,,144.0,0.0
60611,2026-03-01,31,0,0.0,0.0,145.3,,,,30,,145.0,0.0
60611,2026-04-01,30,0,0.0,0.0,144.9,,,,30,,145.0,0.0
60611,2026-05-01,31,0,0.0,0.0,140.6,,,,30,,141.0,0.0
60611,2026-06-01,30,0,0.0,0.0,145.4,,,,30,,145.0,0.0
993575,2025-07-01,31,0,0.0,0.0,233.5,,,,30,,234.0,0.0
993575,2025-08-01,31,0,0.0,0.0,236.1,,,,30,,236.0,0.0
993575,2025-09-01,18,12,0.4,2816.0,235.3,234.7,1,17,30,235.0,235.0,2816.0
993575,2025-10-01,26,5,0.161,1179.0,231.5,235.8,,,30,236.0,232.0,1179.0
993575,2025-11-01,30,0,0.0,0.0,223.5,,,,30,,224.0,0.0
993575,2025-12-01,31,0,0.0,0.0,225.2,,,,30,,225.0,0.0
993575,2026-01-01,31,0,0.0,0.0,217.7,,,,30,,218.0,0.0
993575,2026-02-01,28,0,0.0,0.0,240.5,,,,30,,241.0,0.0
993575,2026-03-01,31,0,0.0,0.0,244.6,,,,30,,245.0,0.0
993575,2026-04-01,30,0,0.0,0.0,256.3,,,,30,,256.0,0.0
993575,2026-05-01,31,0,0.0,0.0,253.3,,,,30,,253.0,0.0
993575,2026-06-01,30,0,0.0,0.0,255.0,,,,30,,255.0,0.0
302309,2025-07-01,31,0,0.0,0.0,197.8,,,,30,,198.0,0.0
302309,2025-08-01,31,0,0.0,0.0,197.7,,,,30,,198.0,0.0
302309,2025-09-01,30,0,0.0,0.0,207.7,,,,30,,208.0,0.0
302309,2025-10-01,31,0,0.0,0.0,219.6,,,,30,,220.0,0.0
302309,2025-11-01,25,5,0.167,1055.0,210.3,211.0,132,45,30,211.0,210.0,1055.0
302309,2025-12-01,0,31,1.0,6500.0,209.7,209.7,,,30,210.0,210.0,6500.0
302309,2026-01-01,22,9,0.29,1931.0,212.5,214.6,,,30,215.0,213.0,1931.0
302309,2026-02-01,28,0,0.0,0.0,221.2,,,,30,,221.0,0.0
302309,2026-03-01,31,0,0.0,0.0,235.1,,,,30,,235.0,0.0
302309,2026-04-01,30,0,0.0,0.0,231.3,,,,30,,231.0,0.0
302309,2026-05-01,31,0,0.0,0.0,235.9,,,,30,,236.0,0.0
302309,2026-06-01,30,0,0.0,0.0,239.0,,,,30,,239.0,0.0
6990,2025-07-01,31,0,0.0,0.0,73.8,,,,30,,74.0,0.0
6990,2025-08-01,31,0,0.0,0.0,73.4,,,,30,,73.0,0.0
6990,2025-09-01,30,0,0.0,0.0,72.9,,,,30,,73.0,0.0
6990,2025-10-01,3,28,0.903,2058.0,73.5,73.5,105,22,30,74.0,74.0,2058.0
6990,2025-11-01,5,25,0.833,1748.0,70.3,69.9,113,12,30,70.0,70.0,1748.0
6990,2025-12-01,2,29,0.935,2060.0,71.1,71.0,44,35,30,71.0,71.0,2060.0
6990,2026-01-01,0,31,1.0,2423.0,78.2,78.2,19,31,30,78.0,78.0,2423.0
6990,2026-02-01,18,10,0.357,731.0,75.2,73.1,,,30,73.0,75.0,731.0
6990,2026-03-01,31,0,0.0,0.0,77.2,,,,30,,77.0,0.0
6990,2026-04-01,30,0,0.0,0.0,82.2,,,,30,,82.0,0.0
6990,2026-05-01,31,0,0.0,0.0,82.6,,,,30,,83.0,0.0
6990,2026-06-01,30,0,0.0,0.0,84.5,,,,30,,85.0,0.0
16338,2026-03-01,1,30,0.968,1723.0,57.4,57.4,,,,57.0,57.0,1723.0
16338,2026-04-01,0,30,1.0,1761.0,58.7,58.7,,,,59.0,59.0,1761.0
16338,2026-05-01,0,31,1.0,1878.0,60.6,60.6,,,,61.0,61.0,1878.0
16338,2026-06-01,4,26,0.867,1569.0,60.3,60.3,1,14,,60.0,60.0,1569.0
263888,2025-07-01,0,31,1.0,7819.0,252.2,252.2,,,30,252.0,252.0,7819.0
263888,2025-08-01,0,31,1.0,7608.0,245.4,245.4,75,33,30,245.0,245.0,7608.0
263888,2025-09-01,1,29,0.967,6357.0,219.3,219.2,142,87,30,219.0,219.0,6357.0
263888,2025-10-01,0,31,1.0,6553.0,211.4,211.4,,,30,211.0,211.0,6553.0
263888,2025-11-01,0,30,1.0,6223.0,207.4,207.4,,,30,207.0,207.0,6223.0
263888,2025-12-01,20,11,0.355,2155.0,189.5,195.9,181,5,30,196.0,190.0,2155.0
263888,2026-01-01,31,0,0.0,0.0,208.5,,,,30,,209.0,0.0
263888,2026-02-01,28,0,0.0,0.0,258.6,,,,30,,259.0,0.0
263888,2026-03-01,30,1,0.032,294.0,293.6,294.0,38,1,30,294.0,294.0,294.0
263888,2026-04-01,28,2,0.067,603.0,297.7,301.5,1,2,30,302.0,298.0,603.0
263888,2026-05-01,31,0,0.0,0.0,321.8,,,,30,,322.0,0.0
263888,2026-06-01,30,0,0.0,0.0,349.3,,,,30,,349.0,0.0
281851,2025-07-01,31,0,0.0,0.0,127.7,,,,30,,128.0,0.0
281851,2025-08-01,22,9,0.29,1059.0,123.5,117.7,43,9,30,118.0,124.0,1059.0
281851,2025-09-01,9,21,0.7,1962.0,93.6,93.4,1,27,30,93.0,94.0,1962.0
281851,2025-10-01,3,28,0.903,2881.0,103.9,102.9,1,28,30,103.0,104.0,2881.0
281851,2025-11-01,24,6,0.2,715.0,101.3,119.2,,,30,119.0,101.0,715.0
281851,2025-12-01,31,0,0.0,0.0,109.9,,,,30,,110.0,0.0
281851,2026-01-01,31,0,0.0,0.0,112.2,,,,30,,112.0,0.0
281851,2026-02-01,28,0,0.0,0.0,110.0,,,,30,,110.0,0.0
281851,2026-03-01,31,0,0.0,0.0,111.8,,,,30,,112.0,0.0
281851,2026-04-01,25,5,0.167,572.0,111.2,114.4,112,5,30,114.0,111.0,572.0
281851,2026-05-01,31,0,0.0,0.0,110.7,,,,30,,111.0,0.0
281851,2026-06-01,30,0,0.0,0.0,112.7,,,,30,,113.0,0.0
540057,2025-07-01,31,0,0.0,0.0,169.0,,,,30,,169.0,0.0
540057,2025-08-01,31,0,0.0,0.0,169.3,,,,30,,169.0,0.0
540057,2025-09-01,30,0,0.0,0.0,171.1,,,,30,,171.0,0.0
540057,2025-10-01,31,0,0.0,0.0,169.7,,,,30,,170.0,0.0
540057,2025-11-01,30,0,0.0,0.0,168.3,,,,30,,168.0,0.0
540057,2025-12-01,31,0,0.0,0.0,158.1,,,,30,,158.0,0.0
540057,2026-01-01,31,0,0.0,0.0,151.8,,,,30,,152.0,0.0
540057,2026-02-01,28,0,0.0,0.0,142.5,,,,30,,143.0,0.0
540057,2026-03-01,31,0,0.0,0.0,142.3,,,,30,,142.0,0.0
540057,2026-04-01,18,12,0.4,1740.0,145.1,145.0,9,12,30,145.0,145.0,1740.0
540057,2026-05-01,31,0,0.0,0.0,145.4,,,,30,,145.0,0.0
540057,2026-06-01,30,0,0.0,0.0,142.4,,,,30,,142.0,0.0
433414,2025-07-01,31,0,0.0,0.0,158.2,,,,30,,158.0,0.0
433414,2025-08-01,17,14,0.452,2163.0,155.3,154.5,110,14,30,155.0,155.0,2163.0
433414,2025-09-01,0,30,1.0,4718.0,157.3,157.3,125,30,30,157.0,157.0,4718.0
433414,2025-10-01,10,21,0.677,3274.0,156.5,155.9,195,35,30,156.0,157.0,3274.0
433414,2025-11-01,2,28,0.933,4044.0,143.9,144.4,51,30,30,144.0,144.0,4044.0
433414,2025-12-01,14,17,0.548,2505.0,147.4,147.4,51,1,30,147.0,147.0,2505.0
433414,2026-01-01,0,31,1.0,4464.0,144.0,144.0,156,40,30,144.0,144.0,4464.0
433414,2026-02-01,19,9,0.321,1310.0,138.9,145.6,,,30,146.0,139.0,1310.0
433414,2026-03-01,14,17,0.548,2432.0,141.8,143.1,57,23,30,143.0,142.0,2432.0
433414,2026-04-01,0,30,1.0,4532.0,151.1,151.1,50,1,30,151.0,151.0,4532.0
433414,2026-05-01,1,30,0.968,4581.0,152.8,152.7,69,30,30,153.0,153.0,4581.0
433414,2026-06-01,30,0,0.0,0.0,152.1,,,,30,,152.0,0.0
552639,2025-07-01,2,29,0.935,7149.0,245.6,246.5,233,4,2,247.0,246.0,7149.0
552639,2025-08-01,0,31,1.0,7708.0,248.6,248.6,227,4,2,249.0,249.0,7708.0
552639,2025-09-01,2,28,0.933,7616.0,272.4,272.0,195,4,2,272.0,272.0,7616.0
552639,2025-10-01,1,30,0.968,7922.0,263.8,264.1,225,4,2,264.0,264.0,7922.0
552639,2025-11-01,3,27,0.9,7054.0,262.3,261.3,121,3,3,261.0,262.0,7054.0
552639,2025-12-01,0,31,1.0,7598.0,245.1,245.1,182,5,2,245.0,245.0,7598.0
552639,2026-01-01,3,28,0.903,5681.0,200.3,202.9,107,4,3,203.0,200.0,5681.0
552639,2026-02-01,6,22,0.786,4490.0,203.4,204.1,150,3,2,204.0,203.0,4490.0
552639,2026-03-01,3,28,0.903,6624.0,235.5,236.6,197,4,3,237.0,236.0,6624.0
552639,2026-04-01,6,24,0.8,6594.0,273.4,274.8,190,4,2,275.0,273.0,6594.0
552639,2026-05-01,2,29,0.935,8212.0,283.5,283.2,157,2,2,283.0,284.0,8212.0
552639,2026-06-01,4,26,0.867,7280.0,279.5,280.0,222,3,2,280.0,280.0,7280.0
188803,2025-07-01,31,0,0.0,0.0,126.7,,,,2,,127.0,0.0
188803,2025-08-01,31,0,0.0,0.0,126.6,,,,2,,127.0,0.0
188803,2025-09-01,12,18,0.6,2183.0,122.0,121.3,1,44,2,121.0,122.0,2183.0
188803,2025-10-01,5,26,0.839,2943.0,113.0,113.2,,,2,113.0,113.0,2943.0
188803,2025-11-01,30,0,0.0,0.0,121.6,,,,2,,122.0,0.0
188803,2025-12-01,31,0,0.0,0.0,126.3,,,,2,,126.0,0.0
188803,2026-01-01,31,0,0.0,0.0,126.0,,,,2,,126.0,0.0
188803,2026-02-01,28,0,0.0,0.0,139.3,,,,2,,139.0,0.0
188803,2026-03-01,31,0,0.0,0.0,137.3,,,,2,,137.0,0.0
188803,2026-04-01,30,0,0.0,0.0,143.0,,,,2,,143.0,0.0
188803,2026-05-01,31,0,0.0,0.0,148.2,,,,2,,148.0,0.0
188803,2026-06-01,30,0,0.0,0.0,220.4,,,,2,,220.0,0.0
1361017,2025-07-01,16,15,0.484,2043.0,138.4,136.2,91,30,30,136.0,138.0,2043.0
1361017,2025-08-01,1,30,0.968,3814.0,127.3,127.1,57,15,30,127.0,127.0,3814.0
1361017,2025-09-01,23,7,0.233,945.0,132.2,135.0,36,22,30,135.0,132.0,945.0
1361017,2025-10-01,16,15,0.484,2029.0,137.9,135.3,,,30,135.0,138.0,2029.0
1361017,2025-11-01,30,0,0.0,0.0,141.7,,,,30,,142.0,0.0
1361017,2025-12-01,31,0,0.0,0.0,142.8,,,,30,,143.0,0.0
1361017,2026-01-01,31,0,0.0,0.0,139.4,,,,30,,139.0,0.0
848718,2025-07-01,4,27,0.871,4865.0,178.4,180.2,46,9,4,180.0,178.0,4865.0
848718,2025-08-01,10,21,0.677,3762.0,175.8,179.1,54,7,4,179.0,176.0,3762.0
848718,2025-09-01,3,27,0.9,4792.0,177.3,177.5,99,6,4,178.0,177.0,4792.0
848718,2025-10-01,0,31,1.0,5052.0,163.0,163.0,92,4,4,163.0,163.0,5052.0
848718,2025-11-01,0,30,1.0,5254.0,175.1,175.1,19,5,4,175.0,175.0,5254.0
848718,2025-12-01,6,25,0.806,4410.0,176.6,176.4,80,4,4,176.0,177.0,4410.0
848718,2026-01-01,15,16,0.516,2763.0,171.0,172.7,3,4,4,173.0,171.0,2763.0
848718,2026-02-01,12,16,0.571,2939.0,186.3,183.7,3,3,4,184.0,186.0,2939.0
848718,2026-03-01,18,13,0.419,2699.0,205.3,207.6,15,8,4,208.0,205.0,2699.0
848718,2026-04-01,8,22,0.733,4652.0,211.6,211.5,14,6,4,212.0,212.0,4652.0
848718,2026-05-01,14,17,0.548,3559.0,211.2,209.4,41,4,4,209.0,211.0,3559.0
848718,2026-06-01,24,6,0.2,2037.0,311.3,339.5,19,6,4,340.0,311.0,2037.0
